,rssi,corr,theta,timestamp
0,"(52.229888916015625, 225.39822387695312, 510.0375061035156, 1129.9705810546875)","(-0.9152050614356995, -0.9150863289833069, 0.909826934337616, 0.9100835919380188)",-88.1,1765210766.1880991
1,"(50.570220947265625, 218.3056182861328, 470.041748046875, 1014.6732788085938)","(-0.9173169732093811, -0.9176009893417358, 0.9111968278884888, 0.9114044904708862)",-88.2,1765210766.398222
2,"(47.97494125366211, 229.30337524414062, 477.72784423828125, 1068.5970458984375)","(-0.9184126257896423, -0.918412446975708, 0.9129137396812439, 0.9136062264442444)",-88.2,1765210766.6164408
3,"(52.162109375, 227.2438201904297, 483.30859375, 1036.7568359375)","(-0.9205138087272644, -0.9210050702095032, 0.91439288854599, 0.9148281812667847)",-88.2,1765210766.831985
4,"(35.776512145996094, 210.51373291015625, 557.1494750976562, 749.9959106445312)","(-0.9222081303596497, -0.9219948053359985, 0.9162920713424683, 0.9162531495094299)",-88.2,1765210767.0497334
5,"(29.369548797607422, 209.130859375, 496.8653259277344, 686.8740234375)","(-0.9228956699371338, -0.9238985180854797, 0.917975664138794, 0.9889524579048157)",-88.2,1765210767.2664533
6,"(27.36465835571289, 205.3555908203125, 435.12445068359375, 694.2008056640625)","(-0.9249234199523926, -0.9252960085868835, 0.9195275902748108, 0.9197620749473572)",-88.2,1765210767.483766
7,"(42.5824089050293, 206.66864013671875, 541.7806396484375, 664.6947631835938)","(-0.9921950101852417, -0.9271801114082336, 0.9210764169692993, 0.9212209582328796)",-88.2,1765210767.6984975
8,"(33.916141510009766, 241.63671875, 510.84320068359375, 720.442138671875)","(-0.9284271001815796, -0.9281483292579651, 0.9228568077087402, 0.923020601272583)",-88.2,1765210767.916767
9,"(49.292518615722656, 236.46014404296875, 464.9918212890625, 704.3345947265625)","(-0.9299881458282471, -0.9294265508651733, 0.9246003031730652, 0.9244845509529114)",-88.2,1765210768.135115
10,"(38.90418243408203, 259.66534423828125, 520.08837890625, 571.1932373046875)","(-0.931577205657959, -0.9312655329704285, 0.9260011911392212, 0.9257835149765015)",-88.2,1765210768.350458
11,"(36.406524658203125, 210.53854370117188, 552.8350830078125, 589.8427734375)","(-0.9325547814369202, -0.9333579540252686, 0.9269686937332153, 0.927463173866272)",-88.2,1765210768.56837
12,"(33.9035530090332, 208.11050415039062, 477.3609619140625, 726.8953857421875)","(-0.9344334006309509, -0.9346112608909607, 0.9286003112792969, 0.9289133548736572)",-88.2,1765210768.783874
13,"(33.528446197509766, 239.45346069335938, 551.646240234375, 780.8016357421875)","(-0.9365176558494568, -0.9356459975242615, 0.930694580078125, 0.9310541152954102)",-88.2,1765210769.0020757
14,"(42.028106689453125, 234.91766357421875, 644.49609375, 725.761474609375)","(-0.9374610185623169, -0.9360091686248779, 0.9325381517410278, 0.932327151298523)",-88.2,1765210769.2199047
15,"(34.24608612060547, 239.54981994628906, 621.17138671875, 638.8782348632812)","(-0.9385253190994263, -0.9385685324668884, 0.9335257411003113, 0.9335452914237976)",-88.2,1765210769.43543
16,"(36.017574310302734, 240.2803955078125, 587.2603759765625, 643.6834716796875)","(-0.9405730366706848, -0.9401687383651733, 0.9346480965614319, 0.9347564578056335)",-88.2,1765210769.6544092
17,"(35.22739791870117, 236.9747314453125, 618.4464111328125, 634.9349365234375)","(-0.9411730170249939, -0.9412526488304138, 0.9361945390701294, 0.9365410804748535)",-88.2,1765210769.8690596
18,"(35.61252975463867, 249.93405151367188, 623.8367309570312, 677.1781005859375)","(-0.9431855082511902, -0.9435878396034241, 0.9374704957008362, 0.937279462814331)",-88.2,1765210770.0873446
19,"(34.60163879394531, 273.56402587890625, 601.6724243164062, 691.6217651367188)","(-0.945824384689331, -0.9447020292282104, 0.9393147826194763, 0.9386855363845825)",-88.2,1765210770.305095
20,"(40.727638244628906, 271.2776184082031, 599.4531860351562, 685.2447509765625)","(-0.9475469589233398, -0.9452603459358215, 0.9409700632095337, 0.9409013390541077)",-88.2,1765210770.5206091
21,"(37.44490432739258, 267.8046569824219, 595.633056640625, 679.7821044921875)","(-0.9476608037948608, -0.9457820653915405, 0.9425899386405945, 0.9426895380020142)",-88.2,1765210770.7384875
22,"(37.50841522216797, 238.82522583007812, 548.0432739257812, 710.6390991210938)","(-0.9483433961868286, -0.9476395845413208, 0.9429628252983093, 0.9434667825698853)",-88.2,1765210770.9551096
23,"(37.813079833984375, 225.8810272216797, 496.40179443359375, 650.5630493164062)","(-0.9494024515151978, -0.9490857720375061, 0.9442145824432373, 0.9441916942596436)",-88.2,1765210771.172244
24,"(40.43151092529297, 207.13294982910156, 517.1898193359375, 646.2942504882812)","(-0.9505840539932251, -0.9006015658378601, 0.9451634287834167, 0.9451363682746887)",-88.2,1765210771.38996
25,"(43.37510681152344, 229.13690185546875, 505.1168518066406, 672.8713989257812)","(-0.9017258286476135, -0.9028883576393127, 0.9465449452400208, 0.9464138150215149)",-88.2,1765210771.605466
26,"(46.8984260559082, 224.42147827148438, 517.7608642578125, 726.6448364257812)","(-0.9042407870292664, -0.9048176407814026, 0.9479823112487793, 0.9474331736564636)",-88.2,1765210771.8237555
27,"(48.07337188720703, 230.02464294433594, 509.9285888671875, 731.1555786132812)","(-0.9065636396408081, -0.9056937098503113, 0.9001004099845886, 0.9001156687736511)",-88.2,1765210772.0391283
28,"(40.34823226928711, 219.07748413085938, 539.122314453125, 741.7254638671875)","(-0.9081931710243225, -0.9070681929588318, 0.9019826650619507, 0.9016871452331543)",-88.2,1765210772.2569563
29,"(36.89594268798828, 222.90487670898438, 512.4410400390625, 763.378173828125)","(-0.9100882411003113, -0.90923011302948, 0.9035668969154358, 0.9031486511230469)",-88.2,1765210772.4752524
30,"(37.89739227294922, 211.9164581298828, 577.986572265625, 828.626953125)","(-0.9095197916030884, -0.9102112650871277, 0.9056981205940247, 0.9059426784515381)",-88.2,1765210772.6908286
31,"(55.92683410644531, 219.99960327148438, 553.0916748046875, 750.4750366210938)","(-0.9124367237091064, -0.9133261442184448, 0.9064667820930481, 0.9066251516342163)",-88.2,1765210772.9085133
32,"(45.35501480102539, 259.75616455078125, 563.5880126953125, 690.26123046875)","(-0.9143242835998535, -0.9148918986320496, 0.9086870551109314, 0.9085075855255127)",-88.2,1765210773.1240735
33,"(49.753578186035156, 259.8016052246094, 592.74951171875, 733.984130859375)","(-0.9159033894538879, -0.9153451323509216, 0.9108108878135681, 0.9107242822647095)",-88.2,1765210773.3424718
34,"(47.18688201904297, 220.97390747070312, 591.5699462890625, 705.9617919921875)","(-0.9173401594161987, -0.9181445837020874, 0.9708130955696106, 0.9120249152183533)",-88.2,1765210773.5605845
35,"(50.5926399230957, 218.8888702392578, 548.1576538085938, 722.183837890625)","(-0.9194425344467163, -0.9195418953895569, 0.9137619733810425, 0.913977324962616)",-88.2,1765210773.775577
36,"(47.88484191894531, 234.24107360839844, 543.5865478515625, 790.7840576171875)","(-0.9202048778533936, -0.9208273887634277, 0.9150778651237488, 0.9154043793678284)",-88.2,1765210773.9939258
37,"(59.423221588134766, 229.81036376953125, 540.8638305664062, 726.5416870117188)","(-0.9229187965393066, -0.9230439066886902, 0.9169807434082031, 0.9169781804084778)",-88.2,1765210774.2093172
38,"(61.857337951660156, 238.76527404785156, 557.9058837890625, 742.24267578125)","(-0.9249403476715088, -0.9248480200767517, 0.9186676144599915, 0.9188500046730042)",-88.2,1765210774.427245
39,"(60.5889778137207, 230.9154052734375, 544.7276611328125, 710.8216552734375)","(-0.9250625967979431, -0.9276720881462097, 0.9197555184364319, 0.9199811220169067)",-88.2,1765210774.6473188
40,"(58.53082275390625, 232.04824829101562, 559.7457885742188, 728.0950317382812)","(-0.9273920059204102, -0.9289422631263733, 0.9213060736656189, 0.9211034178733826)",-88.2,1765210774.8609214
41,"(53.98058319091797, 226.3211669921875, 575.0429077148438, 680.4119873046875)","(-0.9299863576889038, -0.9294202327728271, 0.9667431116104126, 0.9232813715934753)",-88.2,1765210775.0791976
42,"(53.51543426513672, 237.14083862304688, 554.003662109375, 727.3231201171875)","(-0.9294175505638123, -0.9311084151268005, 0.9240671396255493, 0.9252219200134277)",-88.2,1765210775.2942207
43,"(50.668087005615234, 222.25306701660156, 536.2676391601562, 705.3988037109375)","(-0.9327531456947327, -0.9320684671401978, 0.9265725612640381, 0.9264118671417236)",-88.2,1765210775.5141048
44,"(50.37995147705078, 223.29408264160156, 530.6878662109375, 714.4610595703125)","(-0.9333598613739014, -0.9324677586555481, 0.9279401302337646, 0.9284621477127075)",-88.2,1765210775.7279305
45,"(48.145912170410156, 219.3716278076172, 543.076904296875, 749.3087768554688)","(-0.9346497654914856, -0.9347331523895264, 0.9293239712715149, 0.9297305941581726)",-88.2,1765210775.945737
46,"(41.321651458740234, 197.67086791992188, 510.93255615234375, 726.1558227539062)","(-0.9361090660095215, -0.93697589635849, 0.9306424856185913, 0.9309053421020508)",-88.2,1765210776.1640975
47,"(51.387115478515625, 211.50729370117188, 512.537353515625, 715.9331665039062)","(-0.938873291015625, -0.9380056262016296, 0.9324510097503662, 0.9325745701789856)",-88.2,1765210776.3794734
48,"(41.571266174316406, 232.07931518554688, 515.4537963867188, 695.6185302734375)","(-0.9403253197669983, -0.9405049085617065, 0.9605711102485657, 0.9340454936027527)",-88.2,1765210776.59775
49,"(49.355712890625, 217.00970458984375, 479.45159912109375, 650.832275390625)","(-0.9421708583831787, -0.9426192045211792, 0.9355527758598328, 0.9351362586021423)",-88.2,1765210776.8127716
50,"(48.65129852294922, 218.39230346679688, 475.81207275390625, 682.2965698242188)","(-0.9437599182128906, -0.9426735043525696, 0.9373975992202759, 0.9368383884429932)",-88.2,1765210777.031052
51,"(48.53883743286133, 210.63858032226562, 462.3494873046875, 660.4202880859375)","(-0.9441990852355957, -0.9424465298652649, 0.9388442635536194, 0.9389171004295349)",-88.2,1765210777.2492552
52,"(48.17237091064453, 239.30502319335938, 518.9032592773438, 730.9059448242188)","(-0.9455443620681763, -0.9445284008979797, 0.9393411874771118, 0.9398337006568909)",-88.2,1765210777.4644678
53,"(49.45475387573242, 238.59454345703125, 539.0013427734375, 741.3739013671875)","(-0.9471225142478943, -0.9458612203598022, 0.9412766695022583, 0.9412682056427002)",-88.2,1765210777.6825676
54,"(48.80188751220703, 244.4754180908203, 566.4127197265625, 761.7254638671875)","(-0.9482598900794983, -0.9467915296554565, 0.9423885941505432, 0.9427201747894287)",-88.2,1765210777.8980865
55,"(43.815460205078125, 251.27255249023438, 571.7346801757812, 770.49853515625)","(-0.9493669271469116, -0.9482004642486572, 0.9525514841079712, 0.9439523816108704)",-88.2,1765210778.1162705
56,"(45.422367095947266, 232.46746826171875, 526.4052734375, 731.4014892578125)","(-0.9501110315322876, -0.949894368648529, 0.9443060159683228, 0.9449612498283386)",-88.2,1765210778.334242
57,"(47.52071762084961, 236.4075164794922, 525.706787109375, 722.2623291015625)","(-0.900356650352478, -0.951464056968689, 0.9456171989440918, 0.945805013179779)",-88.2,1765210778.5495799
58,"(43.861167907714844, 226.75802612304688, 542.6280517578125, 740.85107421875)","(-0.9021903872489929, -0.902629017829895, 0.94717937707901, 0.9471927881240845)",-88.2,1765210778.7678337
59,"(41.87541198730469, 227.7652587890625, 537.7430419921875, 746.4308471679688)","(-0.9048274755477905, -0.9049179553985596, 0.9483746886253357, 0.9485201835632324)",-88.2,1765210778.982965
60,"(43.19464111328125, 220.33984375, 522.5733642578125, 697.3985595703125)","(-0.905815064907074, -0.9066987037658691, 0.9003640413284302, 0.9006454944610596)",-88.2,1765210779.201133
61,"(41.86008071899414, 225.31637573242188, 522.1006469726562, 729.3919067382812)","(-0.9077993035316467, -0.9090494513511658, 0.902269721031189, 0.9022079110145569)",-88.2,1765210779.4193518
62,"(44.662109375, 227.9563446044922, 559.5089111328125, 760.7635498046875)","(-0.9094796180725098, -0.9108757972717285, 0.9437404274940491, 0.9037824869155884)",-88.2,1765210779.6416075
63,"(45.16413497924805, 226.86453247070312, 537.2876586914062, 741.4693603515625)","(-0.9123597145080566, -0.9116357564926147, 0.9061226844787598, 0.9060261249542236)",-88.2,1765210779.8527672
64,"(47.034847259521484, 240.93109130859375, 562.996337890625, 778.64794921875)","(-0.9143477082252502, -0.9587708711624146, 0.9083665609359741, 0.9084940552711487)",-88.1,1765210780.0693674
65,"(48.29131317138672, 246.09678649902344, 539.6978759765625, 761.060302734375)","(-0.915237545967102, -0.9165399074554443, 0.9094330072402954, 0.9090648889541626)",-87.7,1765210780.2864976
66,"(48.55473709106445, 243.7855224609375, 572.7951049804688, 735.7037353515625)","(-0.917859673500061, -0.916342556476593, 0.9115911722183228, 0.9109740257263184)",-87.4,1765210780.5015414
67,"(45.081581115722656, 244.98065185546875, 564.2955932617188, 747.3234252929688)","(-0.9196499586105347, -0.918182373046875, 0.9134150147438049, 0.9132393002510071)",-87.4,1765210780.7197607
68,"(44.63842010498047, 242.3062744140625, 542.8761596679688, 742.7823486328125)","(-0.9190663695335388, -0.9221932888031006, 0.9138411283493042, 0.9138126373291016)",-87.2,1765210780.9380176
69,"(46.01493835449219, 245.99322509765625, 573.3997802734375, 765.1954345703125)","(-0.921555757522583, -0.9237725734710693, 0.934326171875, 0.9152697324752808)",-87.1,1765210781.1535866
70,"(47.49205017089844, 242.4432373046875, 558.6424560546875, 751.734130859375)","(-0.9243776202201843, -0.9228938817977905, 0.9183232188224792, 0.9179259538650513)",-86.8,1765210781.3713796
71,"(48.440635681152344, 253.17745971679688, 535.7724609375, 794.4625854492188)","(-0.9253016114234924, -0.9691905379295349, 0.9196237921714783, 0.9194809198379517)",-86.6,1765210781.5869274
72,"(46.61207962036133, 242.75918579101562, 533.4132690429688, 793.3578491210938)","(-0.9263210892677307, -0.9285305142402649, 0.9203397631645203, 0.9200323224067688)",-86.6,1765210781.805077
73,"(49.112945556640625, 236.34530639648438, 544.7564697265625, 762.4708862304688)","(-0.9286667108535767, -0.9299245476722717, 0.922621488571167, 0.9224069714546204)",-86.6,1765210782.0229561
74,"(46.33244323730469, 236.0843505859375, 531.3831787109375, 778.7969970703125)","(-0.9285319447517395, -0.9314751625061035, 0.9232208132743835, 0.9228980541229248)",-86.6,1765210782.2383862
75,"(46.401123046875, 237.85763549804688, 525.226806640625, 767.5372314453125)","(-0.9320895075798035, -0.9304345846176147, 0.9258266091346741, 0.9256963729858398)",-86.6,1765210782.456552
76,"(49.13938522338867, 237.37522888183594, 546.01416015625, 748.748291015625)","(-0.9325829148292542, -0.9343945980072021, 0.9254416227340698, 0.9268531203269958)",-86.6,1765210782.672036
77,"(795.27587890625, 783.8363647460938, 773.4388427734375, 771.4047241210938)","(-0.935518205165863, -0.9355549216270447, 0.927801787853241, 0.9281898736953735)",-86.6,1765210782.9512196
78,"(48.243202209472656, 472.16436767578125, 787.9092407226562, 765.184814453125)","(-0.9357147216796875, -0.9525356292724609, 0.9301090240478516, 0.9306805729866028)",-86.6,1765210783.110404
79,"(49.73065948486328, 234.73880004882812, 519.9398193359375, 774.500732421875)","(-0.9381921291351318, -0.9381209015846252, 0.9316862225532532, 0.9319101572036743)",-86.6,1765210783.3236468
80,"(833.8345947265625, 835.2501220703125, 815.7615356445312, 796.076416015625)","(-0.9374527335166931, -0.937339723110199, 0.9338371753692627, 0.9328508973121643)",-86.6,1765210783.5888808
81,"(38.781612396240234, 220.69265747070312, 505.8904724121094, 827.2678833007812)","(-0.9395666122436523, -0.9412947297096252, 0.9343885779380798, 0.9340742826461792)",-86.6,1765210783.7569287
82,"(37.00992965698242, 223.85276794433594, 486.7215270996094, 815.837158203125)","(-0.9419416785240173, -0.9425352811813354, 0.9359201788902283, 0.9354130029678345)",-86.6,1765210783.9751546
83,"(33.64250183105469, 211.99981689453125, 502.68609619140625, 843.7203369140625)","(-0.9435163736343384, -0.9443601369857788, 0.9371029734611511, 0.9370079040527344)",-86.5,1765210784.1929593
84,"(60.50084686279297, 215.9508514404297, 511.28253173828125, 826.1856689453125)","(-0.9444728493690491, -0.946112334728241, 0.9387977719306946, 0.9379364848136902)",-86.5,1765210784.4084442
85,"(46.65950012207031, 201.71725463867188, 562.0003662109375, 926.78857421875)","(-0.9465239644050598, -0.9465730786323547, 0.9402942061424255, 0.9399505853652954)",-86.5,1765210784.6276164
86,"(24.79163360595703, 180.08282470703125, 332.6612548828125, 753.2246704101562)","(-0.9486339688301086, -0.948453426361084, 0.9416523575782776, 0.9414165616035461)",-86.5,1765210784.8422482
87,"(25.193477630615234, 148.39566040039062, 387.001708984375, 680.90576171875)","(-0.948468029499054, -0.9510352611541748, 0.9414511322975159, 0.9415147304534912)",-86.5,1765210785.060026
88,"(25.21390724182129, 156.55197143554688, 383.62017822265625, 669.4037475585938)","(-0.9478760957717896, -0.9487879872322083, 0.9426847100257874, 0.9427740573883057)",-86.5,1765210785.27828
89,"(5.269681453704834, 172.97756958007812, 381.31329345703125, 594.929931640625)","(-0.9493790864944458, -0.9501335024833679, 0.9444254040718079, 0.9442708492279053)",-86.5,1765210785.4947891
90,"(63.73463439941406, 218.59156799316406, 488.9035339355469, 853.0324096679688)","(-0.9013499617576599, -0.9016894698143005, 0.9464796781539917, 0.9466368556022644)",-86.5,1765210785.711625
91,"(26.428691864013672, 189.18174743652344, 600.1602172851562, 952.3050537109375)","(-0.9029877781867981, -0.9039690494537354, 0.9477264285087585, 0.9480245113372803)",-86.5,1765210785.927088
92,"(35.186004638671875, 209.39443969726562, 493.2216491699219, 922.35400390625)","(-0.9050712585449219, -0.9058569073677063, 0.9488705396652222, 0.9490716457366943)",-86.5,1765210786.1452441
93,"(41.609901428222656, 216.59527587890625, 553.6317138671875, 810.2877807617188)","(-0.9977102875709534, -0.9069783091545105, 0.9012889266014099, 0.901481568813324)",-86.5,1765210786.3607512
94,"(55.62702941894531, 206.34690856933594, 507.15899658203125, 795.493408203125)","(-0.9089796543121338, -0.909680962562561, 0.9028419852256775, 0.9028069972991943)",-86.5,1765210786.5786302
95,"(21.696609497070312, 227.74301147460938, 432.8397216796875, 745.9441528320312)","(-0.9101911783218384, -0.911721408367157, 0.904765248298645, 0.9046962857246399)",-86.5,1765210786.7968605
96,"(29.266849517822266, 218.6258544921875, 458.5687255859375, 779.902587890625)","(-0.9125608205795288, -0.9137123227119446, 0.9062746167182922, 0.906243622303009)",-85.5,1765210787.0138087
97,"(36.93622970581055, 217.02386474609375, 452.2400817871094, 801.7991943359375)","(-0.9141255021095276, -0.9158284664154053, 0.9082922339439392, 0.9081748723983765)",-84.9,1765210787.2301903
98,"(41.55792236328125, 207.5819091796875, 433.94110107421875, 793.0634765625)","(-0.9152033925056458, -0.9171189665794373, 0.9094572067260742, 0.9820584058761597)",-84.9,1765210787.4456549
99,"(45.99726104736328, 228.60321044921875, 470.93035888671875, 754.1915283203125)","(-0.9173458814620972, -0.9186215996742249, 0.9114867448806763, 0.9112408757209778)",-84.9,1765210787.6639507
100,"(53.69573211669922, 226.47169494628906, 505.5800476074219, 740.674560546875)","(-0.9867804050445557, -0.9203581809997559, 0.9126807451248169, 0.9128500819206238)",-84.9,1765210787.8816447
101,"(47.9371337890625, 230.8109130859375, 481.12579345703125, 766.6845703125)","(-0.9204524159431458, -0.920685887336731, 0.9148725867271423, 0.914925754070282)",-84.9,1765210788.1005113
102,"(43.60612106323242, 219.56201171875, 472.52203369140625, 763.4107666015625)","(-0.9217666387557983, -0.923505425453186, 0.9164877533912659, 0.9164836406707764)",-84.9,1765210788.3154893
103,"(40.716190338134766, 238.72225952148438, 453.626220703125, 769.9152221679688)","(-0.9232617616653442, -0.924996554851532, 0.9179708361625671, 0.9182546138763428)",-84.9,1765210788.5309186
104,"(40.5627326965332, 219.36227416992188, 476.6651306152344, 881.8552856445312)","(-0.9252831339836121, -0.9260432124137878, 0.9196948409080505, 0.9198041558265686)",-84.9,1765210788.7497408
105,"(40.390655517578125, 202.23255920410156, 419.5848388671875, 839.687744140625)","(-0.9269438982009888, -0.9284279346466064, 0.9212476015090942, 0.9864493012428284)",-84.9,1765210788.9669483
106,"(41.54371643066406, 247.69029235839844, 477.5946044921875, 731.20703125)","(-0.9282092452049255, -0.9299210906028748, 0.9224455952644348, 0.9226987957954407)",-84.9,1765210789.1824775
107,"(50.865806579589844, 257.21014404296875, 498.6150207519531, 832.5546875)","(-0.9913823008537292, -0.9318877458572388, 0.9243872165679932, 0.9242351651191711)",-84.9,1765210789.4002824
108,"(50.70530700683594, 245.0712432861328, 481.15325927734375, 799.4599609375)","(-0.9303712844848633, -0.9330626726150513, 0.9254499077796936, 0.9251850843429565)",-84.9,1765210789.6158178
109,"(47.040340423583984, 235.98635864257812, 462.5260314941406, 827.4642333984375)","(-0.9329468607902527, -0.9335209727287292, 0.9272899031639099, 0.9274745583534241)",-84.9,1765210789.8371387
110,"(40.91497039794922, 223.51358032226562, 415.1094665527344, 776.2921142578125)","(-0.9345080256462097, -0.9362174868583679, 0.929076075553894, 0.9290794134140015)",-84.9,1765210790.052251
111,"(41.84819030761719, 239.8181610107422, 443.5460205078125, 804.8319091796875)","(-0.9353762865066528, -0.9375150799751282, 0.9299998879432678, 0.9298179149627686)",-84.9,1765210790.267269
112,"(41.92942428588867, 244.31158447265625, 479.4705810546875, 851.8789672851562)","(-0.9367801547050476, -0.9390441179275513, 0.9318801164627075, 0.989033043384552)",-84.9,1765210790.4855537
113,"(45.86221694946289, 246.0627899169922, 476.5436096191406, 860.837158203125)","(-0.9384824633598328, -0.9396259784698486, 0.9330381155014038, 0.9327890872955322)",-84.9,1765210790.701025
114,"(45.89097595214844, 246.5042724609375, 475.1881103515625, 830.846923828125)","(-0.9949756264686584, -0.9412190914154053, 0.9348443746566772, 0.9348810911178589)",-84.9,1765210790.9188743
115,"(39.98892593383789, 239.94241333007812, 469.9777526855469, 813.008544921875)","(-0.9417094588279724, -0.943328857421875, 0.9364814758300781, 0.9363048076629639)",-84.9,1765210791.1371002
116,"(35.64356231689453, 250.61248779296875, 502.7696228027344, 858.4208374023438)","(-0.9417631030082703, -0.9445803761482239, 0.9367609024047852, 0.9367731809616089)",-84.9,1765210791.35267
117,"(30.587596893310547, 232.32113647460938, 470.0469970703125, 793.5736083984375)","(-0.9439458250999451, -0.9455649852752686, 0.9388057589530945, 0.9389204382896423)",-84.9,1765210791.5708776
118,"(32.94631576538086, 238.44476318359375, 457.91497802734375, 776.3834228515625)","(-0.945229709148407, -0.9467835426330566, 0.9401527643203735, 0.9403483867645264)",-84.9,1765210791.7887018
119,"(37.71281433105469, 224.47225952148438, 449.8369445800781, 804.6911010742188)","(-0.9468198418617249, -0.948177695274353, 0.9418039917945862, 0.9916419386863708)",-84.9,1765210792.006019
120,"(45.272117614746094, 239.2740478515625, 445.7149658203125, 786.3363647460938)","(-0.9491539001464844, -0.9498903155326843, 0.9433794617652893, 0.9431719183921814)",-84.9,1765210792.2224295
121,"(37.24257278442383, 254.92776489257812, 506.5968933105469, 777.1495361328125)","(-0.9941814541816711, -0.9002571105957031, 0.9438662528991699, 0.9435396194458008)",-84.9,1765210792.4376094
122,"(30.835193634033203, 233.36573791503906, 484.5592041015625, 732.2891845703125)","(-0.9502516984939575, -0.9009984135627747, 0.9451208114624023, 0.9449653029441833)",-84.9,1765210792.6556714
123,"(31.72639274597168, 249.43161010742188, 501.21826171875, 752.9734497070312)","(-0.9012652039527893, -0.9032170176506042, 0.9468209743499756, 0.9469044208526611)",-84.9,1765210792.87264
124,"(32.9130744934082, 250.30142211914062, 477.0656433105469, 754.7824096679688)","(-0.9035438895225525, -0.9047289490699768, 0.9479973316192627, 0.9481420516967773)",-84.9,1765210793.093035
125,"(37.88789367675781, 234.8531494140625, 441.27105712890625, 755.2103271484375)","(-0.9053820967674255, -0.9066230058670044, 0.9000309109687805, 0.9002520442008972)",-84.9,1765210793.3044589
126,"(36.2821044921875, 225.606689453125, 444.2574462890625, 847.56396484375)","(-0.9069085717201233, -0.9088536500930786, 0.9019131660461426, 0.993284285068512)",-84.9,1765210793.522787
127,"(36.172298431396484, 216.82269287109375, 430.84832763671875, 850.111083984375)","(-0.9090866446495056, -0.9097461104393005, 0.9040022492408752, 0.9040911197662354)",-84.9,1765210793.7409487
128,"(37.8858642578125, 219.70166015625, 435.6275329589844, 898.0152587890625)","(-0.997413694858551, -0.9116043448448181, 0.9052309989929199, 0.9054067134857178)",-84.3,1765210793.956109
129,"(39.34029006958008, 205.71588134765625, 417.53369140625, 856.3209228515625)","(-0.9127588868141174, -0.9132807850837708, 0.9069153666496277, 0.9071024060249329)",-84.1,1765210794.1744573
130,"(41.23369216918945, 194.4847412109375, 411.69549560546875, 885.9697875976562)","(-0.9141774773597717, -0.9157595038414001, 0.9085755348205566, 0.9089698791503906)",-84.1,1765210794.3898199
131,"(39.07420349121094, 189.85125732421875, 426.1507873535156, 871.2318115234375)","(-0.9157775044441223, -0.9177913665771484, 0.9105225801467896, 0.9103286266326904)",-84.0,1765210794.6080563
132,"(39.253578186035156, 187.96067810058594, 438.32379150390625, 838.159423828125)","(-0.9169888496398926, -0.9192941188812256, 0.912045955657959, 0.9119776487350464)",-84.0,1765210794.8259091
133,"(41.10092544555664, 203.04519653320312, 460.3194580078125, 895.5852661132812)","(-0.9190422892570496, -0.9207963347434998, 0.9137647151947021, 0.9933775663375854)",-84.0,1765210795.041235
134,"(39.61177062988281, 200.14089965820312, 453.897216796875, 901.03564453125)","(-0.9208881258964539, -0.9218384027481079, 0.9153578281402588, 0.9153180718421936)",-84.0,1765210795.2596388
135,"(42.94843292236328, 204.95364379882812, 473.97052001953125, 838.2318115234375)","(-0.9985483288764954, -0.9236244559288025, 0.9171654582023621, 0.9171319603919983)",-84.0,1765210795.4747775
136,"(40.29802703857422, 197.9366455078125, 465.430908203125, 881.4417114257812)","(-0.9240450859069824, -0.9249867796897888, 0.9186573624610901, 0.918419599533081)",-84.0,1765210795.6928325
137,"(41.61065673828125, 205.00335693359375, 454.0355224609375, 857.6734008789062)","(-0.9254618883132935, -0.9271697998046875, 0.9204127192497253, 0.9206499457359314)",-84.0,1765210795.911159
138,"(40.87896728515625, 199.30435180664062, 470.5234375, 884.9942626953125)","(-0.9275392889976501, -0.9278820157051086, 0.9219616055488586, 0.9222328662872314)",-84.0,1765210796.126595
139,"(41.10594940185547, 200.38424682617188, 476.50885009765625, 851.8773803710938)","(-0.9288678765296936, -0.9298353791236877, 0.9234247803688049, 0.9232186675071716)",-84.0,1765210796.3444304
140,"(40.827186584472656, 190.84359741210938, 474.30975341796875, 872.2071533203125)","(-0.9296417236328125, -0.932147204875946, 0.9250678420066833, 0.99394690990448)",-84.0,1765210796.559926
141,"(42.1069221496582, 201.18878173828125, 474.87713623046875, 835.5772705078125)","(-0.9316759705543518, -0.9333245158195496, 0.9265919327735901, 0.9267398118972778)",-84.0,1765210796.778162
142,"(41.64626693725586, 186.39907836914062, 489.3652038574219, 822.5707397460938)","(-0.932796061038971, -0.9350431561470032, 0.9279670715332031, 0.9280972480773926)",-84.0,1765210796.9959753
143,"(40.07573318481445, 200.025634765625, 490.8823547363281, 820.4555053710938)","(-0.9347366094589233, -0.936369001865387, 0.9295110702514648, 0.9296537041664124)",-84.0,1765210797.2114837
144,"(34.36296844482422, 208.8335723876953, 486.8286437988281, 860.7352905273438)","(-0.9363892674446106, -0.9373078346252441, 0.9309012293815613, 0.9312570095062256)",-84.0,1765210797.4296684
145,"(44.8500862121582, 234.81304931640625, 463.7436218261719, 829.9950561523438)","(-0.9378235936164856, -0.9391916394233704, 0.9325445294380188, 0.9327762722969055)",-84.0,1765210797.645231
146,"(51.68430709838867, 248.77645874023438, 457.1046447753906, 826.692138671875)","(-0.9396637678146362, -0.9399634599685669, 0.9338904619216919, 0.9341031908988953)",-84.0,1765210797.8632004
147,"(51.723175048828125, 271.9680480957031, 449.22705078125, 925.9683837890625)","(-0.9409078359603882, -0.9420412182807922, 0.9349560141563416, 0.9352532029151917)",-84.0,1765210798.0812593
148,"(62.428749084472656, 258.21661376953125, 472.9424133300781, 897.510986328125)","(-0.9424636363983154, -0.9429153203964233, 0.9366772770881653, 0.9367457032203674)",-84.0,1765210798.2966495
149,"(68.0042495727539, 222.51654052734375, 490.49237060546875, 897.4234008789062)","(-0.9435900449752808, -0.9446308016777039, 0.9378654360771179, 0.9377554655075073)",-84.0,1765210798.5147176
150,"(69.76165008544922, 224.49209594726562, 490.367919921875, 847.15869140625)","(-0.9445666670799255, -0.9460113644599915, 0.9394525289535522, 0.9398133158683777)",-84.0,1765210798.7302098
151,"(70.8396224975586, 239.78639221191406, 503.676513671875, 879.5877685546875)","(-0.9468284249305725, -0.9476110935211182, 0.9412210583686829, 0.9409365057945251)",-84.0,1765210798.9482744
152,"(45.484657287597656, 238.8702392578125, 467.4151611328125, 892.1824951171875)","(-0.9466893076896667, -0.9487407207489014, 0.941586971282959, 0.9414905905723572)",-84.0,1765210799.164136
153,"(47.263427734375, 243.890625, 432.9757385253906, 859.926025390625)","(-0.9485559463500977, -0.9504982233047485, 0.9436610341072083, 0.9438351392745972)",-84.0,1765210799.3843806
154,"(43.76396179199219, 197.10659790039062, 416.8973388671875, 909.7029418945312)","(-0.9512531161308289, -0.9507009983062744, 0.9448381066322327, 0.9448130130767822)",-84.0,1765210799.5998237
155,"(34.2762565612793, 239.4182891845703, 465.77264404296875, 918.677978515625)","(-0.9007346034049988, -0.9016581177711487, 0.9453948736190796, 0.9456060528755188)",-84.0,1765210799.8153632
156,"(32.4158935546875, 226.39373779296875, 464.95916748046875, 961.034423828125)","(-0.9027253985404968, -0.9040626883506775, 0.947188138961792, 0.9472990036010742)",-84.0,1765210800.0331817
157,"(40.234580993652344, 226.34573364257812, 462.7703857421875, 942.71142578125)","(-0.9050412774085999, -0.9811691045761108, 0.9485037326812744, 0.9487581253051758)",-84.0,1765210800.2486436
158,"(46.400856018066406, 215.1756591796875, 489.4331359863281, 935.915771484375)","(-0.9068735241889954, -0.9074715971946716, 0.9011268019676208, 0.9011630415916443)",-84.0,1765210800.4669025
159,"(48.626853942871094, 206.04168701171875, 528.5765380859375, 927.4918212890625)","(-0.9090997576713562, -0.9092010259628296, 0.902999997138977, 0.903037965297699)",-84.0,1765210800.685289
160,"(49.05487060546875, 216.191650390625, 472.6698303222656, 1002.2125854492188)","(-0.9104244112968445, -0.9104301929473877, 0.9044449329376221, 0.904739260673523)",-82.4,1765210800.9029624
161,"(49.14991760253906, 216.21719360351562, 441.54144287109375, 1033.035400390625)","(-0.9119520783424377, -0.9124633073806763, 0.9059022068977356, 0.9060624837875366)",-82.2,1765210801.1185346
162,"(47.91542053222656, 219.67974853515625, 447.19091796875, 977.1341552734375)","(-0.9138361811637878, -0.9144535064697266, 0.9408096671104431, 0.907853364944458)",-82.2,1765210801.3353517
163,"(45.51756286621094, 214.45648193359375, 422.95635986328125, 1069.81201171875)","(-0.9151760935783386, -0.9160237908363342, 0.9096330404281616, 0.9095051288604736)",-82.2,1765210801.551758
164,"(45.9920654296875, 229.05459594726562, 395.3443908691406, 1065.8291015625)","(-0.9168859720230103, -0.9179449081420898, 0.9111409783363342, 0.9113205671310425)",-82.2,1765210801.7699888
165,"(46.90876007080078, 215.6280975341797, 427.38629150390625, 1049.878173828125)","(-0.9184182286262512, -0.9194796681404114, 0.912848174571991, 0.9130146503448486)",-82.2,1765210801.9854903
166,"(47.07087326049805, 216.57089233398438, 421.38397216796875, 1016.6820068359375)","(-0.9201734066009521, -0.9218869805335999, 0.9147874116897583, 0.9149487614631653)",-82.2,1765210802.2033582
167,"(43.50084686279297, 209.93267822265625, 408.61346435546875, 917.5509033203125)","(-0.9227497577667236, -0.9235439300537109, 0.9167351722717285, 0.9168047308921814)",-82.2,1765210802.418779
168,"(47.844215393066406, 219.50108337402344, 411.3218688964844, 950.693359375)","(-0.9236295819282532, -0.9239630103111267, 0.9179143905639648, 0.9180853366851807)",-82.2,1765210802.637011
169,"(43.077857971191406, 205.47787475585938, 433.56414794921875, 960.8919677734375)","(-0.9246581196784973, -0.9259953498840332, 0.9870066046714783, 0.9194815158843994)",-82.2,1765210802.8553252
170,"(44.08831024169922, 214.3758544921875, 404.17901611328125, 989.55029296875)","(-0.9266818165779114, -0.9286372065544128, 0.9213332533836365, 0.9214081764221191)",-82.2,1765210803.071452
171,"(411.1680908203125, 916.2742919921875, 1018.5779418945312, 979.6181030273438)","(-0.928309977054596, -0.9329253435134888, 0.9226075410842896, 0.9227455258369446)",-82.2,1765210803.3346186
172,"(47.27666091918945, 222.4542694091797, 412.42742919921875, 1007.15673828125)","(-0.9299059510231018, -0.9309666752815247, 0.924068808555603, 0.9242401123046875)",-82.2,1765210803.5044045
173,"(43.43918228149414, 225.64588928222656, 418.5503234863281, 1054.222900390625)","(-0.9316980242729187, -0.9318369030952454, 0.9255635738372803, 0.9254958629608154)",-82.2,1765210803.7219958
174,"(44.71393585205078, 217.33987426757812, 397.6587829589844, 947.0355224609375)","(-0.9325127601623535, -0.9338619112968445, 0.9270782470703125, 0.9271482229232788)",-82.2,1765210803.9401238
175,"(47.11322784423828, 223.4209747314453, 428.73394775390625, 1032.170166015625)","(-0.9351037740707397, -0.9353273510932922, 0.929094672203064, 0.9290558695793152)",-82.2,1765210804.1566994
176,"(43.0887336730957, 210.360107421875, 445.29388427734375, 1066.818603515625)","(-0.9360558986663818, -0.9367530941963196, 0.9845602512359619, 0.9304127097129822)",-82.2,1765210804.373829
177,"(46.110225677490234, 229.8801727294922, 428.2944030761719, 1033.4625244140625)","(-0.9365327954292297, -0.9385457634925842, 0.9310637712478638, 0.9313235282897949)",-82.2,1765210804.5899682
178,"(46.20393371582031, 216.74058532714844, 410.69873046875, 1109.0782470703125)","(-0.9388578534126282, -0.9395292401313782, 0.9332361817359924, 0.9332935810089111)",-82.2,1765210804.8072262
179,"(48.152099609375, 205.16429138183594, 387.76007080078125, 993.3151245117188)","(-0.9406381845474243, -0.9416229128837585, 0.9344095587730408, 0.9344502091407776)",-82.2,1765210805.0300326
180,"(49.3210334777832, 222.66375732421875, 411.819580078125, 1105.136962890625)","(-0.9409019947052002, -0.9425541162490845, 0.9353630542755127, 0.9355190396308899)",-82.2,1765210805.240442
181,"(39.40872573852539, 221.2723388671875, 375.8607482910156, 1050.1297607421875)","(-0.9427921175956726, -0.9438932538032532, 0.9372060298919678, 0.9374217391014099)",-82.2,1765210805.458712
182,"(42.83332824707031, 223.21632385253906, 417.853759765625, 970.04931640625)","(-0.9444093704223633, -0.9453965425491333, 0.9384653568267822, 0.9383978843688965)",-82.2,1765210805.67432
183,"(41.344478607177734, 234.36375427246094, 446.39508056640625, 1014.22314453125)","(-0.9447019696235657, -0.9469035267829895, 0.9804806709289551, 0.9397776126861572)",-82.2,1765210805.8924537
184,"(39.784576416015625, 215.94155883789062, 415.3787536621094, 965.1286010742188)","(-0.9467231035232544, -0.9477604031562805, 0.9411214590072632, 0.9413213729858398)",-82.2,1765210806.107881
185,"(42.8026123046875, 232.41766357421875, 426.38165283203125, 967.1978759765625)","(-0.9487847089767456, -0.9497470855712891, 0.9426122903823853, 0.9425443410873413)",-82.2,1765210806.3257484
186,"(41.45201873779297, 227.68264770507812, 421.3695068359375, 976.6998291015625)","(-0.9486514925956726, -0.951622724533081, 0.9437937140464783, 0.9438914656639099)",-82.2,1765210806.5439906
187,"(40.78391647338867, 229.29396057128906, 428.90380859375, 1028.75439453125)","(-0.9002561569213867, -0.9011549353599548, 0.9446734189987183, 0.9448679089546204)",-82.2,1765210806.760901
188,"(38.69910430908203, 211.60536193847656, 402.07147216796875, 947.2335205078125)","(-0.9026617407798767, -0.9035052061080933, 0.9467434883117676, 0.9466326236724854)",-82.2,1765210806.9773052
189,"(39.637962341308594, 213.36314392089844, 386.3194274902344, 917.3786010742188)","(-0.9031796455383301, -0.9042998552322388, 0.9468827843666077, 0.9469611644744873)",-82.2,1765210807.1938572
190,"(40.14582061767578, 229.4901123046875, 427.4501037597656, 973.8484497070312)","(-0.9057850241661072, -0.9065011143684387, 0.9767104387283325, 0.900070071220398)",-82.2,1765210807.411036
191,"(39.351219177246094, 221.2017822265625, 408.98687744140625, 972.5892333984375)","(-0.9069560170173645, -0.9079198837280273, 0.9010685086250305, 0.9012167453765869)",-82.2,1765210807.6288207
192,"(44.49964904785156, 245.4266357421875, 381.79217529296875, 1091.0712890625)","(-0.911761462688446, -0.9126462936401367, 0.905142605304718, 0.9051963686943054)",-80.7,1765210808.062623
193,"(46.582305908203125, 257.3439025878906, 402.66143798828125, 1111.948486328125)","(-0.9146292209625244, -0.9148033857345581, 0.9072179198265076, 0.9067481160163879)",-80.7,1765210808.2776039
194,"(46.596107482910156, 253.99549865722656, 403.4949645996094, 1145.62890625)","(-0.9149620532989502, -0.9168814420700073, 0.9084983468055725, 0.9086825251579285)",-80.7,1765210808.4959383
195,"(44.28227233886719, 253.45123291015625, 393.89959716796875, 1139.8125)","(-0.9166737198829651, -0.9182913303375244, 0.9098817110061646, 0.9099547266960144)",-80.7,1765210808.714132
196,"(42.987342834472656, 251.3746337890625, 412.569091796875, 1155.8616943359375)","(-0.9176709651947021, -0.9191622734069824, 0.9710742831230164, 0.9113333225250244)",-80.7,1765210808.9296181
197,"(40.19245910644531, 233.7632598876953, 375.875244140625, 1058.758544921875)","(-0.9193417429924011, -0.9209750294685364, 0.9132018089294434, 0.9134889841079712)",-80.7,1765210809.1474352
198,"(38.59196853637695, 232.1870574951172, 364.873779296875, 1027.75830078125)","(-0.9212645292282104, -0.9232416152954102, 0.9148187637329102, 0.9148677587509155)",-80.7,1765210809.3629258
199,"(37.94575881958008, 226.65481567382812, 351.58258056640625, 999.350830078125)","(-0.9221118688583374, -0.9243436455726624, 0.9163147211074829, 0.9163402915000916)",-80.7,1765210809.5811663
200,"(43.47825241088867, 232.8360595703125, 369.66461181640625, 989.529296875)","(-0.9245584011077881, -0.9246723651885986, 0.918093204498291, 0.9182211756706238)",-80.7,1765210809.8017108
201,"(41.30693435668945, 236.63113403320312, 376.11395263671875, 1065.0692138671875)","(-0.9261407852172852, -0.9270514845848083, 0.9201921820640564, 0.9198771715164185)",-80.7,1765210810.0178077
202,"(42.46322250366211, 242.75119018554688, 372.137451171875, 1047.66015625)","(-0.9280630946159363, -0.9284805655479431, 0.9219545722007751, 0.9217020273208618)",-80.7,1765210810.232644
203,"(41.402793884277344, 240.5845947265625, 395.1970520019531, 1117.4874267578125)","(-0.9291818737983704, -0.9298450350761414, 0.9647921919822693, 0.9230762124061584)",-80.7,1765210810.448172
204,"(45.217010498046875, 240.45455932617188, 376.40521240234375, 1026.45654296875)","(-0.9309532046318054, -0.931696355342865, 0.9248610138893127, 0.9249323606491089)",-80.7,1765210810.6660757
205,"(42.98839569091797, 250.11033630371094, 377.103271484375, 1113.3175048828125)","(-0.9328427910804749, -0.9325195550918579, 0.9264996647834778, 0.9268099665641785)",-80.7,1765210810.8842614
206,"(41.38074493408203, 238.92642211914062, 379.377197265625, 1107.376708984375)","(-0.933703601360321, -0.9344003200531006, 0.9276862144470215, 0.9274328351020813)",-80.7,1765210811.0997303
207,"(43.49909973144531, 231.65528869628906, 373.99908447265625, 1039.4599609375)","(-0.93560791015625, -0.9361550807952881, 0.9295943975448608, 0.9295877814292908)",-80.7,1765210811.3175423
208,"(41.94774627685547, 230.46292114257812, 366.557373046875, 1036.330322265625)","(-0.935989499092102, -0.9371190071105957, 0.93038409948349, 0.9306733012199402)",-80.7,1765210811.5345027
209,"(40.1049919128418, 230.91851806640625, 363.26373291015625, 1060.8052978515625)","(-0.9374855160713196, -0.9397806525230408, 0.932608425617218, 0.9325230717658997)",-80.7,1765210811.7558293
210,"(41.94051742553711, 216.93218994140625, 371.2588195800781, 991.8971557617188)","(-0.9378513693809509, -0.9419018030166626, 0.934077799320221, 0.9342577457427979)",-80.7,1765210811.9675443
211,"(39.43951416015625, 218.5566864013672, 354.06268310546875, 998.8623046875)","(-0.9402067065238953, -0.9438798427581787, 0.935745358467102, 0.9356704354286194)",-80.7,1765210812.184712
212,"(38.609840393066406, 240.69406127929688, 352.46392822265625, 1031.74072265625)","(-0.9428157806396484, -0.9424079060554504, 0.9366170763969421, 0.9370253086090088)",-80.7,1765210812.4028397
213,"(41.022438049316406, 242.92864990234375, 370.9542236328125, 1052.235595703125)","(-0.9438257813453674, -0.9447287321090698, 0.9380308985710144, 0.938292384147644)",-80.7,1765210812.6183555
214,"(43.29546356201172, 250.60470581054688, 387.4154357910156, 1054.79638671875)","(-0.9451597332954407, -0.946779191493988, 0.9397723078727722, 0.9396626949310303)",-80.7,1765210812.8361604
215,"(42.65693664550781, 262.5457763671875, 373.75445556640625, 1151.5947265625)","(-0.9475696086883545, -0.9469394087791443, 0.9406890869140625, 0.9408437609672546)",-80.7,1765210813.0516758
216,"(41.496551513671875, 253.30328369140625, 380.6806640625, 1118.22509765625)","(-0.9484413266181946, -0.9479771852493286, 0.9420192837715149, 0.9418121576309204)",-80.7,1765210813.2699423
217,"(41.83827209472656, 235.09234619140625, 389.19769287109375, 1057.93798828125)","(-0.9489617943763733, -0.950061023235321, 0.9431540966033936, 0.9429984092712402)",-80.7,1765210813.4899554
218,"(39.24323272705078, 229.46792602539062, 362.01171875, 1033.802001953125)","(-0.9510205388069153, -0.9003934860229492, 0.9448922276496887, 0.9449270963668823)",-80.7,1765210813.7032385
219,"(39.87554931640625, 232.6385498046875, 360.8573303222656, 1035.004638671875)","(-0.9019668102264404, -0.9019415378570557, 0.9464346766471863, 0.9465593099594116)",-80.7,1765210813.9214034
220,"(42.16584014892578, 243.41531372070312, 386.87347412109375, 1000.88037109375)","(-0.9031429886817932, -0.9034432768821716, 0.9775456786155701, 0.9469587802886963)",-80.7,1765210814.136899
221,"(43.03028869628906, 248.78558349609375, 385.1865539550781, 1080.0850830078125)","(-0.9041154384613037, -0.9058235287666321, 0.9485549330711365, 0.9488128423690796)",-80.7,1765210814.3547132
222,"(39.646610260009766, 251.70970153808594, 358.2345886230469, 1132.859130859375)","(-0.9058183431625366, -0.9079337120056152, 0.900367021560669, 0.9005947709083557)",-80.7,1765210814.5779185
223,"(40.059234619140625, 231.2373046875, 353.61480712890625, 1062.27880859375)","(-0.9072504639625549, -0.9098187685012817, 0.902559220790863, 0.9027143120765686)",-80.7,1765210814.7885053
224,"(42.55679702758789, 243.28134155273438, 334.20654296875, 1184.968505859375)","(-0.9127360582351685, -0.9138036966323853, 0.9541771411895752, 0.9947546124458313)",-79.2,1765210815.2228363
225,"(42.365047454833984, 241.42828369140625, 325.2758483886719, 1134.580322265625)","(-0.913371741771698, -0.9157702922821045, 0.9081187844276428, 0.9083014726638794)",-79.2,1765210815.440058
226,"(48.32115173339844, 245.84503173828125, 351.18048095703125, 1094.0975341796875)","(-0.9621675610542297, -0.9164373874664307, 0.9095741510391235, 0.9097058773040771)",-79.2,1765210815.6578863
227,"(44.74794006347656, 262.1495666503906, 347.26715087890625, 1183.009521484375)","(-0.9172230362892151, -0.9169871807098389, 0.9106892943382263, 0.9107803702354431)",-79.2,1765210815.8735304
228,"(40.344879150390625, 270.93695068359375, 347.90478515625, 1211.316162109375)","(-0.9178956151008606, -0.9190675616264343, 0.9124690890312195, 0.9122214913368225)",-79.2,1765210816.0915895
229,"(41.17247772216797, 258.90753173828125, 328.3500671386719, 1161.700439453125)","(-0.9211245775222778, -0.9214213490486145, 0.9147295355796814, 0.9146571755409241)",-79.2,1765210816.307064
230,"(42.5306510925293, 260.78802490234375, 328.20330810546875, 1135.0406494140625)","(-0.9215657711029053, -0.9217492938041687, 0.9152171611785889, 0.91552734375)",-79.2,1765210816.5248585
231,"(39.74909591674805, 266.685791015625, 317.15362548828125, 1229.029296875)","(-0.9231448173522949, -0.9357872605323792, 0.9179273247718811, 0.960612416267395)",-79.2,1765210816.7431164
232,"(42.65100860595703, 253.72622680664062, 330.9693603515625, 1152.7733154296875)","(-0.9260039329528809, -0.9266100525856018, 0.9192995429039001, 0.9199487566947937)",-79.2,1765210816.9597054
233,"(48.729923248291016, 251.79339599609375, 352.7543029785156, 1159.6201171875)","(-0.9690220952033997, -0.9273104071617126, 0.9208179116249084, 0.9206840991973877)",-79.2,1765210817.1765237
234,"(43.91107940673828, 256.79644775390625, 343.9058837890625, 1208.8402099609375)","(-0.928095281124115, -0.9289931654930115, 0.9222244620323181, 0.9223561882972717)",-79.2,1765210817.3919823
235,"(47.821441650390625, 266.7776184082031, 350.59698486328125, 1174.7659912109375)","(-0.9300126433372498, -0.9310033917427063, 0.924000084400177, 0.9240021705627441)",-79.2,1765210817.6101735
236,"(41.90950393676758, 243.9710693359375, 321.0196533203125, 1134.086181640625)","(-0.9310168623924255, -0.931918740272522, 0.9254601001739502, 0.9254478216171265)",-79.2,1765210817.828382
237,"(42.785362243652344, 253.43328857421875, 330.2705078125, 1182.2574462890625)","(-0.9335365295410156, -0.9344319105148315, 0.9270812273025513, 0.9273243546485901)",-79.2,1765210818.0434988
238,"(42.818016052246094, 273.0726623535156, 323.31585693359375, 1227.168212890625)","(-0.9341570734977722, -0.9247501492500305, 0.9284995794296265, 0.9675983190536499)",-79.2,1765210818.2618454
239,"(46.99834442138672, 263.48309326171875, 348.495849609375, 1196.787353515625)","(-0.9352191686630249, -0.9370706677436829, 0.930256724357605, 0.9304531812667847)",-79.2,1765210818.4783156
240,"(45.20441436767578, 264.7277526855469, 348.1927185058594, 1215.03759765625)","(-0.9746208190917969, -0.9390888810157776, 0.9314508438110352, 0.9318515658378601)",-79.2,1765210818.695124
241,"(42.78001403808594, 248.6703643798828, 327.5496826171875, 1122.7393798828125)","(-0.9381186366081238, -0.9406945705413818, 0.9332979321479797, 0.9336240887641907)",-79.2,1765210818.9104831
242,"(42.467323303222656, 248.5190887451172, 330.2545166015625, 1134.933837890625)","(-0.9384620189666748, -0.9417856335639954, 0.934393584728241, 0.9350714087486267)",-79.2,1765210819.1288104
243,"(39.490211486816406, 236.11532592773438, 308.5999450683594, 1070.64697265625)","(-0.9406942129135132, -0.9438589811325073, 0.9360872507095337, 0.9367083311080933)",-79.2,1765210819.3470008
244,"(40.71132278442383, 252.9226531982422, 319.858642578125, 1125.6630859375)","(-0.9416075944900513, -0.9448552131652832, 0.9376770853996277, 0.9380055069923401)",-79.2,1765210819.562572
245,"(41.91474914550781, 255.65298461914062, 320.59417724609375, 1151.7188720703125)","(-0.9430765509605408, -0.9145721197128296, 0.9389572739601135, 0.9746693968772888)",-79.2,1765210819.7802813
246,"(43.39453887939453, 250.77630615234375, 310.0018615722656, 1097.4141845703125)","(-0.9444059133529663, -0.9457776546478271, 0.9391945004463196, 0.9394859075546265)",-79.2,1765210819.9957397
247,"(46.364524841308594, 267.020751953125, 341.969482421875, 1195.052001953125)","(-0.9807059168815613, -0.9477674961090088, 0.9410645365715027, 0.9413560628890991)",-79.2,1765210820.2135856
248,"(46.74028015136719, 268.7939453125, 344.457763671875, 1180.6688232421875)","(-0.9464260935783386, -0.9496414661407471, 0.9429209232330322, 0.9434459209442139)",-79.2,1765210820.4318376
249,"(47.00653839111328, 273.0052490234375, 357.8255615234375, 1241.8681640625)","(-0.9482678771018982, -0.9495185017585754, 0.9432634115219116, 0.9440741539001465)",-79.2,1765210820.647369
250,"(46.30638122558594, 271.75762939453125, 345.2830810546875, 1213.320068359375)","(-0.9494969248771667, -0.9014856219291687, 0.9458089470863342, 0.945613443851471)",-79.2,1765210820.8655763
251,"(46.58753967285156, 282.3726806640625, 356.7871398925781, 1203.065185546875)","(-0.9009813666343689, -0.903580904006958, 0.9469938278198242, 0.9474963545799255)",-79.2,1765210821.0806253
252,"(45.967342376708984, 275.9321594238281, 347.53839111328125, 1248.353271484375)","(-0.9033485651016235, -0.9020511507987976, 0.9479019641876221, 0.9793654084205627)",-79.2,1765210821.2988827
253,"(43.94845199584961, 260.84332275390625, 333.36358642578125, 1166.54541015625)","(-0.9057899713516235, -0.9070472121238708, 0.9493687748908997, 0.9002094864845276)",-79.2,1765210821.5171306
254,"(46.497711181640625, 279.8827209472656, 353.90948486328125, 1221.8232421875)","(-0.9850730895996094, -0.9094296097755432, 0.9018326997756958, 0.9021907448768616)",-79.2,1765210821.7321563
255,"(45.0035514831543, 277.4306945800781, 352.7811584472656, 1213.825439453125)","(-0.9085326194763184, -0.9112120866775513, 0.9034541845321655, 0.9039901494979858)",-79.2,1765210821.950539
256,"(47.49634552001953, 304.43450927734375, 294.78485107421875, 1397.1722412109375)","(-0.9118951559066772, -0.9133039116859436, 0.9066054821014404, 0.90732342004776)",-76.9,1765210822.3841581
257,"(45.066436767578125, 281.931640625, 278.64959716796875, 1312.173095703125)","(-0.9131078720092773, -0.9149081110954285, 0.9081265330314636, 0.9083827137947083)",-76.8,1765210822.6027548
258,"(45.305809020996094, 278.9539489746094, 273.83062744140625, 1341.68798828125)","(-0.9168497323989868, -0.9182189702987671, 0.9102784395217896, 0.9850702285766602)",-76.8,1765210822.8175168
259,"(43.578285217285156, 275.4810791015625, 265.594482421875, 1296.844970703125)","(-0.9180562496185303, -0.9201064705848694, 0.9124959707260132, 0.9129754900932312)",-76.8,1765210823.0357738
260,"(47.94231414794922, 282.9367370605469, 280.6649169921875, 1334.7568359375)","(-0.9858313798904419, -0.9202103018760681, 0.9137639999389648, 0.9146150946617126)",-76.8,1765210823.2507842
261,"(46.83734893798828, 272.9324035644531, 269.1624450683594, 1299.2392578125)","(-0.9198773503303528, -0.921189546585083, 0.9144620895385742, 0.9151325821876526)",-76.8,1765210823.470106
262,"(45.455787658691406, 279.91912841796875, 265.7373046875, 1333.61376953125)","(-0.9230059385299683, -0.9243091940879822, 0.9173876643180847, 0.9174035787582397)",-76.8,1765210823.6874547
263,"(46.25628662109375, 276.6976318359375, 270.114013671875, 1338.9471435546875)","(-0.9234278798103333, -0.9246076941490173, 0.9182730317115784, 0.9189774990081787)",-76.8,1765210823.9027393
264,"(46.38411331176758, 270.1797790527344, 270.5985107421875, 1299.38232421875)","(-0.9250831604003906, -0.9266332983970642, 0.9200904369354248, 0.9204003810882568)",-76.8,1765210824.120575
265,"(45.87028503417969, 277.6763610839844, 275.9585876464844, 1362.06982421875)","(-0.928096354007721, -0.929105818271637, 0.9220576882362366, 0.9876278638839722)",-76.8,1765210824.336024
266,"(46.38923263549805, 291.7013244628906, 269.85211181640625, 1300.4678955078125)","(-0.9301660060882568, -0.9307210445404053, 0.9235104322433472, 0.92375648021698)",-76.8,1765210824.5543196
267,"(51.842010498046875, 300.927734375, 289.73614501953125, 1285.949462890625)","(-0.993233859539032, -0.9319181442260742, 0.9249017238616943, 0.9247625470161438)",-76.8,1765210824.769343
268,"(318.66131591796875, 314.6976623535156, 283.9708251953125, 1339.11083984375)","(-0.9326401352882385, -0.9320066571235657, 0.92566978931427, 0.9258729815483093)",-76.8,1765210825.011676
269,"(48.260746002197266, 303.771240234375, 275.8700256347656, 1361.37744140625)","(-0.9330495595932007, -0.9336949586868286, 0.9274351000785828, 0.9274225234985352)",-76.8,1765210825.205885
270,"(50.23432159423828, 293.1712341308594, 278.0675354003906, 1351.688720703125)","(-0.9346659183502197, -0.9358003735542297, 0.9291464686393738, 0.9295129776000977)",-76.8,1765210825.421422
271,"(50.178627014160156, 287.8594970703125, 279.48419189453125, 1314.636962890625)","(-0.937350869178772, -0.9382972121238708, 0.9310410022735596, 0.9311097264289856)",-76.8,1765210825.6391685
272,"(50.7087516784668, 295.48455810546875, 261.1464538574219, 1337.8172607421875)","(-0.9365233182907104, -0.9385979175567627, 0.9325031638145447, 0.9330092072486877)",-76.8,1765210825.854673
273,"(53.036659240722656, 307.2615966796875, 279.8335876464844, 1332.6663818359375)","(-0.9401081800460815, -0.9401432275772095, 0.9334921836853027, 0.9333030581474304)",-76.8,1765210826.0740058
274,"(54.48512649536133, 298.681884765625, 295.8587951660156, 1365.7537841796875)","(-0.9416313171386719, -0.9421696662902832, 0.9353283047676086, 0.935398519039154)",-76.8,1765210826.2907782
275,"(50.33580017089844, 295.41033935546875, 285.46612548828125, 1373.82275390625)","(-0.9427180290222168, -0.9435754418373108, 0.9366678595542908, 0.9363865852355957)",-76.8,1765210826.5062695
276,"(48.14277648925781, 293.8379211425781, 277.8316345214844, 1370.7242431640625)","(-0.9449946284294128, -0.9456297755241394, 0.9381301403045654, 0.9382480978965759)",-76.8,1765210826.7244334
277,"(46.625518798828125, 282.87799072265625, 285.98004150390625, 1270.43212890625)","(-0.9463993906974792, -0.947457492351532, 0.9400793313980103, 0.9401491284370422)",-76.8,1765210826.9400113
278,"(47.316314697265625, 284.2580261230469, 275.21502685546875, 1273.78466796875)","(-0.9478502869606018, -0.9489785432815552, 0.9413774013519287, 0.9411016702651978)",-76.8,1765210827.1577413
279,"(45.43415832519531, 297.5242919921875, 262.9821472167969, 1315.760986328125)","(-0.9477339386940002, -0.9500449895858765, 0.9426264762878418, 0.9429458975791931)",-76.8,1765210827.3759732
280,"(46.758033752441406, 289.767578125, 268.47454833984375, 1281.607177734375)","(-0.9495002031326294, -0.9512972831726074, 0.9440582394599915, 0.944367527961731)",-76.8,1765210827.5915718
281,"(54.35021209716797, 313.0716552734375, 285.8795166015625, 1298.1357421875)","(-0.9495630264282227, -0.9498000741004944, 0.9435007572174072, 0.9437434077262878)",-76.8,1765210827.809318
282,"(50.40012741088867, 298.2818603515625, 287.8612060546875, 1436.765380859375)","(-0.9017979502677917, -0.9017306566238403, 0.9459937214851379, 0.9459500312805176)",-76.8,1765210828.0247824
283,"(53.00663757324219, 319.48883056640625, 292.3261413574219, 1350.32568359375)","(-0.902376651763916, -0.9031283259391785, 0.9463673233985901, 0.9464686512947083)",-76.8,1765210828.24302
284,"(58.338623046875, 317.6703186035156, 318.7186584472656, 1343.73974609375)","(-0.904867947101593, -0.9059959053993225, 0.948578953742981, 0.9488227963447571)",-76.8,1765210828.4608774
285,"(54.62128829956055, 324.5080261230469, 308.57135009765625, 1403.677490234375)","(-0.9075882434844971, -0.9076814651489258, 0.9010850191116333, 0.9008473753929138)",-76.8,1765210828.676989
286,"(50.07622528076172, 331.7585754394531, 308.4822082519531, 1438.980224609375)","(-0.9087039828300476, -0.9090473055839539, 0.902178168296814, 0.9025659561157227)",-76.8,1765210828.8979876
287,"(47.17814636230469, 309.322021484375, 289.7117004394531, 1401.7535400390625)","(-0.9107540845870972, -0.9107679724693298, 0.9038766026496887, 0.9040968418121338)",-76.8,1765210829.1101089
288,"(49.82677459716797, 324.7754821777344, 268.1852111816406, 1385.08349609375)","(-0.9125790596008301, -0.9123390316963196, 0.9056047201156616, 0.9058754444122314)",-75.5,1765210829.328002
289,"(50.393489837646484, 363.7095642089844, 238.28024291992188, 1563.182373046875)","(-0.9137741327285767, -0.9139846563339233, 0.9071241617202759, 0.9074282646179199)",-74.8,1765210829.5461693
290,"(52.97677993774414, 348.29034423828125, 250.4171142578125, 1583.733154296875)","(-0.9158278703689575, -0.9155539274215698, 0.9089803099632263, 0.9093922972679138)",-74.7,1765210829.7616744
291,"(55.34746551513672, 337.81329345703125, 262.4969177246094, 1615.54443359375)","(-0.9171684980392456, -0.9173765182495117, 0.9104224443435669, 0.9107117652893066)",-74.6,1765210829.9817085
292,"(55.32270431518555, 350.8341979980469, 251.01063537597656, 1516.9952392578125)","(-0.9196857213973999, -0.9193758368492126, 0.9124582409858704, 0.9128606915473938)",-74.6,1765210830.1964498
293,"(52.62255859375, 347.5416259765625, 256.452392578125, 1622.698974609375)","(-0.9205474853515625, -0.9201679825782776, 0.9137601852416992, 0.9138691425323486)",-74.6,1765210830.4131498
294,"(52.31239700317383, 337.48162841796875, 263.3472900390625, 1476.732421875)","(-0.9232295751571655, -0.9229050278663635, 0.993268609046936, 0.9157187938690186)",-74.6,1765210830.6337132
295,"(50.99403762817383, 348.2124938964844, 250.97964477539062, 1609.2099609375)","(-0.9235739707946777, -0.9234796166419983, 0.9170452356338501, 0.9171997904777527)",-74.6,1765210830.8492124
296,"(45.70045471191406, 350.30908203125, 230.24942016601562, 1600.655517578125)","(-0.9259503483772278, -0.9262096881866455, 0.919221043586731, 0.919409990310669)",-74.6,1765210831.0647066
297,"(46.768768310546875, 328.6242370605469, 232.15719604492188, 1481.23193359375)","(-0.9277647733688354, -0.9283711314201355, 0.921217679977417, 0.9215595126152039)",-74.6,1765210831.2802358
298,"(48.291770935058594, 326.1274108886719, 227.70452880859375, 1454.253662109375)","(-0.9267350435256958, -0.9284095764160156, 0.9226353764533997, 0.9233191013336182)",-74.6,1765210831.498094
299,"(50.91558074951172, 326.609619140625, 225.20364379882812, 1393.3629150390625)","(-0.9294663667678833, -0.9289839267730713, 0.9232140183448792, 0.9238883852958679)",-74.6,1765210831.7135231
300,"(54.506683349609375, 358.609375, 256.12066650390625, 1554.4676513671875)","(-0.9305199384689331, -0.9318669438362122, 0.9253688454627991, 0.9255479574203491)",-74.6,1765210831.9317741
301,"(49.77674865722656, 341.1571044921875, 267.37823486328125, 1529.8590087890625)","(-0.9325659275054932, -0.9325202107429504, 0.9928057193756104, 0.9270519614219666)",-74.6,1765210832.1499767
302,"(52.00859451293945, 348.1375732421875, 250.1240234375, 1559.8271484375)","(-0.9343393445014954, -0.9345218539237976, 0.9282997250556946, 0.9286960959434509)",-74.6,1765210832.3686943
303,"(53.66987609863281, 343.1652526855469, 243.75161743164062, 1539.4873046875)","(-0.9359227418899536, -0.9354705810546875, 0.9292211532592773, 0.9299501776695251)",-74.6,1765210832.5859153
304,"(55.57061767578125, 354.830810546875, 240.45362854003906, 1523.294189453125)","(-0.9384958744049072, -0.938066840171814, 0.931435763835907, 0.9314709901809692)",-74.6,1765210832.798769
305,"(56.255699157714844, 362.69683837890625, 254.79896545410156, 1658.11767578125)","(-0.9402247071266174, -0.9402186274528503, 0.933031439781189, 0.9331620931625366)",-74.6,1765210833.0165823
306,"(54.50715637207031, 355.8203125, 250.347900390625, 1575.3890380859375)","(-0.9398651123046875, -0.9404615759849548, 0.9345280528068542, 0.9352107048034668)",-74.6,1765210833.234837
307,"(57.807960510253906, 370.4105224609375, 266.37738037109375, 1657.223876953125)","(-0.9402905106544495, -0.9428607821464539, 0.9364532232284546, 0.9368900656700134)",-74.6,1765210833.4503675
308,"(53.9378776550293, 369.9444274902344, 267.6627197265625, 1665.111083984375)","(-0.9419419765472412, -0.9419678449630737, 0.9931493997573853, 0.9377464056015015)",-74.6,1765210833.6685903
309,"(51.97515869140625, 357.94073486328125, 255.23924255371094, 1550.0966796875)","(-0.9440207481384277, -0.9439605474472046, 0.9382820129394531, 0.938568115234375)",-74.6,1765210833.8838332
310,"(50.37710952758789, 346.00128173828125, 249.55288696289062, 1565.46240234375)","(-0.9446698427200317, -0.945509672164917, 0.9396705031394958, 0.9399703741073608)",-74.6,1765210834.1019914
311,"(47.23408508300781, 323.252685546875, 227.72454833984375, 1449.054443359375)","(-0.945283055305481, -0.9466469883918762, 0.9410459399223328, 0.9414612054824829)",-74.6,1765210834.3201632
312,"(51.72346115112305, 361.905517578125, 244.7724609375, 1529.3519287109375)","(-0.9490664601325989, -0.948940634727478, 0.9422752857208252, 0.9421705603599548)",-74.6,1765210834.5351903
313,"(51.38533020019531, 365.13128662109375, 257.3323974609375, 1576.260498046875)","(-0.9496905207633972, -0.9512640237808228, 0.9444184303283691, 0.9445652365684509)",-74.6,1765210834.753415
314,"(55.385902404785156, 374.77545166015625, 266.6433410644531, 1633.501953125)","(-0.9496026635169983, -0.9004741311073303, 0.9455431699752808, 0.9462708234786987)",-74.6,1765210834.9689145
315,"(53.3160514831543, 371.2898864746094, 266.33935546875, 1640.3807373046875)","(-0.9016017913818359, -0.9024494886398315, 0.9929619431495667, 0.9471812844276428)",-74.6,1765210835.1871517
316,"(50.86151885986328, 347.267578125, 249.66078186035156, 1560.382568359375)","(-0.9033058285713196, -0.9038859605789185, 0.9474239349365234, 0.9483093023300171)",-74.6,1765210835.4049625
317,"(52.00273895263672, 342.63983154296875, 245.3044891357422, 1564.078857421875)","(-0.9045655131340027, -0.9053509831428528, 0.9482861757278442, 0.9486972689628601)",-74.6,1765210835.6205122
318,"(47.49403381347656, 318.94171142578125, 231.64398193359375, 1507.6387939453125)","(-0.9071177840232849, -0.9082273244857788, 0.9014020562171936, 0.9015800356864929)",-74.6,1765210835.838693
319,"(48.49541091918945, 327.93511962890625, 227.88783264160156, 1489.712158203125)","(-0.9085548520088196, -0.9094918370246887, 0.9029805660247803, 0.903424084186554)",-74.6,1765210836.0549178
320,"(52.649330139160156, 351.38763427734375, 220.77288818359375, 1509.4189453125)","(-0.9106124639511108, -0.9099618196487427, 0.9041717648506165, 0.9047558307647705)",-73.5,1765210836.272498
321,"(53.35362243652344, 384.1349792480469, 218.66856384277344, 1658.67919921875)","(-0.9128835201263428, -0.9126396775245667, 0.9061590433120728, 0.9066692590713501)",-73.1,1765210836.490347
322,"(54.455055236816406, 393.115966796875, 229.77639770507812, 1725.3448486328125)","(-0.9147799611091614, -0.9147023558616638, 0.9902272820472717, 0.9085668921470642)",-72.9,1765210836.708193
323,"(54.841819763183594, 390.4582214355469, 218.18634033203125, 1707.43310546875)","(-0.9165738821029663, -0.9168252348899841, 0.9099796414375305, 0.9103526473045349)",-72.7,1765210836.9236662
324,"(57.296913146972656, 418.4153137207031, 225.62344360351562, 1791.3076171875)","(-0.9187006950378418, -0.9189774990081787, 0.9120286703109741, 0.9123412370681763)",-72.6,1765210837.1390495
325,"(55.241455078125, 416.0018615722656, 220.70565795898438, 1790.60009765625)","(-0.9199519157409668, -0.9205037951469421, 0.9138296842575073, 0.9139769673347473)",-72.5,1765210837.357351
326,"(53.601409912109375, 389.86285400390625, 219.59625244140625, 1728.08837890625)","(-0.9205893278121948, -0.9205724000930786, 0.9145674109458923, 0.9151544570922852)",-72.5,1765210837.5724423
327,"(52.4370002746582, 381.53558349609375, 208.6182098388672, 1678.92724609375)","(-0.9220540523529053, -0.9217826724052429, 0.916056752204895, 0.9164686799049377)",-72.5,1765210837.79069
328,"(53.1735954284668, 391.0835266113281, 203.96255493164062, 1684.5419921875)","(-0.9249768853187561, -0.924344539642334, 0.9176716208457947, 0.918074369430542)",-72.5,1765210838.0088556
329,"(54.247222900390625, 409.2669677734375, 226.35623168945312, 1789.97900390625)","(-0.9255316257476807, -0.9256341457366943, 0.9881173372268677, 0.9199385046958923)",-72.5,1765210838.225795
330,"(53.53241729736328, 377.72747802734375, 208.4410400390625, 1693.984130859375)","(-0.9269517660140991, -0.9271866083145142, 0.9210975766181946, 0.9216143488883972)",-72.5,1765210838.4458723
331,"(55.597900390625, 390.788818359375, 198.81439208984375, 1712.0029296875)","(-0.9289354681968689, -0.9285460710525513, 0.9223517775535583, 0.9229406714439392)",-72.5,1765210838.6578503
332,"(55.88030242919922, 405.3926086425781, 213.412353515625, 1742.5697021484375)","(-0.9306040406227112, -0.930745005607605, 0.924606442451477, 0.9246291518211365)",-72.5,1765210838.875872
333,"(55.6190185546875, 389.42327880859375, 217.742431640625, 1728.1358642578125)","(-0.9319813251495361, -0.9319080114364624, 0.9259625673294067, 0.9263834357261658)",-72.5,1765210839.0937216
334,"(54.569114685058594, 393.9184265136719, 213.27334594726562, 1713.8714599609375)","(-0.9337398409843445, -0.9335460066795349, 0.9274530410766602, 0.9279053807258606)",-72.5,1765210839.3092809
335,"(52.944358825683594, 382.71038818359375, 203.89491271972656, 1718.6446533203125)","(-0.9345816373825073, -0.9352861046791077, 0.9293362498283386, 0.9294557571411133)",-72.5,1765210839.5274026
336,"(54.062957763671875, 386.59051513671875, 211.80697631835938, 1626.96337890625)","(-0.9368663430213928, -0.9359350204467773, 0.9834929704666138, 0.9303667545318604)",-72.5,1765210839.743079
337,"(55.794525146484375, 399.73150634765625, 218.1268310546875, 1720.3675537109375)","(-0.9378649592399597, -0.9380245208740234, 0.9321500658988953, 0.9326034784317017)",-72.5,1765210839.9608092
338,"(52.7819938659668, 393.5803527832031, 202.8934326171875, 1751.416748046875)","(-0.9390704035758972, -0.9387971758842468, 0.9331414699554443, 0.9335412979125977)",-72.5,1765210840.1791415
339,"(54.330291748046875, 405.81280517578125, 213.23020935058594, 1728.574462890625)","(-0.9406259655952454, -0.9412737488746643, 0.9350621104240417, 0.9351433515548706)",-72.5,1765210840.3945682
340,"(55.111427307128906, 390.62725830078125, 213.97702026367188, 1726.264892578125)","(-0.9424749612808228, -0.9420617818832397, 0.935894787311554, 0.9361055493354797)",-72.5,1765210840.6123226
341,"(56.20236587524414, 408.52880859375, 217.96078491210938, 1824.8271484375)","(-0.9437540173530579, -0.9444766044616699, 0.9379287958145142, 0.9382425546646118)",-72.5,1765210840.8278747
342,"(53.918968200683594, 401.5095520019531, 211.86521911621094, 1787.888427734375)","(-0.9447212219238281, -0.9443738460540771, 0.9386768937110901, 0.9388089776039124)",-72.5,1765210841.046015
343,"(57.156681060791016, 377.91790771484375, 215.5520477294922, 1666.2061767578125)","(-0.9465885162353516, -0.9460994601249695, 0.9400203824043274, 0.9402903914451599)",-72.5,1765210841.2638328
344,"(57.232261657714844, 393.99053955078125, 214.35812377929688, 1729.891357421875)","(-0.9487139582633972, -0.9483650326728821, 0.941605806350708, 0.9417343735694885)",-72.5,1765210841.4793653
345,"(56.9427490234375, 420.1994934082031, 220.30934143066406, 1802.930908203125)","(-0.9496518969535828, -0.949906587600708, 0.9435522556304932, 0.943790078163147)",-72.5,1765210841.697636
346,"(57.66618347167969, 411.83233642578125, 217.23672485351562, 1819.88916015625)","(-0.9003696441650391, -0.9001316428184509, 0.9449294805526733, 0.9450564384460449)",-72.5,1765210841.9131289
347,"(58.74748992919922, 412.31597900390625, 224.68841552734375, 1813.193115234375)","(-0.9024235606193542, -0.9020946025848389, 0.9463198781013489, 0.946679413318634)",-72.5,1765210842.1309
348,"(56.091758728027344, 439.67669677734375, 215.59225463867188, 1911.5406494140625)","(-0.9026244878768921, -0.9026873111724854, 0.9470642805099487, 0.94800865650177)",-72.5,1765210842.3490975
349,"(56.18819046020508, 409.60162353515625, 215.4677734375, 1797.09521484375)","(-0.9045958518981934, -0.9044166803359985, 0.9483748078346252, 0.9486153721809387)",-72.5,1765210842.5646386
350,"(55.84778594970703, 371.819580078125, 216.94366455078125, 1758.283447265625)","(-0.9064160585403442, -0.9064696431159973, 0.9000375270843506, 0.9003527164459229)",-72.5,1765210842.7824945
351,"(52.147605895996094, 366.70245361328125, 203.33056640625, 1664.476806640625)","(-0.9087841510772705, -0.9085820317268372, 0.9021310210227966, 0.9024817943572998)",-72.5,1765210842.9990864
352,"(52.4963264465332, 380.9345703125, 194.73727416992188, 1701.2484130859375)","(-0.9109591841697693, -0.9109925031661987, 0.904068112373352, 0.9043489694595337)",-71.9,1765210843.2182493
353,"(54.060752868652344, 361.8243408203125, 199.3492431640625, 1620.85009765625)","(-0.9436032176017761, -0.9114183187484741, 0.9056687951087952, 0.9059117436408997)",-71.9,1765210843.431434
354,"(51.17906951904297, 379.44390869140625, 190.46153259277344, 1667.795654296875)","(-0.9131500124931335, -0.9135704040527344, 0.9074506163597107, 0.9079399108886719)",-71.9,1765210843.6495488
355,"(49.15805435180664, 399.63983154296875, 182.81021118164062, 1764.9896240234375)","(-0.915852427482605, -0.915969967842102, 0.909440279006958, 0.9095650911331177)",-71.9,1765210843.8677044
356,"(51.76655578613281, 386.8922119140625, 185.03472900390625, 1687.9365234375)","(-0.9163508415222168, -0.9164820313453674, 0.9106965065002441, 0.9112764596939087)",-71.9,1765210844.0833008
357,"(56.108768463134766, 416.6866455078125, 198.55531311035156, 1746.328125)","(-0.9185062646865845, -0.9182991981506348, 0.9119787216186523, 0.9124953746795654)",-71.8,1765210844.3010435
358,"(56.78044891357422, 437.0228271484375, 194.9131622314453, 1914.80322265625)","(-0.920742392539978, -0.972959041595459, 0.9136713743209839, 0.9138668179512024)",-71.8,1765210844.5167644
359,"(55.76329040527344, 389.62127685546875, 196.90249633789062, 1778.0213623046875)","(-0.9221635460853577, -0.9221449494361877, 0.9159792065620422, 0.9162336587905884)",-71.8,1765210844.7359982
360,"(57.99203109741211, 370.63104248046875, 204.22512817382812, 1691.4710693359375)","(-0.9235048294067383, -0.9239586591720581, 0.9174461364746094, 0.9178519248962402)",-71.8,1765210844.952579
361,"(60.04347229003906, 398.66900634765625, 199.44744873046875, 1745.46240234375)","(-0.9253904223442078, -0.9251953959465027, 0.918652355670929, 0.9193865656852722)",-71.8,1765210845.1680608
362,"(63.10581970214844, 420.19915771484375, 211.45834350585938, 1837.44287109375)","(-0.9263171553611755, -0.9262731671333313, 0.9205096960067749, 0.9209082126617432)",-71.8,1765210845.3863163
363,"(58.52264404296875, 402.13189697265625, 205.47506713867188, 1861.455078125)","(-0.9284805059432983, -0.9277260303497314, 0.9215160012245178, 0.9221150875091553)",-71.8,1765210845.6167545
364,"(57.04954528808594, 396.01068115234375, 198.17498779296875, 1809.478515625)","(-0.9297272562980652, -0.9298408627510071, 0.9236449003219604, 0.923927366733551)",-71.8,1765210845.8195777
365,"(57.019493103027344, 425.1710205078125, 188.80120849609375, 1866.816162109375)","(-0.9316620826721191, -0.9674907326698303, 0.925234317779541, 0.9253062605857849)",-71.8,1765210846.0378156
366,"(57.620643615722656, 404.2455749511719, 205.09640502929688, 1837.3717041015625)","(-0.9334692358970642, -0.9327995777130127, 0.9265020489692688, 0.9266603589057922)",-71.8,1765210846.2534673
367,"(60.218223571777344, 420.0573425292969, 207.7755889892578, 1818.964599609375)","(-0.9343662261962891, -0.9341943264007568, 0.9280732274055481, 0.9283982515335083)",-71.8,1765210846.4712207
368,"(57.8408203125, 401.94854736328125, 200.60250854492188, 1712.538818359375)","(-0.9363605976104736, -0.9358705878257751, 0.9293476939201355, 0.9301306009292603)",-71.8,1765210846.686703
369,"(58.43030548095703, 407.42779541015625, 208.70835876464844, 1823.4970703125)","(-0.9375012516975403, -0.9371187090873718, 0.9309326410293579, 0.9312228560447693)",-71.8,1765210846.9048884
370,"(54.35313034057617, 379.72674560546875, 188.95565795898438, 1700.8206787109375)","(-0.9388225674629211, -0.938262939453125, 0.9322739243507385, 0.9325806498527527)",-71.8,1765210847.123208
371,"(59.29280090332031, 422.611328125, 204.88816833496094, 1834.4066162109375)","(-0.9404516220092773, -0.9404289126396179, 0.9342355132102966, 0.9345123171806335)",-71.8,1765210847.3382175
372,"(55.92237854003906, 437.7626953125, 208.62693786621094, 1898.5157470703125)","(-0.9411964416503906, -0.9593642950057983, 0.935096800327301, 0.9355804324150085)",-71.8,1765210847.5564275
373,"(56.4232063293457, 388.32196044921875, 197.92274475097656, 1805.06201171875)","(-0.943233072757721, -0.9431130886077881, 0.9369118809700012, 0.937155544757843)",-71.8,1765210847.7719557
374,"(58.654457092285156, 398.08575439453125, 197.776123046875, 1781.1939697265625)","(-0.9440470933914185, -0.943359375, 0.9377991557121277, 0.9387674927711487)",-71.8,1765210847.9897325
375,"(57.968055725097656, 404.1683349609375, 199.42337036132812, 1735.5113525390625)","(-0.9452366828918457, -0.9455596208572388, 0.9394901394844055, 0.9402763843536377)",-71.8,1765210848.2080467
376,"(59.52521896362305, 397.02191162109375, 205.1280975341797, 1823.455810546875)","(-0.9469959139823914, -0.9469795227050781, 0.9407985806465149, 0.9406672120094299)",-71.8,1765210848.423468
377,"(56.56389617919922, 385.0872802734375, 197.486328125, 1787.15771484375)","(-0.9489874839782715, -0.94833904504776, 0.9418031573295593, 0.9423947334289551)",-71.8,1765210848.6417208
378,"(59.891178131103516, 424.33062744140625, 207.298583984375, 1861.467041015625)","(-0.9507920742034912, -0.950505793094635, 0.9440858960151672, 0.9441419243812561)",-71.8,1765210848.8572588
379,"(60.43296813964844, 443.1348571777344, 213.72938537597656, 1927.28857421875)","(-0.9000959992408752, -0.9528297781944275, 0.9455233812332153, 0.9458876848220825)",-71.8,1765210849.0749907
380,"(53.82325744628906, 399.95050048828125, 200.7481689453125, 1823.8922119140625)","(-0.9022974967956543, -0.9018265008926392, 0.945515513420105, 0.9456226825714111)",-71.8,1765210849.293223
381,"(50.11225891113281, 400.2709655761719, 176.28036499023438, 1788.5540771484375)","(-0.952651858329773, -0.9036259055137634, 0.9473704695701599, 0.9477630853652954)",-71.8,1765210849.5087776
382,"(51.57558059692383, 367.2094421386719, 236.16897583007812, 1756.4736328125)","(-0.905871570110321, -0.9055774211883545, 0.9485357403755188, 0.9487553834915161)",-71.8,1765210849.7266455
383,"(67.40947723388672, 444.9806213378906, 253.6611785888672, 1754.322509765625)","(-0.9075747728347778, -0.9074875116348267, 0.900620698928833, 0.9013485908508301)",-71.8,1765210849.9420664
384,"(62.215553283691406, 406.93157958984375, 179.65701293945312, 1871.146728515625)","(-0.9106138348579407, -0.9101746678352356, 0.9044516086578369, 0.9047978520393372)",-69.6,1765210850.375495
385,"(83.903564453125, 473.02899169921875, 146.77255249023438, 1854.001953125)","(-0.9135526418685913, -0.9441074728965759, 0.905862033367157, 0.9534696340560913)",-69.6,1765210850.593652
386,"(80.878662109375, 445.69757080078125, 172.04861450195312, 1852.4873046875)","(-0.9152216911315918, -0.9144921898841858, 0.9081348776817322, 0.908266544342041)",-69.6,1765210850.8118446
387,"(84.45687866210938, 497.6622619628906, 217.6768035888672, 1923.5013427734375)","(-0.9614340662956238, -0.9162025451660156, 0.910186767578125, 0.9105363488197327)",-69.6,1765210851.0269113
388,"(81.29603576660156, 494.26861572265625, 214.2532196044922, 1818.344970703125)","(-0.9177327752113342, -0.9167258739471436, 0.9111067056655884, 0.9115124940872192)",-69.6,1765210851.2451615
389,"(77.97291564941406, 484.81268310546875, 196.94430541992188, 1731.401611328125)","(-0.9203746318817139, -0.9194547533988953, 0.9131046533584595, 0.9131391048431396)",-69.6,1765210851.4606347
390,"(70.61595153808594, 460.0306396484375, 204.14337158203125, 1717.574462890625)","(-0.9213154315948486, -0.9209336042404175, 0.9150689840316772, 0.9153259992599487)",-69.6,1765210851.678946
391,"(70.26082611083984, 484.82159423828125, 181.6983642578125, 1787.7537841796875)","(-0.923302412033081, -0.9222666025161743, 0.9162214994430542, 0.9164573550224304)",-69.6,1765210851.896759
392,"(57.58674621582031, 478.20574951171875, 200.0154571533203, 2140.39208984375)","(-0.9242944717407227, -0.9339882135391235, 0.9178058505058289, 0.9614120125770569)",-69.6,1765210852.112222
393,"(57.105751037597656, 485.0422058105469, 214.51141357421875, 1854.43896484375)","(-0.926623523235321, -0.9259179830551147, 0.9195525050163269, 0.919917643070221)",-69.6,1765210852.330451
394,"(69.42697143554688, 524.68115234375, 215.5561981201172, 1707.6163330078125)","(-0.9691756963729858, -0.927733302116394, 0.9212102293968201, 0.9217195510864258)",-69.6,1765210852.5454533
395,"(66.90386962890625, 503.5655212402344, 248.94430541992188, 1782.20166015625)","(-0.9298176169395447, -0.9296509623527527, 0.9232605695724487, 0.9231351613998413)",-69.6,1765210852.7637541
396,"(63.179264068603516, 486.6669616699219, 219.29144287109375, 1830.994384765625)","(-0.9315622448921204, -0.9312248229980469, 0.9246617555618286, 0.9250527620315552)",-69.6,1765210852.9819398
397,"(64.88796997070312, 465.47918701171875, 217.14669799804688, 1869.423828125)","(-0.9331775307655334, -0.9327470064163208, 0.9261518120765686, 0.9266918301582336)",-69.6,1765210853.1974537
398,"(64.6280288696289, 452.460693359375, 212.470703125, 1859.46337890625)","(-0.9327924251556396, -0.9329285621643066, 0.9279568791389465, 0.9283315539360046)",-69.6,1765210853.4152634
399,"(67.93791198730469, 476.0018615722656, 210.52145385742188, 1975.1470947265625)","(-0.9346275925636292, -0.9236515164375305, 0.928666353225708, 0.9678637981414795)",-69.6,1765210853.6308577
400,"(65.72239685058594, 466.772216796875, 210.63092041015625, 1963.57177734375)","(-0.9366418719291687, -0.9364926218986511, 0.9304133057594299, 0.9306800961494446)",-69.6,1765210853.8489835
401,"(68.91341400146484, 457.954345703125, 217.20904541015625, 1907.608642578125)","(-0.9381157755851746, -0.9378208518028259, 0.9319553375244141, 0.9324597716331482)",-69.6,1765210854.0668645
402,"(70.58966064453125, 481.7230224609375, 221.7596893310547, 1960.0343017578125)","(-0.9395126104354858, -0.9395518898963928, 0.9335037469863892, 0.933890163898468)",-69.6,1765210854.2824683
403,"(70.01313781738281, 488.7019958496094, 229.23175048828125, 2012.68701171875)","(-0.9406547546386719, -0.9401687979698181, 0.9347197413444519, 0.935206949710846)",-69.6,1765210854.5005693
404,"(74.51188659667969, 462.2271423339844, 219.62652587890625, 1945.621337890625)","(-0.9426884651184082, -0.9419317245483398, 0.9357303977012634, 0.9362525939941406)",-69.6,1765210854.7160587
405,"(75.75930786132812, 473.39215087890625, 235.07821655273438, 1946.44580078125)","(-0.9435731768608093, -0.9430117607116699, 0.9372735619544983, 0.9379748106002808)",-69.6,1765210854.9339905
406,"(74.10584259033203, 483.9260559082031, 215.64381408691406, 1998.8978271484375)","(-0.9457255005836487, -0.945102334022522, 0.9386098384857178, 0.9388480186462402)",-69.6,1765210855.1520941
407,"(76.35354614257812, 488.89447021484375, 231.96438598632812, 2025.861328125)","(-0.9456161856651306, -0.9463467597961426, 0.9405471086502075, 0.9410707354545593)",-69.6,1765210855.3676767
408,"(75.31179809570312, 455.5963134765625, 230.65968322753906, 2002.7509765625)","(-0.947306752204895, -0.9475363492965698, 0.9412549138069153, 0.9415112137794495)",-69.6,1765210855.5854185
409,"(73.21662902832031, 464.84295654296875, 222.9369659423828, 1939.55322265625)","(-0.9493027925491333, -0.9488815665245056, 0.9426342248916626, 0.9430114030838013)",-69.6,1765210855.8009276
410,"(74.05033874511719, 501.8564453125, 234.59361267089844, 2034.8721923828125)","(-0.9496618509292603, -0.9500759840011597, 0.9445347785949707, 0.9447801113128662)",-69.6,1765210856.0193048
411,"(75.29331970214844, 472.1323547363281, 244.19036865234375, 1953.2593994140625)","(-0.9013085961341858, -0.9007571339607239, 0.9453617930412292, 0.94572913646698)",-69.6,1765210856.2344062
412,"(72.73273468017578, 474.1781005859375, 225.8694305419922, 1901.220458984375)","(-0.9033636450767517, -0.9028010964393616, 0.9461437463760376, 0.9465667009353638)",-69.6,1765210856.4525514
413,"(68.8749008178711, 494.6105041503906, 220.81503295898438, 2036.8294677734375)","(-0.904739499092102, -0.9045079350471497, 0.9476284980773926, 0.947952151298523)",-69.6,1765210856.6707933
414,"(71.92987823486328, 494.8534240722656, 228.33897399902344, 1972.737548828125)","(-0.9069460034370422, -0.9065827131271362, 0.9001184105873108, 0.9004254937171936)",-69.6,1765210856.8861878
415,"(71.34149169921875, 486.30682373046875, 233.24368286132812, 1993.4691162109375)","(-0.9079840779304504, -0.9081868529319763, 0.9016314148902893, 0.9018774032592773)",-69.6,1765210857.104828
416,"(78.25843048095703, 525.4420776367188, 204.02365112304688, 2103.9814453125)","(-0.9124429821968079, -0.9115053415298462, 0.9051329493522644, 0.9054692387580872)",-67.6,1765210857.5383365
417,"(83.31558227539062, 515.6419067382812, 221.814697265625, 2071.4091796875)","(-0.9138334393501282, -0.9129307866096497, 0.9068984389305115, 0.9074264764785767)",-67.5,1765210857.7555559
418,"(80.3025894165039, 504.9477233886719, 202.70152282714844, 2028.23828125)","(-0.9152010083198547, -0.9148390293121338, 0.9088234305381775, 0.9091023802757263)",-67.5,1765210857.97109
419,"(80.42359924316406, 537.3890380859375, 214.82522583007812, 2121.38037109375)","(-0.9170459508895874, -0.9165444374084473, 0.9105150699615479, 0.9108499884605408)",-67.5,1765210858.189298
420,"(75.37445068359375, 517.6087646484375, 211.11746215820312, 1976.45703125)","(-0.9184195399284363, -0.918123722076416, 0.9893171787261963, 0.9128626585006714)",-67.5,1765210858.4058754
421,"(76.15047454833984, 544.6104125976562, 208.158935546875, 2105.985595703125)","(-0.9201765656471252, -0.9199318289756775, 0.9137223958969116, 0.9141239523887634)",-67.5,1765210858.622657
422,"(70.47930908203125, 565.8995361328125, 193.50001525878906, 2183.1640625)","(-0.9224023818969727, -0.9219020009040833, 0.9154001474380493, 0.9157471656799316)",-67.5,1765210858.8408418
423,"(73.95413208007812, 540.72412109375, 194.81935119628906, 2096.58447265625)","(-0.924172580242157, -0.9232340455055237, 0.9168307185173035, 0.917462170124054)",-67.5,1765210859.0565524
424,"(77.03489685058594, 562.855224609375, 205.310546875, 2165.54443359375)","(-0.9251977801322937, -0.92457115650177, 0.9185593128204346, 0.9191161394119263)",-67.5,1765210859.2741704
425,"(73.58065032958984, 525.1470947265625, 197.01495361328125, 1969.450439453125)","(-0.9266846776008606, -0.9261345863342285, 0.920329213142395, 0.9206745028495789)",-67.5,1765210859.4896636
426,"(76.65354919433594, 561.61669921875, 209.466064453125, 2112.41943359375)","(-0.9286037087440491, -0.9288269281387329, 0.9221125245094299, 0.9225273728370667)",-67.5,1765210859.7099967
427,"(70.61426544189453, 519.8360595703125, 212.07688903808594, 2030.0411376953125)","(-0.9295651316642761, -0.929659366607666, 0.9860826134681702, 0.9238271117210388)",-67.5,1765210859.926332
428,"(74.36988830566406, 566.199462890625, 208.4286651611328, 2119.28125)","(-0.9313918352127075, -0.9309468865394592, 0.9252656102180481, 0.9254920482635498)",-67.5,1765210860.1425567
429,"(70.9027328491211, 565.482421875, 205.53012084960938, 2090.8095703125)","(-0.9332172870635986, -0.9323720335960388, 0.9263736605644226, 0.9269797801971436)",-67.5,1765210860.3594584
430,"(76.85111236572266, 546.7830810546875, 210.53443908691406, 2143.45947265625)","(-0.9342033863067627, -0.9338003993034363, 0.9278439283370972, 0.9283223748207092)",-67.5,1765210860.5752366
431,"(78.6722412109375, 556.4993286132812, 214.7364501953125, 2108.0625)","(-0.9358438849449158, -0.9355393052101135, 0.9297916293144226, 0.9296876788139343)",-67.5,1765210860.7941334
432,"(77.32502746582031, 506.97918701171875, 200.85867309570312, 1955.103271484375)","(-0.9376298189163208, -0.9371274709701538, 0.9307329654693604, 0.9311585426330566)",-67.5,1765210861.0110219
433,"(81.46328735351562, 521.3656005859375, 214.6468505859375, 2083.33642578125)","(-0.938585638999939, -0.9385079741477966, 0.9324100613594055, 0.932685911655426)",-67.5,1765210861.2265494
434,"(75.23040771484375, 511.87384033203125, 224.4923858642578, 2135.8369140625)","(-0.9399903416633606, -0.9399150013923645, 0.9891362190246582, 0.9344863295555115)",-67.5,1765210861.4447057
435,"(78.5775375366211, 550.3385009765625, 212.72137451171875, 2084.8828125)","(-0.9417429566383362, -0.9414952397346497, 0.9354456663131714, 0.9357346892356873)",-67.5,1765210861.6598597
436,"(78.26266479492188, 536.1785888671875, 208.744140625, 2103.15087890625)","(-0.9431319832801819, -0.9423447251319885, 0.9366413950920105, 0.9368674159049988)",-67.5,1765210861.878243
437,"(74.57826232910156, 534.0181884765625, 203.93621826171875, 2059.205810546875)","(-0.9443694949150085, -0.9435428977012634, 0.937989354133606, 0.9386818408966064)",-67.5,1765210862.0962636
438,"(77.26213836669922, 551.1757202148438, 202.8225555419922, 2113.234375)","(-0.945782482624054, -0.9456360936164856, 0.9393201470375061, 0.9396724700927734)",-67.5,1765210862.3113744
439,"(72.98588562011719, 512.192138671875, 195.81640625, 2087.329833984375)","(-0.946714460849762, -0.9468609094619751, 0.940702497959137, 0.9410815834999084)",-67.5,1765210862.5295978
440,"(79.78823852539062, 548.3810424804688, 208.21725463867188, 2099.83203125)","(-0.9489789605140686, -0.948564887046814, 0.942198634147644, 0.9422512054443359)",-67.5,1765210862.7450783
441,"(77.57766723632812, 570.8057861328125, 219.18667602539062, 2182.820068359375)","(-0.9490941166877747, -0.948779284954071, 0.9923993349075317, 0.944194495677948)",-67.5,1765210862.9634874
442,"(76.23181915283203, 530.15234375, 206.03558349609375, 2064.76611328125)","(-0.9002049565315247, -0.9503092169761658, 0.9446598291397095, 0.9452698826789856)",-67.5,1765210863.1783843
443,"(78.11152648925781, 553.713623046875, 207.93698120117188, 2053.41162109375)","(-0.9025558829307556, -0.9021300077438354, 0.9458249807357788, 0.9461266398429871)",-67.5,1765210863.3974538
444,"(74.862548828125, 521.754638671875, 193.88504028320312, 2039.0753173828125)","(-0.9044156074523926, -0.9035203456878662, 0.9469648599624634, 0.9473459720611572)",-67.5,1765210863.6149793
445,"(76.45452117919922, 568.0150756835938, 210.63800048828125, 2186.79931640625)","(-0.9055465459823608, -0.9052725434303284, 0.9489097595214844, 0.949152410030365)",-67.5,1765210863.8304207
446,"(74.22613525390625, 525.9173583984375, 200.29800415039062, 2065.740234375)","(-0.9071683883666992, -0.9068514704704285, 0.901107668876648, 0.9009523391723633)",-67.5,1765210864.0482643
447,"(78.72463989257812, 553.8722534179688, 199.88104248046875, 2065.55029296875)","(-0.9096106886863708, -0.9093832969665527, 0.9026527404785156, 0.9030412435531616)",-67.5,1765210864.2638555
448,"(78.01470947265625, 589.2083129882812, 201.31817626953125, 2221.90576171875)","(-0.910899817943573, -0.9102298021316528, 0.9928514957427979, 0.9048765897750854)",-66.1,1765210864.4830282
449,"(75.12480926513672, 555.8631591796875, 172.9720458984375, 2107.8916015625)","(-0.9121756553649902, -0.9122332334518433, 0.9061587452888489, 0.9065508246421814)",-65.7,1765210864.6997504
450,"(79.98509216308594, 586.9984130859375, 178.76182556152344, 2166.16015625)","(-0.9149029850959778, -0.9136632084846497, 0.9076361060142517, 0.9080013036727905)",-65.7,1765210864.9152937
451,"(80.59941101074219, 608.8624267578125, 185.5306396484375, 2217.74169921875)","(-0.9161767959594727, -0.9158223867416382, 0.9100645780563354, 0.9102469086647034)",-65.7,1765210865.133436
452,"(80.41387939453125, 598.33935546875, 189.1894073486328, 2166.21875)","(-0.9174608588218689, -0.9169875383377075, 0.9112061262130737, 0.9114663600921631)",-65.7,1765210865.3485322
453,"(587.1973876953125, 583.418212890625, 185.8052978515625, 2127.173828125)","(-0.9194188117980957, -0.919588565826416, 0.912955105304718, 0.9132699370384216)",-65.7,1765210865.6436863
454,"(590.1356201171875, 189.33523559570312, 2146.12548828125, 2111.048095703125)","(-0.9204545617103577, -0.9217290282249451, 0.9150996208190918, 0.9150203466415405)",-65.7,1765210865.8001552
455,"(83.27548217773438, 456.36346435546875, 217.52725219726562, 2269.074951171875)","(-0.9236100912094116, -0.9228251576423645, 0.9931250810623169, 0.9164631366729736)",-65.7,1765210866.0004203
456,"(71.86184692382812, 562.34912109375, 226.66102600097656, 2197.82080078125)","(-0.9241341948509216, -0.9236870408058167, 0.9178529977798462, 0.9181453585624695)",-65.7,1765210866.2183127
457,"(79.50944519042969, 519.4059448242188, 220.3295440673828, 2208.756103515625)","(-0.9262139797210693, -0.9253866076469421, 0.9198164343833923, 0.919802188873291)",-65.7,1765210866.434793
458,"(65.38960266113281, 504.61883544921875, 177.22296142578125, 2226.71923828125)","(-0.9278172850608826, -0.9272505044937134, 0.9210456013679504, 0.9213379621505737)",-65.7,1765210866.6520104
459,"(74.37195587158203, 574.246826171875, 128.45346069335938, 2184.338134765625)","(-0.9293169379234314, -0.9290341138839722, 0.9226374626159668, 0.9230028986930847)",-65.7,1765210866.8699257
460,"(75.17546081542969, 575.8853759765625, 137.89682006835938, 2257.049560546875)","(-0.9309070110321045, -0.9302666187286377, 0.9239732027053833, 0.9245738387107849)",-65.7,1765210867.0853214
461,"(79.86360168457031, 534.8002319335938, 138.16319274902344, 2151.466796875)","(-0.9325263500213623, -0.9319072961807251, 0.926021933555603, 0.9260983467102051)",-65.7,1765210867.3035517
462,"(89.76924133300781, 516.7904052734375, 149.94435119628906, 2093.419189453125)","(-0.9342018365859985, -0.9335178732872009, 0.9933240413665771, 0.9275011420249939)",-65.7,1765210867.5191212
463,"(93.83747863769531, 522.5052490234375, 148.29302978515625, 2026.693359375)","(-0.9352082014083862, -0.9346594214439392, 0.928786039352417, 0.9290856122970581)",-65.7,1765210867.7369208
464,"(92.89884948730469, 590.1226806640625, 153.28839111328125, 2094.61767578125)","(-0.9372376203536987, -0.9360977411270142, 0.9302121996879578, 0.930810272693634)",-65.7,1765210867.9551623
465,"(93.46998596191406, 602.676025390625, 156.97039794921875, 2140.763671875)","(-0.9385868906974792, -0.9378442764282227, 0.9316791296005249, 0.9317581653594971)",-65.7,1765210868.172701
466,"(95.85537719726562, 593.9426879882812, 161.80068969726562, 2138.08154296875)","(-0.940068781375885, -0.9394701719284058, 0.9328895807266235, 0.9334588646888733)",-65.7,1765210868.3884232
467,"(93.25711059570312, 601.344482421875, 168.07879638671875, 2126.13427734375)","(-0.9410356283187866, -0.9405248761177063, 0.9344549179077148, 0.934731662273407)",-65.7,1765210868.6039815
468,"(78.53759765625, 565.3524169921875, 161.68228149414062, 2074.60693359375)","(-0.9423737525939941, -0.9412904977798462, 0.9363986849784851, 0.9365136027336121)",-65.7,1765210868.8222024
469,"(67.85261535644531, 560.9380493164062, 130.36767578125, 2047.830322265625)","(-0.9440058469772339, -0.9430933594703674, 0.9377651214599609, 0.9378264546394348)",-65.7,1765210869.0374126
470,"(68.7982177734375, 627.335693359375, 119.15007019042969, 2289.06494140625)","(-0.9449745416641235, -0.9440771341323853, 0.9391700029373169, 0.9393799901008606)",-65.7,1765210869.2577133
471,"(73.51924896240234, 646.9140625, 125.27691650390625, 2126.6787109375)","(-0.946786105632782, -0.9460797905921936, 0.9401873350143433, 0.9404292106628418)",-65.7,1765210869.4737823
472,"(81.0970687866211, 667.8505249023438, 148.01016235351562, 2159.130126953125)","(-0.9476195573806763, -0.94654381275177, 0.9418888092041016, 0.9419392347335815)",-65.7,1765210869.6891663
473,"(81.0846939086914, 630.2481689453125, 151.6309814453125, 2100.40966796875)","(-0.9491022825241089, -0.9488416910171509, 0.9429817199707031, 0.9430351257324219)",-65.7,1765210869.9070423
474,"(79.27162170410156, 629.050537109375, 137.2097930908203, 2254.4638671875)","(-0.9509212374687195, -0.9497247338294983, 0.9439544677734375, 0.9442594647407532)",-65.7,1765210870.1225595
475,"(81.26496887207031, 611.1033935546875, 148.55743408203125, 2316.64697265625)","(-0.9013399481773376, -0.9003791809082031, 0.9452769756317139, 0.9460287690162659)",-65.7,1765210870.340718
476,"(86.00112915039062, 560.757080078125, 147.91383361816406, 2205.655517578125)","(-0.9034230709075928, -0.9026213884353638, 0.9467183947563171, 0.9468165040016174)",-65.7,1765210870.5586338
477,"(80.67552185058594, 574.60986328125, 149.2291259765625, 2306.5986328125)","(-0.9048895835876465, -0.9046555161476135, 0.9475973844528198, 0.9481191039085388)",-65.7,1765210870.7749963
478,"(83.74043273925781, 597.2183837890625, 151.622314453125, 2320.4755859375)","(-0.9072554111480713, -0.9064517021179199, 0.9000242352485657, 0.9002920985221863)",-65.7,1765210870.9922786
479,"(80.93597412109375, 592.0359497070312, 160.62782287597656, 2248.107177734375)","(-0.9085866808891296, -0.9083380699157715, 0.9015660285949707, 0.9017599821090698)",-65.7,1765210871.2077303
480,"(83.38668060302734, 630.08203125, 146.29953002929688, 2304.46533203125)","(-0.9103690981864929, -0.9094253778457642, 0.903336763381958, 0.9039462208747864)",-64.6,1765210871.4280195
481,"(79.64451599121094, 649.7127075195312, 125.21763610839844, 2370.767822265625)","(-0.9123407006263733, -0.911466658115387, 0.9048309326171875, 0.905494749546051)",-64.2,1765210871.6438732
482,"(81.94078063964844, 654.2566528320312, 136.69046020507812, 2370.7490234375)","(-0.9140173196792603, -0.9128422737121582, 0.9070292711257935, 0.9075902104377747)",-64.1,1765210871.8594704
483,"(85.23725891113281, 645.5899658203125, 132.5736083984375, 2324.56298828125)","(-0.9155747890472412, -0.9152382016181946, 0.9087590575218201, 0.9091982245445251)",-64.1,1765210872.0771618
484,"(83.01655578613281, 617.213623046875, 128.2384796142578, 2486.443603515625)","(-0.9175001382827759, -0.9169078469276428, 0.9104326963424683, 0.9726513028144836)",-64.1,1765210872.2936425
485,"(82.94584655761719, 647.8212280273438, 133.00411987304688, 2385.285400390625)","(-0.918648898601532, -0.9182964563369751, 0.9125220775604248, 0.9127436280250549)",-64.1,1765210872.5113351
486,"(86.35145568847656, 598.9384765625, 137.128173828125, 2248.92724609375)","(-0.9204314351081848, -0.920068085193634, 0.913882851600647, 0.914152979850769)",-64.1,1765210872.728696
487,"(84.24116516113281, 640.73828125, 134.2216796875, 2343.22119140625)","(-0.9226157069206238, -0.9218814969062805, 0.9156145453453064, 0.9159823656082153)",-64.1,1765210872.94426
488,"(78.89164733886719, 667.840576171875, 136.52392578125, 2407.60107421875)","(-0.9236457943916321, -0.9231148958206177, 0.9167475700378418, 0.9170660376548767)",-64.1,1765210873.1624272
489,"(80.40454864501953, 644.9082641601562, 130.5970458984375, 2385.5888671875)","(-0.9256598949432373, -0.9244750738143921, 0.9186608791351318, 0.919135332107544)",-64.1,1765210873.377972
490,"(80.64875793457031, 624.751953125, 123.56985473632812, 2339.93359375)","(-0.9274097084999084, -0.9263431429862976, 0.9202084541320801, 0.9205071926116943)",-64.0,1765210873.5968544
491,"(78.32553100585938, 649.2860717773438, 117.09230041503906, 2508.588623046875)","(-0.9292013049125671, -0.991377592086792, 0.9216341972351074, 0.9221587181091309)",-64.0,1765210873.8139734
492,"(83.3447265625, 635.9383544921875, 128.989501953125, 2447.73583984375)","(-0.9297012686729431, -0.9288803339004517, 0.9233142733573914, 0.923943817615509)",-64.0,1765210874.029411
493,"(87.35243225097656, 597.1044921875, 131.7125701904297, 2398.6494140625)","(-0.9318864345550537, -0.9314727783203125, 0.9250348210334778, 0.9252408742904663)",-64.0,1765210874.2472825
494,"(81.98999786376953, 637.1752319335938, 129.0662841796875, 2392.50439453125)","(-0.9328232407569885, -0.9319696426391602, 0.9266215562820435, 0.9271236062049866)",-64.0,1765210874.4628603
495,"(83.75624084472656, 617.2171630859375, 127.38488006591797, 2327.82861328125)","(-0.9348753690719604, -0.9346250295639038, 0.9278723001480103, 0.9282013773918152)",-64.0,1765210874.6810448
496,"(79.24646759033203, 598.6972045898438, 123.17460632324219, 2226.65625)","(-0.9365853667259216, -0.9354565739631653, 0.9295252561569214, 0.929908037185669)",-64.0,1765210874.899279
497,"(82.07000732421875, 653.0918579101562, 134.24014282226562, 2393.89599609375)","(-0.937229573726654, -0.9366362690925598, 0.9307675361633301, 0.9312297105789185)",-64.0,1765210875.1162872
498,"(79.91488647460938, 682.2896728515625, 131.334228515625, 2476.204345703125)","(-0.9391562938690186, -0.9880375266075134, 0.9328048229217529, 0.9332101345062256)",-64.0,1765210875.3325634
499,"(83.62897491455078, 637.4867553710938, 137.0447998046875, 2362.047607421875)","(-0.9400936961174011, -0.939805269241333, 0.9338296055793762, 0.9338863492012024)",-64.0,1765210875.5481184
500,"(84.91141510009766, 670.8911743164062, 141.5392303466797, 2388.577880859375)","(-0.941452145576477, -0.9409486651420593, 0.9357215166091919, 0.9359502792358398)",-64.0,1765210875.76589
501,"(82.98347473144531, 613.081298828125, 126.07839965820312, 2210.0361328125)","(-0.9438466429710388, -0.9432768821716309, 0.9364427924156189, 0.9367561340332031)",-64.0,1765210875.9813569
502,"(86.86988830566406, 629.7067260742188, 134.2946319580078, 2320.657958984375)","(-0.9446624517440796, -0.9438455104827881, 0.937721312046051, 0.9382472038269043)",-64.0,1765210876.1998312
503,"(82.81205749511719, 609.8485107421875, 131.85238647460938, 2279.908203125)","(-0.9468373656272888, -0.945864200592041, 0.9389203190803528, 0.9396644830703735)",-64.0,1765210876.4178534
504,"(86.00727081298828, 649.3895874023438, 134.7995147705078, 2412.3271484375)","(-0.9485926628112793, -0.9473668336868286, 0.9401575922966003, 0.9407610297203064)",-64.0,1765210876.6339815
505,"(87.23422241210938, 659.5086669921875, 138.796630859375, 2454.444580078125)","(-0.9490184187889099, -0.983762800693512, 0.9416537284851074, 0.942205011844635)",-64.0,1765210876.8511913
506,"(85.54469299316406, 651.5023193359375, 133.18841552734375, 2331.6044921875)","(-0.9495698809623718, -0.9481176733970642, 0.9437352418899536, 0.9441733956336975)",-64.0,1765210877.066811
507,"(86.4487533569336, 640.306396484375, 130.0993194580078, 2337.7529296875)","(-0.900970458984375, -0.9001807570457458, 0.9443739652633667, 0.9448359608650208)",-64.0,1765210877.2844512
508,"(83.03031921386719, 606.1136474609375, 123.47811889648438, 2253.90234375)","(-0.9022484421730042, -0.9015533328056335, 0.9456237554550171, 0.9460163712501526)",-64.0,1765210877.5027614
509,"(86.9168701171875, 639.72705078125, 132.49514770507812, 2375.885498046875)","(-0.904034435749054, -0.9030175805091858, 0.947553277015686, 0.9480270743370056)",-64.0,1765210877.7181354
510,"(85.4964599609375, 623.210693359375, 123.12784576416016, 2341.7333984375)","(-0.9063241481781006, -0.905636191368103, 0.9483062624931335, 0.9485235214233398)",-64.0,1765210877.9374247
511,"(86.05650329589844, 654.3585205078125, 127.92942810058594, 2344.52734375)","(-0.9076321721076965, -0.9066160917282104, 0.9006959795951843, 0.901488184928894)",-64.0,1765210878.151683
512,"(83.30938720703125, 645.524658203125, 108.2852783203125, 2397.884033203125)","(-0.9112480878829956, -0.9109091758728027, 0.9043097496032715, 0.9044583439826965)",-62.5,1765210878.5880072
513,"(87.47418212890625, 701.9853515625, 112.00743103027344, 2430.96533203125)","(-0.9129422903060913, -0.9118377566337585, 0.9064228534698486, 0.9068403840065002)",-62.3,1765210878.8031404
514,"(82.76091003417969, 662.1876220703125, 109.71151733398438, 2279.43212890625)","(-0.9148808717727661, -0.9142832159996033, 0.9076440334320068, 0.908160388469696)",-62.3,1765210879.0212903
515,"(86.4105224609375, 668.9332885742188, 114.10731506347656, 2271.685546875)","(-0.9168537855148315, -0.9160313010215759, 0.9092965126037598, 0.9098067879676819)",-62.3,1765210879.2367313
516,"(82.628173828125, 678.0836791992188, 113.74658203125, 2291.75341796875)","(-0.9183127880096436, -0.9180622696876526, 0.9111357927322388, 0.9114128947257996)",-62.3,1765210879.4551578
517,"(82.7828598022461, 656.2532348632812, 111.59556579589844, 2223.98095703125)","(-0.920261025428772, -0.9188662767410278, 0.9130519032478333, 0.9131767153739929)",-62.3,1765210879.6729445
518,"(84.33699798583984, 721.4027099609375, 119.32621765136719, 2411.016845703125)","(-0.920682966709137, -0.9720671772956848, 0.9149447679519653, 0.9151729345321655)",-62.3,1765210879.8883173
519,"(81.17680358886719, 670.0927734375, 111.88233184814453, 2312.673828125)","(-0.9231820106506348, -0.9229968786239624, 0.9165083169937134, 0.9165394306182861)",-62.3,1765210880.1070917
520,"(85.38646697998047, 689.8528442382812, 112.20059967041016, 2343.26025390625)","(-0.9252285957336426, -0.9241058230400085, 0.9179057478904724, 0.9180403351783752)",-62.3,1765210880.3227587
521,"(85.17578125, 690.2449340820312, 116.58151245117188, 2310.1787109375)","(-0.9259368181228638, -0.9256384372711182, 0.9195000529289246, 0.9199318885803223)",-62.3,1765210880.5404375
522,"(82.28733825683594, 708.3909301757812, 116.98927307128906, 2350.43603515625)","(-0.927545964717865, -0.9266605377197266, 0.921424150466919, 0.9216821193695068)",-62.3,1765210880.7586281
523,"(83.4402084350586, 709.056640625, 118.1339340209961, 2381.06640625)","(-0.9288623332977295, -0.9277688264846802, 0.9229651689529419, 0.9233884811401367)",-62.3,1765210880.9736671
524,"(82.0421371459961, 678.1962890625, 116.9341049194336, 2294.2255859375)","(-0.9309830069541931, -0.9297682046890259, 0.924444854259491, 0.924842894077301)",-62.3,1765210881.1918702
525,"(84.77657318115234, 687.1640625, 113.88330078125, 2357.858642578125)","(-0.9324942231178284, -0.966935396194458, 0.9259760975837708, 0.926119327545166)",-62.3,1765210881.4073765
526,"(83.94595336914062, 669.9931640625, 110.58320617675781, 2370.823974609375)","(-0.9344032406806946, -0.9336368441581726, 0.9271040558815002, 0.9273563623428345)",-62.3,1765210881.6252272
527,"(86.960693359375, 675.6478881835938, 118.24230194091797, 2340.22265625)","(-0.9346224665641785, -0.9337374567985535, 0.9289329051971436, 0.9291001558303833)",-62.3,1765210881.8412578
528,"(84.21121215820312, 669.5597534179688, 111.73141479492188, 2317.5498046875)","(-0.9368458390235901, -0.9363787174224854, 0.930797278881073, 0.930683970451355)",-62.3,1765210882.0585198
529,"(81.21472930908203, 658.816650390625, 104.81526184082031, 2310.657958984375)","(-0.9387050271034241, -0.9378455281257629, 0.9320017099380493, 0.9319393038749695)",-62.3,1765210882.2767835
530,"(84.52671813964844, 672.4464111328125, 109.0029296875, 2403.285888671875)","(-0.9406054019927979, -0.9397482872009277, 0.9329936504364014, 0.9331143498420715)",-62.3,1765210882.4922955
531,"(86.71541595458984, 673.6090087890625, 114.66304016113281, 2379.05419921875)","(-0.9416168928146362, -0.9407553672790527, 0.9343447089195251, 0.9348751902580261)",-62.3,1765210882.710275
532,"(85.68730163574219, 719.8102416992188, 114.84181213378906, 2464.3154296875)","(-0.9420450329780579, -0.9593241810798645, 0.9364323019981384, 0.9367130398750305)",-62.3,1765210882.9255972
533,"(82.93055725097656, 673.0081787109375, 113.71090698242188, 2333.701171875)","(-0.9444692134857178, -0.943816065788269, 0.9374472498893738, 0.9374948740005493)",-62.3,1765210883.1450803
534,"(86.98211669921875, 655.2247314453125, 119.78994750976562, 2231.13818359375)","(-0.9459953308105469, -0.9450094103813171, 0.9386612176895142, 0.9388014078140259)",-62.3,1765210883.3620777
535,"(84.3405532836914, 678.1015625, 122.42247009277344, 2284.78271484375)","(-0.9474455714225769, -0.946225643157959, 0.9399192333221436, 0.939950168132782)",-62.3,1765210883.5770097
536,"(84.70600128173828, 691.5732421875, 120.98980712890625, 2358.186279296875)","(-0.9494418501853943, -0.9484328031539917, 0.9412031769752502, 0.9413247108459473)",-62.3,1765210883.7952828
537,"(84.11024475097656, 682.4945068359375, 123.41249084472656, 2275.986328125)","(-0.9506441354751587, -0.9496341943740845, 0.9422664642333984, 0.9421740174293518)",-62.3,1765210884.0107465
538,"(85.82012939453125, 698.652587890625, 123.56400299072266, 2319.951171875)","(-0.9495624899864197, -0.9487108588218689, 0.9446814656257629, 0.9451124668121338)",-62.3,1765210884.2286358
539,"(79.9243392944336, 715.1573486328125, 115.62215423583984, 2389.537109375)","(-0.9012492299079895, -0.9006838202476501, 0.945889949798584, 0.9458546042442322)",-62.3,1765210884.446931
540,"(81.28226470947266, 666.3672485351562, 110.31763458251953, 2271.3525390625)","(-0.9035037159919739, -0.9023054838180542, 0.946610689163208, 0.9467341303825378)",-62.3,1765210884.6670518
541,"(2494.835205078125, 2458.56494140625, 2398.9052734375, 2371.587158203125)","(-0.9049704074859619, -0.9050673842430115, 0.9481521844863892, 0.947843074798584)",-62.3,1765210884.9519107
542,"(713.5040283203125, 2522.4619140625, 2462.01171875, 2401.045166015625)","(-0.9063131809234619, -0.9063412547111511, 0.9004152417182922, 0.9006099700927734)",-62.3,1765210885.1188214
543,"(85.71286010742188, 703.1876220703125, 119.01142883300781, 2417.62060546875)","(-0.9081827402114868, -0.9071138501167297, 0.901968777179718, 0.902446448802948)",-62.3,1765210885.3139963
544,"(82.66997528076172, 689.6497802734375, 91.04017639160156, 2276.126953125)","(-0.9124557971954346, -0.9118614196777344, 0.9054242372512817, 0.9054774045944214)",-60.7,1765210885.747739
545,"(80.8577880859375, 720.33349609375, 90.37484741210938, 2324.26513671875)","(-0.9135571122169495, -0.9132565259933472, 0.9071890711784363, 0.9073626399040222)",-60.6,1765210885.9654653
546,"(83.79187774658203, 725.97265625, 91.66749572753906, 2356.453125)","(-0.915215790271759, -0.91455078125, 0.9089495539665222, 0.9090452194213867)",-60.6,1765210886.181206
547,"(83.88579559326172, 722.9287109375, 97.93402099609375, 2321.814208984375)","(-0.9172624945640564, -0.9162400960922241, 0.9106709957122803, 0.910759687423706)",-60.6,1765210886.3987606
548,"(79.44082641601562, 745.7613525390625, 94.37459564208984, 2386.146484375)","(-0.9189335703849792, -0.9184306263923645, 0.9118637442588806, 0.9125511050224304)",-60.6,1765210886.6169772
549,"(81.96102142333984, 695.786376953125, 94.63226318359375, 2274.0712890625)","(-0.921068549156189, -0.9200025796890259, 0.9139416217803955, 0.9142874479293823)",-60.6,1765210886.832458
550,"(87.4228744506836, 682.9525756835938, 101.13812255859375, 2295.71435546875)","(-0.9222205281257629, -0.9217244982719421, 0.915565550327301, 0.9154518246650696)",-60.6,1765210887.050372
551,"(84.31327819824219, 705.724853515625, 98.43032836914062, 2242.94091796875)","(-0.9241728782653809, -0.9231175780296326, 0.917543888092041, 0.9173881411552429)",-60.6,1765210887.2658575
552,"(84.74253845214844, 725.9918823242188, 97.21586608886719, 2286.133056640625)","(-0.9256646037101746, -0.9246785640716553, 0.9188767671585083, 0.9188740253448486)",-60.6,1765210887.4840305
553,"(88.82772827148438, 699.2044677734375, 102.62108612060547, 2208.453369140625)","(-0.9322620034217834, -0.9266003966331482, 0.9623308777809143, 0.9206995964050293)",-60.6,1765210887.6996057
554,"(84.14276123046875, 755.2740478515625, 100.72186279296875, 2311.36962890625)","(-0.928686797618866, -0.9271858334541321, 0.9222666025161743, 0.9225420355796814)",-60.6,1765210887.9173374
555,"(79.02664184570312, 776.513427734375, 94.56304168701172, 2393.08154296875)","(-0.9300808906555176, -0.9290874004364014, 0.9238108992576599, 0.9240003824234009)",-60.6,1765210888.1355789
556,"(82.50596618652344, 740.922607421875, 92.92025756835938, 2266.96533203125)","(-0.9323073625564575, -0.9311407208442688, 0.9250263571739197, 0.9251802563667297)",-60.6,1765210888.3512998
557,"(79.08011627197266, 762.23583984375, 84.7419204711914, 2272.765380859375)","(-0.9339643120765686, -0.9324887990951538, 0.9270475506782532, 0.9267339110374451)",-60.6,1765210888.570049
558,"(71.03766632080078, 680.7784423828125, 80.65066528320312, 2617.942626953125)","(-0.9351536631584167, -0.9332675337791443, 0.9283537864685059, 0.9247003197669983)",-60.6,1765210888.7844
559,"(87.45892333984375, 726.6512451171875, 72.17030334472656, 2472.611083984375)","(-0.9372081160545349, -0.9366444945335388, 0.9292717576026917, 0.9296166896820068)",-60.6,1765210889.0025747
560,"(81.35317993164062, 675.082275390625, 73.41204833984375, 2330.98876953125)","(-0.920041561126709, -0.9366819262504578, 0.9689640998840332, 0.9309046864509583)",-60.6,1765210889.2204063
561,"(74.51798248291016, 742.0060424804688, 85.19096374511719, 2371.955078125)","(-0.9397023916244507, -0.9385706782341003, 0.9329884052276611, 0.9332944750785828)",-60.6,1765210889.4359572
562,"(72.609130859375, 779.6728515625, 92.83355712890625, 2368.44677734375)","(-0.9403519034385681, -0.9403136372566223, 0.9341258406639099, 0.9336758255958557)",-60.6,1765210889.6545413
563,"(68.86601257324219, 809.1473999023438, 85.34234619140625, 2212.96826171875)","(-0.9423843026161194, -0.9412882924079895, 0.9357685446739197, 0.935921847820282)",-60.6,1765210889.869673
564,"(68.22868347167969, 816.2066650390625, 95.81777954101562, 2216.8017578125)","(-0.9440097808837891, -0.9430824518203735, 0.9368343949317932, 0.9365767240524292)",-60.6,1765210890.0875
565,"(67.88346862792969, 771.1514892578125, 85.97615814208984, 2340.98583984375)","(-0.9458492398262024, -0.9448170065879822, 0.9382209777832031, 0.912969172000885)",-60.6,1765210890.3057156
566,"(84.3863525390625, 790.89208984375, 83.06681823730469, 2354.0615234375)","(-0.9475395679473877, -0.9463164210319519, 0.9393189549446106, 0.9395713806152344)",-60.6,1765210890.5211737
567,"(84.52772521972656, 796.4932861328125, 126.43632507324219, 2432.47314453125)","(-0.9104153513908386, -0.948215126991272, 0.9737954139709473, 0.9410282969474792)",-60.6,1765210890.7390752
568,"(98.7755126953125, 748.7281494140625, 136.90386962890625, 2579.773681640625)","(-0.9483781456947327, -0.9493243098258972, 0.9419509172439575, 0.9415575861930847)",-60.6,1765210890.9546342
569,"(90.57676696777344, 622.45703125, 123.29103088378906, 2517.7333984375)","(-0.9502488374710083, -0.9492436647415161, 0.9439440369606018, 0.943818211555481)",-60.6,1765210891.173184
570,"(67.55937194824219, 636.7255249023438, 79.8663101196289, 2320.62255859375)","(-0.9007671475410461, -0.9000227451324463, 0.9452268481254578, 0.9448795318603516)",-60.6,1765210891.3910563
571,"(77.64944458007812, 703.6495361328125, 61.6329345703125, 2566.817626953125)","(-0.9028539061546326, -0.902136504650116, 0.9456309676170349, 0.9459999203681946)",-60.6,1765210891.6061308
572,"(82.7717056274414, 697.7694702148438, 113.17408752441406, 2537.070556640625)","(-0.9041450023651123, -0.9036791324615479, 0.9478406310081482, 0.901225745677948)",-60.6,1765210891.8247442
573,"(81.02050018310547, 691.0112915039062, 112.41852569580078, 2350.3271484375)","(-0.9061051607131958, -0.905523955821991, 0.9487682580947876, 0.9484727382659912)",-60.6,1765210892.039865
574,"(83.01699829101562, 700.1153564453125, 107.4736099243164, 2442.73095703125)","(-0.9084839820861816, -0.9074665904045105, 0.9788762331008911, 0.9010881781578064)",-60.6,1765210892.258456
575,"(81.91942596435547, 673.4573364257812, 103.66218566894531, 2344.875)","(-0.9100967049598694, -0.9093239903450012, 0.9026817083358765, 0.9028181433677673)",-60.6,1765210892.4758875
576,"(83.33430480957031, 672.605712890625, 75.89563751220703, 2346.1025390625)","(-0.9137246608734131, -0.913105309009552, 0.9065843224525452, 0.9063111543655396)",-58.5,1765210892.9101417
577,"(81.70933532714844, 707.8001098632812, 62.76681137084961, 2304.18115234375)","(-0.9157155752182007, -0.9152659773826599, 0.9078013896942139, 0.9077578783035278)",-58.4,1765210893.1249044
578,"(81.43490600585938, 695.033447265625, 65.21143341064453, 2244.621337890625)","(-0.9167864322662354, -0.9165632724761963, 0.909747302532196, 0.9092792272567749)",-58.4,1765210893.3429666
579,"(82.64674377441406, 712.5818481445312, 61.714962005615234, 2264.62353515625)","(-0.9181704521179199, -0.917890191078186, 0.9116854071617126, 0.9112047553062439)",-58.4,1765210893.561174
580,"(84.69849395751953, 737.6939697265625, 65.92810821533203, 2411.33349609375)","(-0.9203693270683289, -0.9195117354393005, 0.9833062887191772, 0.9132443070411682)",-58.4,1765210893.7766128
581,"(82.87275695800781, 712.3590087890625, 63.591590881347656, 2388.223388671875)","(-0.9224199652671814, -0.921561062335968, 0.9144662022590637, 0.9145395755767822)",-58.4,1765210893.9977198
582,"(84.55763244628906, 736.5360717773438, 62.69691467285156, 2444.650634765625)","(-0.9233047962188721, -0.9232993125915527, 0.916089653968811, 0.9160325527191162)",-58.4,1765210894.2123792
583,"(80.18972778320312, 729.4778442382812, 62.08888244628906, 2397.53662109375)","(-0.9244669079780579, -0.9239980578422546, 0.9184361696243286, 0.9183212518692017)",-58.4,1765210894.4281619
584,"(84.78044128417969, 710.0938720703125, 60.24058532714844, 2301.37646484375)","(-0.9273870587348938, -0.9260353446006775, 0.9200767278671265, 0.9198299050331116)",-58.4,1765210894.6469376
585,"(83.60075378417969, 718.0930786132812, 58.649620056152344, 2403.774658203125)","(-0.9281637072563171, -0.9277461767196655, 0.9210847020149231, 0.920894205570221)",-58.4,1765210894.8614829
586,"(79.22958374023438, 703.8463134765625, 56.05779266357422, 2333.65185546875)","(-0.9300646185874939, -0.9294300675392151, 0.922930121421814, 0.9227456450462341)",-58.4,1765210895.0798047
587,"(82.64175415039062, 729.26611328125, 59.98295593261719, 2364.604736328125)","(-0.9313653707504272, -0.9301027655601501, 0.9872191548347473, 0.9246070981025696)",-58.4,1765210895.296745
588,"(80.99764251708984, 710.9917602539062, 59.91105270385742, 2360.5439453125)","(-0.9329755306243896, -0.9324105381965637, 0.925782322883606, 0.9260148406028748)",-58.4,1765210895.513647
589,"(85.63648223876953, 732.0655517578125, 55.7097282409668, 2338.740478515625)","(-0.9346033930778503, -0.9336691498756409, 0.9275822043418884, 0.9280057549476624)",-58.4,1765210895.7295644
590,"(80.50948333740234, 726.828857421875, 58.50319290161133, 2426.657470703125)","(-0.9352564811706543, -0.9348177909851074, 0.9290668368339539, 0.9292504787445068)",-58.4,1765210895.9468193
591,"(83.67455291748047, 697.825439453125, 55.84995651245117, 2282.89990234375)","(-0.9378239512443542, -0.9367319345474243, 0.93057781457901, 0.9306542277336121)",-58.4,1765210896.1646774
592,"(81.08451843261719, 712.868408203125, 55.68418884277344, 2382.2724609375)","(-0.938582181930542, -0.9378506541252136, 0.9320979118347168, 0.9317697882652283)",-58.4,1765210896.380055
593,"(83.29524230957031, 729.520263671875, 55.691932678222656, 2346.996337890625)","(-0.9409852027893066, -0.9392890930175781, 0.9336034059524536, 0.9333106279373169)",-58.4,1765210896.598344
594,"(80.2979507446289, 733.9534912109375, 59.37514114379883, 2380.54150390625)","(-0.9414188265800476, -0.9403930902481079, 0.9895007610321045, 0.9349904656410217)",-58.4,1765210896.8139482
595,"(80.84358215332031, 699.414794921875, 55.88854217529297, 2306.6357421875)","(-0.9426569938659668, -0.9420791268348694, 0.936578094959259, 0.9365330934524536)",-58.4,1765210897.0360684
596,"(80.03831481933594, 733.059814453125, 58.50871658325195, 2353.2255859375)","(-0.9445645213127136, -0.9431806802749634, 0.9380893707275391, 0.9377713203430176)",-58.4,1765210897.2539082
597,"(77.6944351196289, 713.37646484375, 61.237144470214844, 2383.01318359375)","(-0.9454771876335144, -0.945091187953949, 0.9391042590141296, 0.9388624429702759)",-58.4,1765210897.465439
598,"(79.90394592285156, 712.99462890625, 59.14593505859375, 2289.687255859375)","(-0.9476180672645569, -0.946745753288269, 0.9403020143508911, 0.9404246807098389)",-58.4,1765210897.6831474
599,"(80.99308776855469, 726.0712890625, 60.091697692871094, 2498.02001953125)","(-0.9491889476776123, -0.946895956993103, 0.9425627589225769, 0.942203938961029)",-58.4,1765210897.89869
600,"(82.25970458984375, 747.149169921875, 61.39342498779297, 2465.19775390625)","(-0.9504305124282837, -0.9482501745223999, 0.9438879489898682, 0.9439535737037659)",-58.4,1765210898.116845
601,"(84.05599975585938, 695.8935546875, 62.18118667602539, 2384.1962890625)","(-0.9503040909767151, -0.9504334330558777, 0.9442583918571472, 0.9435680508613586)",-58.4,1765210898.3357432
602,"(79.59725952148438, 709.058349609375, 59.54366683959961, 2337.340087890625)","(-0.9016512036323547, -0.9008313417434692, 0.9460620284080505, 0.9458118081092834)",-58.4,1765210898.5502234
603,"(78.71646881103516, 725.869873046875, 57.78245544433594, 2372.089111328125)","(-0.9035314917564392, -0.9029490947723389, 0.9465735554695129, 0.9468441605567932)",-58.4,1765210898.768462
604,"(77.99568176269531, 726.556884765625, 58.970638275146484, 2397.2802734375)","(-0.9053446054458618, -0.9044071435928345, 0.948495090007782, 0.9483522772789001)",-58.4,1765210898.9849806
605,"(77.34519958496094, 705.4312744140625, 56.15869903564453, 2335.76611328125)","(-0.9072597622871399, -0.9063107371330261, 0.9005417227745056, 0.9003137350082397)",-58.4,1765210899.2017367
606,"(77.52142333984375, 757.3717041015625, 55.265350341796875, 2410.48583984375)","(-0.9098025560379028, -0.9082992076873779, 0.9021477699279785, 0.901866614818573)",-58.4,1765210899.4200542
607,"(82.85839080810547, 758.5615234375, 59.97611999511719, 2462.2470703125)","(-0.9117927551269531, -0.9108288288116455, 0.9040054678916931, 0.9044109582901001)",-58.4,1765210899.6355507
608,"(87.16817474365234, 768.054443359375, 52.990577697753906, 2534.4052734375)","(-0.9135151505470276, -0.9114407300949097, 0.906514048576355, 0.9062834978103638)",-57.1,1765210899.8550973
609,"(79.51628112792969, 759.7967529296875, 42.563011169433594, 2454.27001953125)","(-0.9140010476112366, -0.913053035736084, 0.9075509309768677, 0.9070459008216858)",-56.8,1765210900.0699716
610,"(79.52497100830078, 755.9979248046875, 40.53250503540039, 2364.6884765625)","(-0.9161227345466614, -0.9154484868049622, 0.9094851613044739, 0.9091079235076904)",-56.7,1765210900.2871163
611,"(83.52558135986328, 730.89501953125, 43.62558364868164, 2259.5380859375)","(-0.9948343634605408, -0.9171594381332397, 0.9111613631248474, 0.9112147092819214)",-56.7,1765210900.502336
612,"(81.24767303466797, 780.55908203125, 41.84092712402344, 2362.77685546875)","(-0.9201675057411194, -0.9180585145950317, 0.9132381081581116, 0.9125650525093079)",-56.7,1765210900.7203965
613,"(74.47940063476562, 807.2655639648438, 40.900535583496094, 2536.63916015625)","(-0.9210817217826843, -0.9196699857711792, 0.9147290587425232, 0.9143599271774292)",-56.7,1765210900.9386408
614,"(76.32208251953125, 769.3204956054688, 42.03919219970703, 2408.80126953125)","(-0.9227572679519653, -0.9217707514762878, 0.9163895845413208, 0.9160414338111877)",-56.7,1765210901.1541529
615,"(74.10462188720703, 755.3181762695312, 40.16740417480469, 2391.68994140625)","(-0.9249028563499451, -0.9238359928131104, 0.918381929397583, 0.9173672795295715)",-56.7,1765210901.3719487
616,"(75.65341186523438, 776.919189453125, 36.09754180908203, 2409.65380859375)","(-0.926609456539154, -0.9707739949226379, 0.9196593165397644, 0.9196267127990723)",-56.7,1765210901.5874975
617,"(79.71903991699219, 758.86474609375, 40.29426574707031, 2317.72216796875)","(-0.9275864362716675, -0.9267322421073914, 0.9211933612823486, 0.9210327863693237)",-56.7,1765210901.8056595
618,"(85.7044677734375, 750.6424560546875, 44.05679702758789, 2314.547119140625)","(-0.9296554327011108, -0.9289340972900391, 0.9225670695304871, 0.9227962493896484)",-56.7,1765210902.023452
619,"(84.00274658203125, 800.1513671875, 41.74195861816406, 2427.891357421875)","(-0.9321860074996948, -0.9303983449935913, 0.9249587655067444, 0.9247126579284668)",-56.7,1765210902.240044
620,"(87.58732604980469, 819.1013793945312, 44.58207321166992, 2514.34130859375)","(-0.9324650168418884, -0.9340822100639343, 0.9259172081947327, 0.9262908697128296)",-56.7,1765210902.4572241
621,"(85.25480651855469, 842.8348388671875, 43.683326721191406, 2458.022216796875)","(-0.9362477660179138, -0.9328091740608215, 0.9284723997116089, 0.9282586574554443)",-56.7,1765210902.6727073
622,"(80.98039245605469, 813.6239624023438, 43.5831298828125, 2586.364990234375)","(-0.9345247149467468, -0.9328446984291077, 0.9286914467811584, 0.9279416799545288)",-56.7,1765210902.8905635
623,"(73.673095703125, 792.549560546875, 38.42698669433594, 2531.3544921875)","(-0.936390221118927, -0.9992532134056091, 0.9301663041114807, 0.9295809864997864)",-56.7,1765210903.1087945
624,"(80.49581909179688, 764.4371337890625, 41.17634963989258, 2330.371337890625)","(-0.9386173486709595, -0.9376288652420044, 0.9317653775215149, 0.9316151142120361)",-56.7,1765210903.3242486
625,"(85.95503997802734, 807.003662109375, 43.113548278808594, 2455.232177734375)","(-0.9400001764297485, -0.9401931166648865, 0.9333483576774597, 0.9334132075309753)",-56.7,1765210903.542058
626,"(83.39863586425781, 803.9891967773438, 43.719154357910156, 2346.9072265625)","(-0.9424594044685364, -0.9416307806968689, 0.9352446794509888, 0.9351844191551208)",-56.7,1765210903.7578702
627,"(85.91465759277344, 817.2794189453125, 46.873077392578125, 2512.67333984375)","(-0.9449259042739868, -0.9437559247016907, 0.9368417263031006, 0.9372194409370422)",-56.7,1765210903.9769478
628,"(81.37139892578125, 796.721923828125, 45.467288970947266, 2472.073486328125)","(-0.9463539123535156, -0.9435189366340637, 0.9392470121383667, 0.9386152625083923)",-56.7,1765210904.1940866
629,"(84.822265625, 845.3983154296875, 46.718814849853516, 2611.265869140625)","(-0.9438036680221558, -0.9484419226646423, 0.9381628036499023, 0.9395527243614197)",-56.7,1765210904.4091475
630,"(79.80314636230469, 855.1320190429688, 45.5579719543457, 2603.306640625)","(-0.9435759782791138, -1.003042221069336, 0.938718318939209, 0.940116822719574)",-56.7,1765210904.627364
631,"(78.55619049072266, 762.384765625, 43.175941467285156, 2463.8916015625)","(-0.9460164904594421, -0.9469478726387024, 0.9405233263969421, 0.9400642514228821)",-56.7,1765210904.8429585
632,"(78.78160858154297, 754.3311767578125, 40.617469787597656, 2372.843017578125)","(-0.9480835199356079, -0.9480630159378052, 0.9419531226158142, 0.9419045448303223)",-56.7,1765210905.0607548
633,"(79.37673950195312, 746.1064453125, 39.950340270996094, 2246.3798828125)","(-0.9510489106178284, -0.9498207569122314, 0.9444954991340637, 0.9438261985778809)",-56.7,1765210905.2789705
634,"(84.7412338256836, 782.14208984375, 43.959747314453125, 2433.40673828125)","(-0.9002480506896973, -0.9010913372039795, 0.9447458386421204, 0.9451620578765869)",-56.7,1765210905.4948573
635,"(77.81863403320312, 734.5151977539062, 41.253475189208984, 2407.34765625)","(-0.9025949835777283, -0.9025909304618835, 0.9463095664978027, 0.9462004899978638)",-56.7,1765210905.7140145
636,"(79.64755249023438, 774.294921875, 41.717071533203125, 2375.1552734375)","(-0.905003011226654, -0.9047498106956482, 0.9480307102203369, 0.9481021165847778)",-56.7,1765210905.9371476
637,"(77.77565002441406, 767.4307861328125, 40.90267562866211, 2391.7314453125)","(-0.906797468662262, -0.9995059967041016, 0.9490247368812561, 0.9489936828613281)",-56.7,1765210906.146016
638,"(73.73921966552734, 709.19970703125, 39.17505645751953, 2215.907470703125)","(-0.9067881107330322, -0.9078094363212585, 0.9009755849838257, 0.9009326696395874)",-56.7,1765210906.3641195
639,"(81.04887390136719, 778.8541870117188, 41.598480224609375, 2355.072265625)","(-0.9107706546783447, -0.9090136289596558, 0.9036725163459778, 0.9029772281646729)",-56.7,1765210906.579246
640,"(79.70156860351562, 789.77099609375, 31.79205322265625, 2393.0068359375)","(-0.9127079248428345, -0.9111790060997009, 0.905809760093689, 0.9054140448570251)",-55.2,1765210906.7979653
641,"(82.90106201171875, 823.6302490234375, 29.14068031311035, 2482.819091796875)","(-0.914670467376709, -0.9121439456939697, 0.908191978931427, 0.9074090719223022)",-54.9,1765210907.012984
642,"(80.12132263183594, 822.963134765625, 27.308429718017578, 2501.61669921875)","(-0.9160736203193665, -0.9143946766853333, 0.9095165729522705, 0.9089723825454712)",-54.9,1765210907.2323766
643,"(81.15809631347656, 798.11962890625, 26.936716079711914, 2404.04833984375)","(-0.9179001450538635, -0.9159970283508301, 0.9113443493843079, 0.9108636379241943)",-54.9,1765210907.4463167
644,"(79.75511932373047, 823.23681640625, 27.12297821044922, 2500.1298828125)","(-0.9183604717254639, -0.9939380288124084, 0.9122524261474609, 0.911151111125946)",-54.9,1765210907.6646225
645,"(78.72463989257812, 779.2864379882812, 25.808135986328125, 2280.736328125)","(-0.9197943806648254, -0.920146107673645, 0.9137080311775208, 0.913698136806488)",-54.9,1765210907.882723
646,"(85.02804565429688, 830.0853271484375, 26.312347412109375, 2423.474609375)","(-0.9224737286567688, -0.921360433101654, 0.9162038564682007, 0.9154723882675171)",-54.9,1765210908.097792
647,"(82.48856353759766, 800.0252685546875, 27.226966857910156, 2425.26806640625)","(-0.9237955212593079, -0.9221901297569275, 0.917661726474762, 0.9171555042266846)",-54.8,1765210908.3160963
648,"(80.78857421875, 789.2470703125, 25.867778778076172, 2390.856201171875)","(-0.9250107407569885, -0.9246113300323486, 0.9188421368598938, 0.918441653251648)",-54.8,1765210908.531612
649,"(77.16046905517578, 765.8322143554688, 24.56691551208496, 2321.453125)","(-0.9269469380378723, -0.9266937971115112, 0.9213171005249023, 0.9202321767807007)",-54.8,1765210908.7497373
650,"(76.1299819946289, 728.63232421875, 24.689178466796875, 2204.20458984375)","(-0.927749514579773, -0.9291480183601379, 0.9225888252258301, 0.9218345284461975)",-54.8,1765210908.967596
651,"(77.086669921875, 773.7601318359375, 26.621273040771484, 2296.24853515625)","(-0.9301588535308838, -0.9936283230781555, 0.9242884516716003, 0.9234238862991333)",-54.8,1765210909.1842597
652,"(75.75897216796875, 741.5030517578125, 25.604108810424805, 2243.0546875)","(-0.932272732257843, -0.9318459033966064, 0.9263544678688049, 0.9254263639450073)",-54.8,1765210909.4012973
653,"(78.00462341308594, 754.47802734375, 25.424169540405273, 2155.135986328125)","(-0.9338359236717224, -0.9335054755210876, 0.9279289245605469, 0.9270362257957458)",-54.8,1765210909.6166115
654,"(77.93609619140625, 743.1611328125, 25.016834259033203, 2208.200927734375)","(-0.9357672929763794, -0.9336854219436646, 0.9293403625488281, 0.9287692308425903)",-54.8,1765210909.8346784
655,"(78.00120544433594, 772.6821899414062, 24.95699119567871, 2252.841552734375)","(-0.9357154369354248, -0.9350643157958984, 0.9295992255210876, 0.9288772940635681)",-54.8,1765210910.0530527
656,"(77.14143371582031, 771.1573486328125, 25.195968627929688, 2384.89794921875)","(-0.9372062683105469, -0.93715900182724, 0.931475818157196, 0.9305887818336487)",-54.8,1765210910.2683413
657,"(79.662109375, 774.494140625, 26.191938400268555, 2288.337890625)","(-0.9385253190994263, -0.9384046792984009, 0.9327335357666016, 0.9324619174003601)",-54.8,1765210910.4861827
658,"(81.73136138916016, 818.3818359375, 27.534006118774414, 2442.259521484375)","(-0.9406703114509583, -0.9883819818496704, 0.9347146153450012, 0.9338983297348022)",-54.8,1765210910.701765
659,"(76.779541015625, 778.5615234375, 24.855091094970703, 2446.744140625)","(-0.9414003491401672, -0.9411218166351318, 0.9352573752403259, 0.9347935914993286)",-54.8,1765210910.9199257
660,"(80.32890319824219, 756.6759033203125, 24.979568481445312, 2278.875244140625)","(-0.9432540535926819, -0.9425370693206787, 0.9373725056648254, 0.9365687966346741)",-54.8,1765210911.138327
661,"(80.16612243652344, 785.0687255859375, 25.379730224609375, 2330.1083984375)","(-0.9447201490402222, -0.9434400796890259, 0.9386773109436035, 0.9379233121871948)",-54.8,1765210911.3532887
662,"(77.19247436523438, 792.89794921875, 25.374462127685547, 2429.4287109375)","(-0.9453168511390686, -0.9455371499061584, 0.9397711157798767, 0.938849687576294)",-54.8,1765210911.5715928
663,"(80.32940673828125, 794.6807250976562, 24.538896560668945, 2361.3974609375)","(-0.9470322132110596, -0.9472554922103882, 0.9413453340530396, 0.9408277869224548)",-54.8,1765210911.7870078
664,"(80.88719177246094, 777.498046875, 25.612319946289062, 2332.97265625)","(-0.947721540927887, -0.9474680423736572, 0.9424875378608704, 0.9417214393615723)",-54.8,1765210912.0048037
665,"(75.11378479003906, 811.938720703125, 23.7603759765625, 2411.1806640625)","(-0.9488256573677063, -0.9499744772911072, 0.9434303641319275, 0.9430011510848999)",-54.8,1765210912.2230945
666,"(74.94554901123047, 752.7012939453125, 23.25482749938965, 2309.053955078125)","(-0.9499989151954651, -0.9004013538360596, 0.9454441070556641, 0.9449159502983093)",-54.8,1765210912.4385529
667,"(76.69256591796875, 730.907958984375, 24.31580352783203, 2258.442138671875)","(-0.902050793170929, -0.9021167159080505, 0.9468196630477905, 0.9462759494781494)",-54.8,1765210912.656375
668,"(76.01709747314453, 744.6726684570312, 23.975133895874023, 2222.81640625)","(-0.9033240675926208, -0.9037286639213562, 0.9473910331726074, 0.946907103061676)",-54.8,1765210912.8723316
669,"(76.64718627929688, 771.9490966796875, 24.190658569335938, 2314.6552734375)","(-0.9054326415061951, -0.9055697321891785, 0.9486624598503113, 0.9486762285232544)",-54.8,1765210913.0902443
670,"(82.94609069824219, 759.2706909179688, 26.64840316772461, 2263.735595703125)","(-0.9071440696716309, -0.9073750972747803, 0.9014921188354492, 0.9003852009773254)",-54.8,1765210913.305383
671,"(81.91329956054688, 809.3473510742188, 27.069103240966797, 2370.65966796875)","(-0.9082697629928589, -0.9094225764274597, 0.9029847979545593, 0.9021970629692078)",-54.8,1765210913.523465
672,"(75.1920166015625, 788.21044921875, 17.307918548583984, 2346.603271484375)","(-0.9123290181159973, -0.9125826954841614, 0.9068661332130432, 0.9057337641716003)",-53.6,1765210913.957068
673,"(79.65997314453125, 820.7724609375, 16.39610481262207, 2343.239013671875)","(-0.9141782522201538, -0.9142746329307556, 0.9090549349784851, 0.9075056314468384)",-53.2,1765210914.175067
674,"(84.60256958007812, 889.299072265625, 14.423471450805664, 2497.186279296875)","(-0.9154820442199707, -0.962502658367157, 0.9110286831855774, 0.9092175960540771)",-53.0,1765210914.3904707
675,"(85.804931640625, 864.200439453125, 14.183610916137695, 2436.353271484375)","(-0.9169199466705322, -0.9178930521011353, 0.9120115041732788, 0.910908043384552)",-53.0,1765210914.608634
676,"(88.86022186279297, 817.36181640625, 15.02853012084961, 2333.30908203125)","(-0.9188222289085388, -0.9189987778663635, 0.9142375588417053, 0.912791907787323)",-52.9,1765210914.8264809
677,"(84.14784240722656, 823.1709594726562, 15.038618087768555, 2327.892578125)","(-0.9206358790397644, -0.9209402799606323, 0.9159989953041077, 0.9144012331962585)",-52.9,1765210915.0420496
678,"(83.53840637207031, 815.4718627929688, 14.14035701751709, 2331.059814453125)","(-0.9222937822341919, -0.9226995706558228, 0.9181185960769653, 0.9163045287132263)",-52.9,1765210915.260181
679,"(80.64988708496094, 803.71923828125, 14.570568084716797, 2212.248291015625)","(-0.9236354827880859, -0.9245768189430237, 0.9323562979698181, 0.9180086255073547)",-52.9,1765210915.4770598
680,"(82.93257141113281, 821.5712280273438, 14.705739974975586, 2318.77294921875)","(-0.9255102276802063, -0.9254278540611267, 0.9204467535018921, 0.9192726612091064)",-52.9,1765210915.693529
681,"(79.81268310546875, 869.56103515625, 13.730722427368164, 2481.04443359375)","(-0.9272734522819519, -0.9270702004432678, 0.9224258661270142, 0.9209807515144348)",-52.9,1765210915.911719
682,"(82.41605377197266, 824.6595458984375, 14.483467102050781, 2397.36376953125)","(-0.9289236664772034, -0.9287488460540771, 0.9240122437477112, 0.9227001667022705)",-52.9,1765210916.1272562
683,"(89.02372741699219, 869.3718872070312, 15.16886043548584, 2439.74365234375)","(-0.9300956726074219, -0.931028425693512, 0.9259305596351624, 0.9242324233055115)",-52.9,1765210916.3450472
684,"(84.3462905883789, 845.98388671875, 14.967623710632324, 2554.7197265625)","(-0.9314882159233093, -0.932665228843689, 0.9267673492431641, 0.9652682542800903)",-52.9,1765210916.5605986
685,"(84.1783447265625, 848.7611083984375, 14.485064506530762, 2415.94384765625)","(-0.933219850063324, -0.9339900612831116, 0.9286207556724548, 0.9272199273109436)",-52.9,1765210916.7788308
686,"(88.18529510498047, 809.6746826171875, 16.47879981994629, 2304.89990234375)","(-0.9646961688995361, -0.9353541135787964, 0.9305811524391174, 0.9290156364440918)",-52.9,1765210916.996611
687,"(85.2064208984375, 863.2005004882812, 15.813485145568848, 2406.550048828125)","(-0.9358026385307312, -0.9372652173042297, 0.9317300915718079, 0.9302920699119568)",-52.9,1765210917.212265
688,"(82.90591430664062, 901.08203125, 15.294122695922852, 2434.92138671875)","(-0.9383002519607544, -0.9383783340454102, 0.9334529638290405, 0.9320585131645203)",-52.9,1765210917.4302948
689,"(87.21253967285156, 864.003662109375, 15.327508926391602, 2477.56005859375)","(-0.9395900368690491, -0.9397841691970825, 0.9351783990859985, 0.9335985779762268)",-52.9,1765210917.6457376
690,"(86.1025390625, 867.6627197265625, 15.795257568359375, 2489.80126953125)","(-0.9416988492012024, -0.9404157996177673, 0.9355583190917969, 0.9350157976150513)",-52.9,1765210917.8637247
691,"(79.84379577636719, 803.6976928710938, 14.370927810668945, 2562.20556640625)","(-0.9423334002494812, -0.9417775869369507, 0.9365293383598328, 0.957432210445404)",-52.9,1765210918.081843
692,"(84.63922119140625, 843.4964599609375, 14.705707550048828, 2350.13330078125)","(-0.9435880780220032, -0.9434321522712708, 0.9385018348693848, 0.9371728897094727)",-52.9,1765210918.2973268
693,"(88.66553497314453, 814.1367797851562, 16.581300735473633, 2374.09228515625)","(-0.9565532803535461, -0.9453031420707703, 0.9397861361503601, 0.9387552738189697)",-52.9,1765210918.5152493
694,"(84.48841094970703, 865.5537109375, 15.591382026672363, 2342.55419921875)","(-0.9460500478744507, -0.9469795227050781, 0.9410756826400757, 0.9403346180915833)",-52.9,1765210918.731911
695,"(86.30879211425781, 869.1661376953125, 15.696907997131348, 2402.515869140625)","(-0.9479985237121582, -0.9478453397750854, 0.942970335483551, 0.9417172074317932)",-52.9,1765210918.9488993
696,"(81.92874145507812, 842.2263793945312, 15.594635009765625, 2331.056640625)","(-0.9470988512039185, -0.9504340291023254, 0.9442158341407776, 0.943051815032959)",-52.9,1765210919.1671665
697,"(82.45372009277344, 879.5181884765625, 16.55080795288086, 2451.535888671875)","(-0.9488989114761353, -0.951600968837738, 0.9452176094055176, 0.9444016218185425)",-52.9,1765210919.3823311
698,"(78.88124084472656, 827.1881103515625, 15.148305892944336, 2511.342041015625)","(-0.9007100462913513, -0.9010592699050903, 0.9466428756713867, 0.9512099623680115)",-52.9,1765210919.6004434
699,"(83.86701965332031, 851.9619140625, 15.486448287963867, 2369.96875)","(-0.9026715755462646, -0.9029372930526733, 0.9476309418678284, 0.9467978477478027)",-52.9,1765210919.815974
700,"(85.02845764160156, 869.4302978515625, 16.383222579956055, 2401.62548828125)","(-0.9480681419372559, -0.9050440788269043, 0.9491128325462341, 0.9483018517494202)",-52.9,1765210920.0337882
701,"(81.03956604003906, 824.0938720703125, 14.779084205627441, 2301.633056640625)","(-0.9061324596405029, -0.9064733982086182, 0.901337742805481, 0.9490933418273926)",-52.9,1765210920.2493348
702,"(84.22428894042969, 858.099365234375, 15.180397033691406, 2346.3203125)","(-0.9082043170928955, -0.9085084795951843, 0.9033233523368835, 0.9019412994384766)",-52.9,1765210920.4674761
703,"(82.09848022460938, 829.79443359375, 14.990341186523438, 2278.38134765625)","(-0.910086452960968, -0.9098605513572693, 0.905077338218689, 0.9037054181098938)",-52.9,1765210920.6866505
704,"(90.70973205566406, 910.05810546875, 13.820755004882812, 2433.19482421875)","(-0.9114576578140259, -0.9119060635566711, 0.9070153832435608, 0.905595064163208)",-51.7,1765210920.9024148
705,"(89.78761291503906, 868.1370849609375, 13.564884185791016, 2486.18798828125)","(-0.913395345211029, -0.9127862453460693, 0.9080735445022583, 0.9416192770004272)",-51.3,1765210921.1190438
706,"(93.10176849365234, 874.0509033203125, 13.959507942199707, 2322.48828125)","(-0.9153006076812744, -0.9145731329917908, 0.9102180004119873, 0.9085376262664795)",-51.1,1765210921.3345697
707,"(95.75911712646484, 902.4932861328125, 15.131376266479492, 2413.1162109375)","(-0.9400465488433838, -0.9163099527359009, 0.9561882615089417, 0.9105954766273499)",-51.1,1765210921.5524147
708,"(91.23760223388672, 872.1112060546875, 13.95987606048584, 2306.293701171875)","(-0.9186558127403259, -0.9180699586868286, 0.9135116338729858, 0.9124355912208557)",-51.1,1765210921.7706368
709,"(95.7003173828125, 916.8944091796875, 14.893153190612793, 2402.08251953125)","(-0.9196716547012329, -0.9205367565155029, 0.915229082107544, 0.914152979850769)",-51.1,1765210921.9873657
710,"(92.2091064453125, 890.1951904296875, 14.144058227539062, 2379.095703125)","(-0.9215561151504517, -0.9215534925460815, 0.9173763990402222, 0.9151408672332764)",-51.1,1765210922.2047188
711,"(89.32902526855469, 874.6971435546875, 13.293742179870605, 2302.34521484375)","(-0.9234306216239929, -0.923047661781311, 0.9185170531272888, 0.9168806672096252)",-51.1,1765210922.4194546
712,"(91.42308044433594, 875.347900390625, 13.71993350982666, 2462.28662109375)","(-0.924345850944519, -0.9251822233200073, 0.9202847480773926, 0.9332863092422485)",-51.1,1765210922.637648
713,"(88.43938446044922, 881.9305419921875, 13.328847885131836, 2361.085205078125)","(-0.9258384704589844, -0.9269131422042847, 0.9217759370803833, 0.9200236797332764)",-51.1,1765210922.8558645
714,"(94.06230163574219, 904.06201171875, 13.673819541931152, 2440.09423828125)","(-0.929675281047821, -0.9282110333442688, 0.9642934203147888, 0.9219223260879517)",-51.1,1765210923.0709817
715,"(89.81300354003906, 875.603515625, 13.322932243347168, 2364.0029296875)","(-0.9294728636741638, -0.9297495484352112, 0.9251251220703125, 0.923503577709198)",-51.1,1765210923.2892003
716,"(93.16693115234375, 883.1805419921875, 14.175483703613281, 2385.85205078125)","(-0.930935263633728, -0.9310267567634583, 0.9266428351402283, 0.9245725274085999)",-51.1,1765210923.5048418
717,"(89.99868774414062, 862.5877075195312, 13.748687744140625, 2367.2392578125)","(-0.9330411553382874, -0.9323978424072266, 0.9280569553375244, 0.9260883927345276)",-51.1,1765210923.7228985
718,"(91.29171752929688, 836.8026123046875, 13.406326293945312, 2285.3076171875)","(-0.9342331290245056, -0.9339617490768433, 0.9289602041244507, 0.9278376698493958)",-51.1,1765210923.940712
719,"(91.40863037109375, 853.2198486328125, 13.878232955932617, 2436.017822265625)","(-0.9352625608444214, -0.9358829855918884, 0.930986762046814, 0.9226242303848267)",-51.1,1765210924.1561902
720,"(88.06875610351562, 856.3261108398438, 13.909868240356445, 2351.125244140625)","(-0.9367784261703491, -0.9373446702957153, 0.9326738119125366, 0.9308038353919983)",-51.1,1765210924.3744867
721,"(92.79804992675781, 875.1635131835938, 13.962407112121582, 2379.455322265625)","(-0.9195654988288879, -0.9386276006698608, 0.9705600738525391, 0.9323092699050903)",-51.1,1765210924.5895426
722,"(90.43899536132812, 852.1041259765625, 13.524744033813477, 2301.050537109375)","(-0.9400789141654968, -0.9398632645606995, 0.9350921511650085, 0.9338697791099548)",-51.1,1765210924.8077674
723,"(89.60968017578125, 884.54638671875, 13.739456176757812, 2358.802001953125)","(-0.9417176246643066, -0.9412184953689575, 0.9365448951721191, 0.935214638710022)",-51.1,1765210925.0260024
724,"(91.8792953491211, 893.3848266601562, 13.803738594055176, 2380.78271484375)","(-0.9421690702438354, -0.9435060620307922, 0.9379155039787292, 0.9370276927947998)",-51.1,1765210925.2415352
725,"(91.31915283203125, 862.2021484375, 13.014089584350586, 2349.06689453125)","(-0.9443084597587585, -0.9439710974693298, 0.9397616386413574, 0.9381027817726135)",-51.1,1765210925.4594333
726,"(88.70683288574219, 849.8509521484375, 13.027356147766113, 2478.683349609375)","(-0.9459657669067383, -0.9453086853027344, 0.9403396248817444, 0.911666989326477)",-51.1,1765210925.6752696
727,"(89.55546569824219, 882.4366455078125, 13.061762809753418, 2392.5908203125)","(-0.9467313885688782, -0.9471067190170288, 0.9422129988670349, 0.9408432245254517)",-51.1,1765210925.8930519
728,"(96.29998779296875, 861.5948486328125, 13.355483055114746, 2338.82763671875)","(-0.9072983264923096, -0.9488208293914795, 0.943454384803772, 0.9424346685409546)",-51.1,1765210926.1081982
729,"(94.33731079101562, 888.9219970703125, 13.911945343017578, 2367.11572265625)","(-0.9485816359519958, -0.9503265619277954, 0.9451175928115845, 0.9435047507286072)",-51.1,1765210926.3272555
730,"(91.376953125, 911.223388671875, 13.725103378295898, 2398.744140625)","(-0.9502048492431641, -0.9000148773193359, 0.9460985660552979, 0.9446059465408325)",-51.1,1765210926.5445917
731,"(97.72198486328125, 863.518310546875, 19.427928924560547, 2361.672119140625)","(-0.901889443397522, -0.901749849319458, 0.9466386437416077, 0.9458394646644592)",-51.1,1765210926.7600353
732,"(101.1424560546875, 848.0272216796875, 23.168453216552734, 2331.669189453125)","(-0.9040313959121704, -0.9033324122428894, 0.9481181502342224, 0.9471648931503296)",-51.1,1765210926.979238
733,"(95.8227767944336, 907.1102294921875, 14.416690826416016, 2478.162109375)","(-0.9055261611938477, -0.9052422046661377, 0.9007775187492371, 0.9486830234527588)",-51.1,1765210927.1947184
734,"(95.9327163696289, 852.9181518554688, 17.424667358398438, 2388.84716796875)","(-0.9068973660469055, -0.9071050882339478, 0.9022212624549866, 0.9008902311325073)",-51.1,1765210927.4116154
735,"(853.40625, 40.373695373535156, 2529.857177734375, 2445.47216796875)","(-0.9084023833274841, -0.9096812605857849, 0.9025862216949463, 0.9026208519935608)",-51.1,1765210927.6617956
736,"(91.79212951660156, 895.0253295898438, 13.49435806274414, 2772.9130859375)","(-0.91279137134552, -0.9121227860450745, 0.9073389768600464, 0.9059925675392151)",-49.9,1765210928.0633357
737,"(91.00486755371094, 998.4418334960938, 6.220181941986084, 2650.489501953125)","(-0.9145723581314087, -0.9137586951255798, 0.9090328216552734, 0.9079309105873108)",-49.9,1765210928.2786627
738,"(90.82115173339844, 994.7664184570312, 11.596111297607422, 2583.543212890625)","(-0.9162333011627197, -0.9162362217903137, 0.9103836417198181, 0.9098488092422485)",-49.9,1765210928.4965572
739,"(79.12612915039062, 1006.4383544921875, 15.126413345336914, 2601.159423828125)","(-0.9182127714157104, -0.9171556830406189, 0.912489652633667, 0.910992443561554)",-49.9,1765210928.7147539
740,"(80.90994262695312, 1008.9951171875, 15.202879905700684, 2443.8544921875)","(-0.919201672077179, -0.9198227524757385, 0.9143942594528198, 0.9133383631706238)",-49.9,1765210928.930284
741,"(88.28044128417969, 980.8555297851562, 15.67194938659668, 2467.37451171875)","(-0.9213249683380127, -0.9204063415527344, 0.9155551791191101, 0.9144499897956848)",-49.9,1765210929.1480627
742,"(89.86393737792969, 953.972900390625, 13.755199432373047, 2594.92529296875)","(-0.9223523736000061, -0.9226024150848389, 0.9180076122283936, 0.9937319159507751)",-49.9,1765210929.3636515
743,"(109.48527526855469, 998.2404174804688, 20.469858169555664, 2398.866943359375)","(-0.9242020845413208, -0.9241562485694885, 0.9191829562187195, 0.9179558753967285)",-49.9,1765210929.5817654
744,"(127.16400146484375, 925.3256225585938, 83.3532943725586, 2278.62060546875)","(-0.9260107278823853, -0.925733208656311, 0.9203869104385376, 0.9195994734764099)",-49.9,1765210929.7996457
745,"(120.73883056640625, 865.8643798828125, 17.54973602294922, 2729.4501953125)","(-0.9273006319999695, -0.9276588559150696, 0.9219922423362732, 0.9214226603507996)",-49.9,1765210930.0150898
746,"(130.03414916992188, 896.1392211914062, 32.104801177978516, 2739.1552734375)","(-0.929111123085022, -0.9286784529685974, 0.9236521124839783, 0.922936201095581)",-49.9,1765210930.2333167
747,"(153.80364990234375, 936.0791015625, 74.68389892578125, 2542.6591796875)","(-0.9308905601501465, -0.9304859042167664, 0.9248945713043213, 0.9245477318763733)",-49.9,1765210930.4488816
748,"(140.65966796875, 917.6993408203125, 68.841796875, 2631.75390625)","(-0.931911051273346, -0.9324170351028442, 0.9259019494056702, 0.9262399077415466)",-49.9,1765210930.6736422
749,"(120.25292205810547, 931.343994140625, 56.385711669921875, 2717.91748046875)","(-0.9335939288139343, -0.990200400352478, 0.9278393387794495, 0.9273021817207336)",-49.9,1765210930.884884
750,"(131.98167419433594, 905.7852172851562, 69.9908676147461, 2423.716552734375)","(-0.9348993897438049, -0.9349981546401978, 0.9290478229522705, 0.9290751814842224)",-49.9,1765210931.100654
751,"(135.9685821533203, 868.5279541015625, 80.70843505859375, 2433.39501953125)","(-0.9362103939056396, -0.9368818998336792, 0.9305713176727295, 0.9304675459861755)",-49.9,1765210931.3186193
752,"(120.95112609863281, 908.16259765625, 70.00764465332031, 2412.23486328125)","(-0.9377523064613342, -0.9379604458808899, 0.9318625330924988, 0.931697428226471)",-49.9,1765210931.5402868
753,"(119.0712890625, 871.8359375, 68.16437530517578, 2387.4775390625)","(-0.939194917678833, -0.939663290977478, 0.9336488842964172, 0.9330639243125916)",-49.9,1765210931.754663
754,"(111.52394104003906, 841.8114624023438, 63.124053955078125, 2275.31591796875)","(-0.9407256841659546, -0.9406537413597107, 0.9350927472114563, 0.9346886277198792)",-49.9,1765210931.97082
755,"(119.00891876220703, 910.74951171875, 66.40455627441406, 2428.45556640625)","(-0.9417975544929504, -0.9425114989280701, 0.9362316727638245, 0.9358318448066711)",-49.9,1765210932.1886446
756,"(113.78099060058594, 936.3911743164062, 66.7644271850586, 2537.26904296875)","(-0.9435737729072571, -0.996244490146637, 0.937514066696167, 0.9373637437820435)",-49.9,1765210932.408855
757,"(121.05802154541016, 885.11279296875, 68.70578002929688, 2390.4765625)","(-0.9447001814842224, -0.9447320699691772, 0.9388241767883301, 0.9386640787124634)",-49.9,1765210932.6194034
758,"(124.66595458984375, 914.0255126953125, 67.77124786376953, 2445.35302734375)","(-0.9461615085601807, -0.9462600350379944, 0.940545380115509, 0.9402194023132324)",-49.9,1765210932.840793
759,"(123.67778015136719, 875.8016357421875, 64.7429428100586, 2347.400634765625)","(-0.9470385313034058, -0.9481349587440491, 0.9415275454521179, 0.9417728781700134)",-49.9,1765210933.052231
760,"(122.23684692382812, 883.7955322265625, 66.95110321044922, 2414.15625)","(-0.9489116072654724, -0.9489607214927673, 0.9431153535842896, 0.9428550601005554)",-49.9,1765210933.2712767
761,"(903.45751953125, 69.1138687133789, 2398.5263671875, 2364.713623046875)","(-0.9507911205291748, -0.9505230188369751, 0.943926215171814, 0.9441605806350708)",-49.9,1765210933.5026863
762,"(129.30711364746094, 932.0573120117188, 71.3757553100586, 2482.218017578125)","(-0.9012629389762878, -0.9010446071624756, 0.9451378583908081, 0.9459713697433472)",-49.9,1765210933.7040236
763,"(132.4277801513672, 938.0274658203125, 71.4539794921875, 2469.6982421875)","(-0.9028716087341309, -0.9986737370491028, 0.9468123912811279, 0.9466028213500977)",-49.9,1765210933.9221666
764,"(134.243408203125, 911.4439086914062, 69.1510009765625, 2336.91796875)","(-0.9045631885528564, -0.9045262336730957, 0.9481713771820068, 0.947821855545044)",-49.9,1765210934.137583
765,"(137.5605010986328, 920.5809326171875, 75.20128631591797, 2411.90087890625)","(-0.9064302444458008, -0.9062599539756775, 0.9005159735679626, 0.9000981450080872)",-49.9,1765210934.3562107
766,"(929.4246826171875, 75.52616882324219, 1731.2763671875, 2390.265625)","(-0.9079671502113342, -0.9087607860565186, 0.9292685389518738, 0.9020329713821411)",-49.9,1765210934.6017861
767,"(174.34921264648438, 74.80435180664062, 2401.25244140625, 2386.696044921875)","(-0.9466989636421204, -0.9103641510009766, 0.9036108255386353, 0.90373694896698)",-49.9,1765210934.7983823
768,"(176.99217224121094, 956.0791015625, 141.10067749023438, 2307.613037109375)","(-0.914027750492096, -0.9132426381111145, 0.9073971509933472, 0.9070467352867126)",-47.7,1765210935.2235768
769,"(181.22186279296875, 974.0794677734375, 147.7335968017578, 2424.48828125)","(-0.9147116541862488, -0.9996007084846497, 0.9087954759597778, 0.9092482328414917)",-47.7,1765210935.4406354
770,"(171.84942626953125, 917.868408203125, 141.48095703125, 2315.543212890625)","(-0.9169550538063049, -0.9168818593025208, 0.9106186628341675, 0.9107622504234314)",-47.7,1765210935.6589139
771,"(174.26043701171875, 951.200439453125, 147.4383544921875, 2447.9013671875)","(-0.9189056158065796, -0.9181841611862183, 0.9126263856887817, 0.911929726600647)",-47.7,1765210935.8740814
772,"(173.7801513671875, 962.679443359375, 149.84033203125, 2445.34423828125)","(-0.9201788306236267, -0.9202739000320435, 0.9140915274620056, 0.9139074683189392)",-47.7,1765210936.097477
773,"(173.9966278076172, 932.56298828125, 147.80963134765625, 2394.8662109375)","(-0.921968400478363, -0.922025740146637, 0.915760338306427, 0.9158556461334229)",-47.7,1765210936.3088696
774,"(171.23928833007812, 942.7762451171875, 145.90724182128906, 2423.412841796875)","(-0.9234049916267395, -0.9236570000648499, 0.9172757863998413, 0.9172678589820862)",-47.7,1765210936.5259304
775,"(170.16729736328125, 898.171875, 143.90716552734375, 2312.947021484375)","(-0.9250406622886658, -0.9250351190567017, 0.9189912676811218, 0.9189527034759521)",-47.7,1765210936.7439113
776,"(173.2373809814453, 953.5697021484375, 149.99652099609375, 2420.998046875)","(-0.9268463850021362, -0.9988133311271667, 0.9205329418182373, 0.9205198287963867)",-47.7,1765210936.9594917
777,"(171.01304626464844, 918.9837646484375, 146.28936767578125, 2372.0732421875)","(-0.928085446357727, -0.9283335208892822, 0.9221333265304565, 0.9220407605171204)",-47.7,1765210937.177493
778,"(178.38992309570312, 956.3897094726562, 148.5500030517578, 2403.15234375)","(-0.929836630821228, -0.9301310181617737, 0.9235442280769348, 0.9237560629844666)",-47.7,1765210937.3929353
779,"(172.96058654785156, 916.74853515625, 142.930419921875, 2300.8701171875)","(-0.9315757751464844, -0.9313801527023315, 0.9251616597175598, 0.924802303314209)",-47.7,1765210937.6109548
780,"(170.23770141601562, 930.2694091796875, 139.0468292236328, 2326.7822265625)","(-0.9330465197563171, -0.9327639937400818, 0.9269382357597351, 0.9269015192985535)",-47.7,1765210937.8290405
781,"(176.7210235595703, 935.6956787109375, 140.90127563476562, 2377.689208984375)","(-0.9343651533126831, -0.9341915249824524, 0.9284992814064026, 0.9282076954841614)",-47.7,1765210938.0447826
782,"(177.0960693359375, 914.9771728515625, 141.02984619140625, 2317.2099609375)","(-0.935761570930481, -0.9360217452049255, 0.9297127723693848, 0.9298220872879028)",-47.7,1765210938.2624383
783,"(180.6996307373047, 960.6317138671875, 144.3819580078125, 2397.80078125)","(-0.937304675579071, -0.9993041753768921, 0.9311136603355408, 0.9313298463821411)",-47.7,1765210938.4790394
784,"(177.57400512695312, 932.31591796875, 141.06204223632812, 2364.8837890625)","(-0.9385974407196045, -0.9387759566307068, 0.9325927495956421, 0.932721734046936)",-47.7,1765210938.6962922
785,"(183.19554138183594, 905.0089111328125, 146.94204711914062, 2296.37841796875)","(-0.9400039315223694, -0.9401657581329346, 0.9340512156486511, 0.9343894720077515)",-47.7,1765210938.9112926
786,"(176.33773803710938, 908.294677734375, 145.52857971191406, 2333.0927734375)","(-0.9416466355323792, -0.9416561722755432, 0.9354571104049683, 0.935339629650116)",-47.7,1765210939.1293323
787,"(171.63812255859375, 930.5726318359375, 144.68011474609375, 2384.92822265625)","(-0.9426044821739197, -0.9432411193847656, 0.9366485476493835, 0.9371408820152283)",-47.7,1765210939.347575
788,"(170.46829223632812, 921.0068359375, 146.95989990234375, 2414.00732421875)","(-0.9443660378456116, -0.9443933367729187, 0.9384617209434509, 0.938195526599884)",-47.7,1765210939.563062
789,"(175.09271240234375, 918.42529296875, 150.25967407226562, 2346.1103515625)","(-0.9459625482559204, -0.9455498456954956, 0.9398022294044495, 0.9395557045936584)",-47.7,1765210939.7809014
790,"(177.83740234375, 959.2579956054688, 144.0054168701172, 2448.15087890625)","(-0.9463945031166077, -0.9988205432891846, 0.9409001469612122, 0.9413001537322998)",-47.7,1765210939.9966395
791,"(174.19158935546875, 923.2767333984375, 146.8331756591797, 2400.390625)","(-0.9480911493301392, -0.9484511017799377, 0.9419546723365784, 0.9423211812973022)",-47.7,1765210940.2146192
792,"(180.15481567382812, 895.5469360351562, 150.77252197265625, 2310.7138671875)","(-0.9498541951179504, -0.949841320514679, 0.9436646699905396, 0.9437367916107178)",-47.7,1765210940.4324417
793,"(182.24053955078125, 926.5299072265625, 151.02645874023438, 2369.30224609375)","(-0.9002501368522644, -0.9508476257324219, 0.9448233246803284, 0.9449304342269897)",-47.7,1765210940.6480882
794,"(180.81863403320312, 939.5133056640625, 148.97650146484375, 2413.85595703125)","(-0.9018341898918152, -0.9022210836410522, 0.9458998441696167, 0.9466454982757568)",-47.7,1765210940.8661766
795,"(179.30596923828125, 929.9095458984375, 153.6113739013672, 2287.8623046875)","(-0.9038934707641602, -0.9035447835922241, 0.9475927352905273, 0.9469940066337585)",-47.7,1765210941.0850716
796,"(182.45364379882812, 917.1262817382812, 147.3175506591797, 2322.796142578125)","(-0.9061452746391296, -0.9051427841186523, 0.9486150741577148, 0.9486443996429443)",-47.7,1765210941.3007383
797,"(178.84686279296875, 964.9545288085938, 149.36581420898438, 2423.78271484375)","(-0.9071232080459595, -0.9071640372276306, 0.9012593626976013, 0.9012970924377441)",-47.7,1765210941.517782
798,"(179.73849487304688, 921.9326171875, 142.92559814453125, 2355.9404296875)","(-0.9096194505691528, -0.9092501997947693, 0.9031040072441101, 0.9028463959693909)",-47.7,1765210941.7333014
799,"(191.99642944335938, 934.28466796875, 148.28457641601562, 2339.0546875)","(-0.9115106463432312, -0.9107681512832642, 0.9050499796867371, 0.904554009437561)",-47.7,1765210941.9519336
800,"(225.90444946289062, 962.8419189453125, 227.9852294921875, 2401.64794921875)","(-0.9146944284439087, -0.9140326976776123, 0.9083445072174072, 0.9081521034240723)",-45.9,1765210942.3858826
801,"(236.99574279785156, 920.3592529296875, 241.91201782226562, 2292.293212890625)","(-0.9157482385635376, -0.9161984324455261, 0.9097966551780701, 0.9100728631019592)",-45.8,1765210942.602651
802,"(222.2037353515625, 920.6286010742188, 233.06912231445312, 2367.74658203125)","(-0.9180479049682617, -0.9178017973899841, 0.9116652011871338, 0.9115427136421204)",-45.8,1765210942.8180978
803,"(215.99517822265625, 973.7913818359375, 237.94451904296875, 2367.6572265625)","(-0.9195243716239929, -0.9192633032798767, 0.9132980108261108, 0.9131942391395569)",-45.8,1765210943.036372
804,"(223.63075256347656, 945.611572265625, 228.06478881835938, 2360.865234375)","(-0.921122670173645, -0.9214631915092468, 0.9150581359863281, 0.9151617288589478)",-45.8,1765210943.2518702
805,"(227.6905975341797, 941.2738037109375, 234.17373657226562, 2324.021728515625)","(-0.9228395819664001, -0.9230189919471741, 0.9168162941932678, 0.9163218140602112)",-45.8,1765210943.4700806
806,"(216.6730499267578, 979.99365234375, 218.57412719726562, 2468.2626953125)","(-0.9247168898582458, -0.9242783188819885, 0.9183269739151001, 0.9179859757423401)",-45.8,1765210943.6878786
807,"(226.64096069335938, 940.51171875, 224.8310546875, 2365.428466796875)","(-0.9264402389526367, -0.9257780909538269, 0.9199676513671875, 0.9198421239852905)",-45.8,1765210943.9045522
808,"(242.58554077148438, 911.400390625, 237.31719970703125, 2361.188720703125)","(-0.9275436997413635, -0.9276220798492432, 0.9215248227119446, 0.9213395714759827)",-45.8,1765210944.1213448
809,"(232.96624755859375, 918.84619140625, 226.44613647460938, 2279.15234375)","(-0.9293032884597778, -0.9290836453437805, 0.923068642616272, 0.9232122898101807)",-45.8,1765210944.336758
810,"(234.41456604003906, 931.1488037109375, 227.60897827148438, 2341.56396484375)","(-0.9308927655220032, -0.9306024312973022, 0.9245889186859131, 0.9244862198829651)",-45.8,1765210944.5550172
811,"(246.25442504882812, 903.66455078125, 239.8102569580078, 2232.59521484375)","(-0.925881564617157, -0.9322434067726135, 0.9261060357093811, 0.9260512590408325)",-45.8,1765210944.7704396
812,"(231.97817993164062, 935.7381591796875, 226.4219970703125, 2293.89111328125)","(-0.9333338737487793, -0.9336926937103271, 0.9275825619697571, 0.927511990070343)",-45.8,1765210944.9882114
813,"(219.958251953125, 981.3985595703125, 217.47775268554688, 2452.1103515625)","(-0.9355000257492065, -0.9352090954780579, 0.9292691349983215, 0.9289831519126892)",-45.8,1765210945.2064948
814,"(231.87754821777344, 944.3048095703125, 232.02708435058594, 2363.494140625)","(-0.9364808201789856, -0.9370011687278748, 0.9303258061408997, 0.9307807087898254)",-45.8,1765210945.4219668
815,"(230.42105102539062, 955.778564453125, 236.34878540039062, 2392.26416015625)","(-0.9380263686180115, -0.938063383102417, 0.9322288036346436, 0.9321252703666687)",-45.8,1765210945.639958
816,"(225.68394470214844, 883.6336669921875, 223.07705688476562, 2458.412109375)","(-0.9399166703224182, -0.9398297667503357, 0.9335248470306396, 0.9843178987503052)",-45.8,1765210945.8553202
817,"(226.38182067871094, 908.9967041015625, 232.0589141845703, 2315.5869140625)","(-0.9415190815925598, -0.9411959052085876, 0.9347789883613586, 0.935179591178894)",-45.8,1765210946.073501
818,"(238.06678771972656, 866.0283203125, 241.45608520507812, 2198.354248046875)","(-0.9865491390228271, -0.9429328441619873, 0.9359962940216064, 0.9367343187332153)",-45.8,1765210946.291333
819,"(227.35922241210938, 916.8449096679688, 229.54652404785156, 2291.59521484375)","(-0.9443132877349854, -0.9440064430236816, 0.937423586845398, 0.9379981160163879)",-45.8,1765210946.507221
820,"(229.43026733398438, 921.9230346679688, 231.20162963867188, 2304.162353515625)","(-0.945901095867157, -0.9453461766242981, 0.9388566613197327, 0.9394223093986511)",-45.8,1765210946.7251358
821,"(226.48741149902344, 927.083251953125, 217.541748046875, 2198.28515625)","(-0.9474014639854431, -0.9460691213607788, 0.9403513073921204, 0.9406035542488098)",-45.8,1765210946.9410243
822,"(229.0524444580078, 930.7572631835938, 226.8376922607422, 2321.09228515625)","(-0.9476804733276367, -0.9488939642906189, 0.9415459632873535, 0.942014217376709)",-45.8,1765210947.158442
823,"(2453.285888671875, 2472.28173828125, 2424.389404296875, 2368.25830078125)","(-0.9480890035629272, -0.9498066306114197, 0.9430812001228333, 0.9432758092880249)",-45.8,1765210947.4290543
824,"(235.4568634033203, 237.09909057617188, 2372.56787109375, 2340.96533203125)","(-0.9504347443580627, -0.9511268734931946, 0.9438577890396118, 0.9440209865570068)",-45.8,1765210947.5970922
825,"(238.24676513671875, 945.4713134765625, 234.55320739746094, 2343.6494140625)","(-0.9016035795211792, -0.9012020826339722, 0.945666491985321, 0.9460026621818542)",-45.8,1765210947.8105216
826,"(244.1955108642578, 957.3156127929688, 232.566650390625, 2254.010498046875)","(-0.9029945731163025, -0.9031116962432861, 0.9465717673301697, 0.9473801255226135)",-45.8,1765210948.1067777
827,"(965.916259765625, 2411.04443359375, 2387.14990234375, 2367.603515625)","(-0.9048585891723633, -0.9045743942260742, 0.9478917121887207, 0.9480154514312744)",-45.8,1765210948.2634914
828,"(238.05227661132812, 910.7340698242188, 219.13580322265625, 2231.96728515625)","(-0.9069797396659851, -0.906562864780426, 0.9007017016410828, 0.9000626802444458)",-45.8,1765210948.4632905
829,"(242.8790283203125, 976.3540649414062, 231.4034881591797, 2373.8427734375)","(-0.9088636636734009, -0.9087582230567932, 0.9019178748130798, 0.9026178121566772)",-45.8,1765210948.6771128
830,"(230.80953979492188, 949.6630859375, 234.45901489257812, 2427.76513671875)","(-0.9100422263145447, -0.9103999733924866, 0.9038477540016174, 0.9764490127563477)",-45.8,1765210948.9005673
831,"(239.33084106445312, 937.9917602539062, 230.50067138671875, 2323.005859375)","(-0.9125006794929504, -0.9117929935455322, 0.9059566259384155, 0.9057109951972961)",-45.8,1765210949.1107082
832,"(289.75311279296875, 971.7447509765625, 311.64105224609375, 2343.0595703125)","(-0.9767755270004272, -0.9140849709510803, 0.907289981842041, 0.9077016711235046)",-44.4,1765210949.3293383
833,"(292.4432067871094, 945.2823486328125, 346.28515625, 2262.73779296875)","(-0.9158235788345337, -0.9159273505210876, 0.9087728261947632, 0.9096232056617737)",-44.1,1765210949.5467298
834,"(305.5110778808594, 989.0615844726562, 374.97979736328125, 2366.029541015625)","(-0.9174824357032776, -0.9181200861930847, 0.9104936122894287, 0.9114470481872559)",-44.0,1765210949.7622807
835,"(291.1349792480469, 943.0540771484375, 364.3584289550781, 2357.5517578125)","(-0.9186429977416992, -0.9195986986160278, 0.9122788906097412, 0.9129951000213623)",-44.0,1765210949.9819007
836,"(293.43096923828125, 970.4624633789062, 355.73284912109375, 2353.046142578125)","(-0.9206575751304626, -0.9202653169631958, 0.9142601490020752, 0.9140744209289551)",-44.0,1765210950.2049887
837,"(292.6304931640625, 918.6724853515625, 346.0694885253906, 2328.057861328125)","(-0.9220367670059204, -0.922125518321991, 0.9157471656799316, 0.9704310297966003)",-44.0,1765210950.4150994
838,"(293.33319091796875, 931.1548461914062, 336.24212646484375, 2223.365234375)","(-0.9241012930870056, -0.9238488674163818, 0.9174396395683289, 0.9175916314125061)",-44.0,1765210950.6319897
839,"(317.12255859375, 978.6898803710938, 361.0350341796875, 2355.93212890625)","(-0.9705452919006348, -0.9261001348495483, 0.9188705086708069, 0.9195748567581177)",-44.0,1765210950.8470826
840,"(324.5544128417969, 952.4591064453125, 344.01409912109375, 2292.45654296875)","(-0.9267699122428894, -0.9276946783065796, 0.9203133583068848, 0.9212170243263245)",-44.0,1765210951.0654688
841,"(303.60711669921875, 968.057373046875, 350.82379150390625, 2299.530029296875)","(-0.9285703301429749, -0.9284199476242065, 0.9226670861244202, 0.9221779108047485)",-44.0,1765210951.2807996
842,"(295.8307800292969, 946.2737426757812, 334.1739807128906, 2264.154052734375)","(-0.9301822781562805, -0.9300076365470886, 0.924178957939148, 0.9241120219230652)",-44.0,1765210951.4991171
843,"(313.9931640625, 930.062744140625, 339.5830993652344, 2219.19287109375)","(-0.9926756620407104, -0.9313443899154663, 0.9255428910255432, 0.9254467487335205)",-44.0,1765210951.7154791
844,"(300.92523193359375, 937.5559692382812, 339.61395263671875, 2329.64892578125)","(-0.9333699941635132, -0.9331904053688049, 0.9267310500144958, 0.9644127488136292)",-44.0,1765210951.9323297
845,"(289.6079406738281, 943.1830444335938, 341.9923400878906, 2243.70849609375)","(-0.9349339604377747, -0.9343194961547852, 0.9283757209777832, 0.9282058477401733)",-44.0,1765210952.1510165
846,"(306.15203857421875, 955.412841796875, 361.80731201171875, 2314.78759765625)","(-0.9642025828361511, -0.936241090297699, 0.9299441576004028, 0.9303857684135437)",-44.0,1765210952.3657696
847,"(296.33087158203125, 950.829833984375, 365.6322326660156, 2267.797119140625)","(-0.9373721480369568, -0.9372437596321106, 0.9315868616104126, 0.9314883351325989)",-44.0,1765210952.584461
848,"(295.63275146484375, 945.0444946289062, 343.52252197265625, 2273.27685546875)","(-0.9394546151161194, -0.9393770098686218, 0.9328398704528809, 0.9328422546386719)",-44.0,1765210952.7996502
849,"(283.5697937011719, 926.44091796875, 348.83819580078125, 2269.05078125)","(-0.9411435723304749, -0.9409310817718506, 0.9341098070144653, 0.9344692826271057)",-44.0,1765210953.0176263
850,"(294.3491516113281, 904.67724609375, 349.78265380859375, 2192.94384765625)","(-0.9423838257789612, -0.9428030848503113, 0.9352560639381409, 0.936194658279419)",-44.0,1765210953.2354493
851,"(305.76873779296875, 943.1463623046875, 356.80810546875, 2371.2880859375)","(-0.942901611328125, -0.9440262317657471, 0.9367374777793884, 0.9579677581787109)",-44.0,1765210953.4509742
852,"(298.5238037109375, 960.9489135742188, 347.3879699707031, 2311.9072265625)","(-0.9453200697898865, -0.9441550970077515, 0.9387474656105042, 0.9380303025245667)",-44.0,1765210953.669224
853,"(313.10797119140625, 973.2359619140625, 361.19488525390625, 2236.775390625)","(-0.9556907415390015, -0.9456790089607239, 0.9395753741264343, 0.9401590824127197)",-44.0,1765210953.8841884
854,"(304.7962951660156, 937.1685791015625, 343.79974365234375, 2239.1630859375)","(-0.947723388671875, -0.9478456377983093, 0.9408682584762573, 0.9415253400802612)",-44.0,1765210954.1024735
855,"(297.3241882324219, 978.1627197265625, 332.5909423828125, 2308.6416015625)","(-0.9482008218765259, -0.9482924938201904, 0.9427962899208069, 0.9420567750930786)",-44.0,1765210954.3207536
856,"(298.4913330078125, 950.52099609375, 336.33624267578125, 2275.1435546875)","(-0.9497416615486145, -0.9501554369926453, 0.9436197876930237, 0.9441015720367432)",-44.0,1765210954.536597
857,"(300.6976013183594, 957.3970947265625, 345.214111328125, 2242.7021484375)","(-0.9004841446876526, -0.9506930708885193, 0.9452978372573853, 0.944830596446991)",-44.0,1765210954.7545042
858,"(295.6120300292969, 925.458740234375, 337.13909912109375, 2307.158935546875)","(-0.9028196334838867, -0.9024332165718079, 0.9461278915405273, 0.9498428702354431)",-44.0,1765210954.9709513
859,"(288.2605285644531, 932.4149169921875, 334.9847106933594, 2237.240234375)","(-0.9047298431396484, -0.9041827917098999, 0.9472597241401672, 0.9478250741958618)",-44.0,1765210955.1882045
860,"(301.16241455078125, 888.4127807617188, 354.4486083984375, 2172.69970703125)","(-0.9063024520874023, -0.9063100218772888, 0.9483331441879272, 0.9493409395217896)",-44.0,1765210955.4055767
861,"(298.25640869140625, 930.762939453125, 358.41644287109375, 2240.126220703125)","(-0.907615602016449, -0.9077726006507874, 0.9012998342514038, 0.9014592170715332)",-44.0,1765210955.6234705
862,"(291.3900451660156, 971.8658447265625, 360.271728515625, 2331.03125)","(-0.9095761179924011, -0.9092787504196167, 0.9033366441726685, 0.9032076001167297)",-44.0,1765210955.8406718
863,"(297.30902099609375, 965.6226806640625, 355.151611328125, 2292.0029296875)","(-0.9111758470535278, -0.9113319516181946, 0.9049879312515259, 0.9049260020256042)",-44.0,1765210956.0555527
864,"(347.7417907714844, 1000.2372436523438, 452.5608215332031, 2413.557861328125)","(-0.9146095514297485, -0.9145684242248535, 0.9084821343421936, 0.9085348844528198)",-42.7,1765210956.4913337
865,"(361.09674072265625, 966.5281982421875, 462.869873046875, 2282.900390625)","(-0.9166258573532104, -0.9167049527168274, 0.9100328087806702, 0.9101468920707703)",-42.6,1765210956.706346
866,"(369.0975341796875, 920.4088134765625, 479.18963623046875, 2299.004150390625)","(-0.9183859825134277, -0.9179075956344604, 0.9120761752128601, 0.9115890860557556)",-42.6,1765210956.9242482
867,"(363.0643310546875, 937.06689453125, 461.4480285644531, 2213.44775390625)","(-0.9199995398521423, -0.919919490814209, 0.9134058952331543, 0.913753867149353)",-42.6,1765210957.140815
868,"(367.54058837890625, 977.9080810546875, 460.4335632324219, 2293.172119140625)","(-0.9210550785064697, -0.9215255379676819, 0.9153087735176086, 0.9151089787483215)",-42.6,1765210957.3579776
869,"(382.4915466308594, 923.0005493164062, 476.9383544921875, 2164.97119140625)","(-0.9723291397094727, -0.9230241179466248, 0.9169158935546875, 0.9169074296951294)",-42.6,1765210957.574409
870,"(371.14599609375, 969.3047485351562, 467.0120849609375, 2228.621826171875)","(-0.9245764017105103, -0.9250180125236511, 0.9181610345840454, 0.9189146757125854)",-42.6,1765210957.7913032
871,"(347.8934020996094, 1003.84375, 452.8543395996094, 2368.44189453125)","(-0.9267960786819458, -0.9263283014297485, 0.9201186895370483, 0.9200224876403809)",-42.6,1765210958.0094671
872,"(356.1112365722656, 975.7808227539062, 472.8572692871094, 2284.407958984375)","(-0.9275943040847778, -0.9276928305625916, 0.9215028882026672, 0.9215083718299866)",-42.6,1765210958.2252543
873,"(351.00250244140625, 957.09521484375, 478.37725830078125, 2273.013916015625)","(-0.9297464489936829, -0.9295640587806702, 0.9231682419776917, 0.9234129786491394)",-42.6,1765210958.4427993
874,"(345.919189453125, 1003.7423095703125, 462.24676513671875, 2390.191162109375)","(-0.9314203858375549, -0.9982224702835083, 0.9251267910003662, 0.9247681498527527)",-42.6,1765210958.6582277
875,"(355.0422058105469, 952.7689208984375, 482.684326171875, 2256.854736328125)","(-0.9326809048652649, -0.9325734972953796, 0.9261532425880432, 0.9266367554664612)",-42.6,1765210958.876654
876,"(371.198974609375, 921.256103515625, 507.5911865234375, 2199.909423828125)","(-0.9342308044433594, -0.9334861636161804, 0.9280405640602112, 0.927701473236084)",-42.6,1765210959.0955021
877,"(350.62615966796875, 928.20849609375, 473.062255859375, 2195.88623046875)","(-0.9356964230537415, -0.9357745051383972, 0.9290627837181091, 0.9295631647109985)",-42.6,1765210959.3109996
878,"(364.08746337890625, 951.380859375, 481.84344482421875, 2230.54541015625)","(-0.9367488622665405, -0.9368740916252136, 0.9307716488838196, 0.9309874773025513)",-42.6,1765210959.5281162
879,"(356.4189453125, 963.2232055664062, 493.96533203125, 2161.036865234375)","(-0.9391760230064392, -0.9387487769126892, 0.9188917875289917, 0.9324557185173035)",-42.6,1765210959.7436368
880,"(357.3133239746094, 968.8529663085938, 465.098876953125, 2274.8330078125)","(-0.9402891993522644, -0.93944251537323, 0.934033215045929, 0.9334432482719421)",-42.6,1765210959.9615252
881,"(368.6713562011719, 1014.0170288085938, 440.89111328125, 2339.423095703125)","(-0.9411512017250061, -0.977562665939331, 0.9350419640541077, 0.9351106882095337)",-42.6,1765210960.1807032
882,"(360.53271484375, 961.3746337890625, 460.5074462890625, 2239.864990234375)","(-0.942988932132721, -0.9427469372749329, 0.9364221096038818, 0.9365597367286682)",-42.6,1765210960.3956227
883,"(377.6905822753906, 983.9038696289062, 466.09320068359375, 2257.899169921875)","(-0.9438491463661194, -0.9436476230621338, 0.938031017780304, 0.9379622936248779)",-42.6,1765210960.6134017
884,"(362.0296325683594, 959.242919921875, 469.15045166015625, 2101.25537109375)","(-0.9454056024551392, -0.9458360075950623, 0.9389873743057251, 0.9394031167030334)",-42.6,1765210960.8285348
885,"(352.1695556640625, 954.7119750976562, 478.9001770019531, 2242.4921875)","(-0.9470338821411133, -0.9466809630393982, 0.9406161308288574, 0.940534234046936)",-42.6,1765210961.0650754
886,"(614.4588012695312, 500.9093933105469, 2358.00927734375, 2263.160888671875)","(-0.9427309036254883, -0.9487073421478271, 0.9421744346618652, 0.9420878887176514)",-42.6,1765210961.2753565
887,"(363.49365234375, 1039.4801025390625, 360.01953125, 2472.94677734375)","(-0.9503353238105774, -0.9495781660079956, 0.9429783821105957, 0.9436681866645813)",-42.6,1765210961.4799664
888,"(343.7134704589844, 1339.36962890625, 301.2829895019531, 2530.15869140625)","(-0.9502196311950684, -0.9838110208511353, 0.944440484046936, 0.9451866745948792)",-42.6,1765210961.698242
889,"(308.3178405761719, 1096.445556640625, 323.69415283203125, 2479.662109375)","(-0.9017439484596252, -0.9013448357582092, 0.9460059404373169, 0.9452874660491943)",-42.6,1765210961.9137344
890,"(275.2991943359375, 1092.156982421875, 277.20513916015625, 2632.615966796875)","(-0.9035872220993042, -0.9031891822814941, 0.9469947218894958, 0.9469814896583557)",-42.6,1765210962.1355739
891,"(267.8321838378906, 1018.5210571289062, 321.8150634765625, 1988.1253662109375)","(-0.9051864147186279, -0.9051411151885986, 0.9481076002120972, 0.9483422040939331)",-42.6,1765210962.3497574
892,"(282.144775390625, 1053.952880859375, 371.539794921875, 2074.51953125)","(-0.9074949026107788, -0.9069018959999084, 0.900489866733551, 0.9007488489151001)",-42.6,1765210962.5656962
893,"(274.0415344238281, 1025.2939453125, 346.75787353515625, 2140.70556640625)","(-0.9088885188102722, -0.9081355929374695, 0.9028337001800537, 0.9021754264831543)",-42.6,1765210962.78445
894,"(289.27569580078125, 1106.96337890625, 347.9713134765625, 2144.669921875)","(-0.9102233648300171, -0.9108481407165527, 0.904336154460907, 0.904421329498291)",-42.6,1765210962.9986794
895,"(290.74462890625, 1101.0269775390625, 347.19854736328125, 2197.78662109375)","(-0.912673830986023, -0.9870567917823792, 0.9062225222587585, 0.9059238433837891)",-42.6,1765210963.2168891
896,"(391.4617919921875, 1187.12646484375, 532.1448974609375, 2144.922607421875)","(-0.9159900546073914, -0.9154416918754578, 0.9097447395324707, 0.9092527031898499)",-40.5,1765210963.6503587
897,"(415.25238037109375, 1089.0291748046875, 569.4285888671875, 2110.57666015625)","(-0.9177039265632629, -0.9176930785179138, 0.9110924601554871, 0.9112568497657776)",-40.4,1765210963.868377
898,"(454.6319274902344, 1174.15478515625, 543.1348266601562, 2483.091064453125)","(-0.9195313453674316, -0.9191339015960693, 0.912818193435669, 0.9127381443977356)",-40.4,1765210964.0839908
899,"(426.50750732421875, 1202.274658203125, 488.8887634277344, 2503.224365234375)","(-0.920943021774292, -0.9203876852989197, 0.9144625067710876, 0.9144483208656311)",-40.4,1765210964.3020926
900,"(438.34283447265625, 1149.6962890625, 500.5556335449219, 2203.05615234375)","(-0.9222628474235535, -0.9225276112556458, 0.9160890579223633, 0.9161953926086426)",-40.4,1765210964.518577
901,"(435.24884033203125, 1229.5498046875, 526.5630493164062, 2424.39990234375)","(-0.9243875741958618, -0.9917629957199097, 0.9176613092422485, 0.9180878400802612)",-40.4,1765210964.735467
902,"(425.8121337890625, 1209.949951171875, 508.087158203125, 2407.682373046875)","(-0.9264103770256042, -0.9257819652557373, 0.9192274808883667, 0.9192758798599243)",-40.4,1765210964.9548728
903,"(405.0987854003906, 1279.489990234375, 496.09332275390625, 2519.85693359375)","(-0.9275637865066528, -0.9270654320716858, 0.9209990501403809, 0.9208206534385681)",-40.4,1765210965.1687415
904,"(398.78302001953125, 1223.7353515625, 497.02252197265625, 2341.5029296875)","(-0.9292389750480652, -0.9285230040550232, 0.922420084476471, 0.9225010871887207)",-40.4,1765210965.3870223
905,"(402.0499572753906, 1200.22119140625, 488.67901611328125, 2326.80078125)","(-0.930646538734436, -0.9305569529533386, 0.9241940379142761, 0.924170732498169)",-40.4,1765210965.6024947
906,"(385.62774658203125, 1179.885498046875, 499.198486328125, 2332.1640625)","(-0.9323053359985352, -0.9323403835296631, 0.9253514409065247, 0.9257562160491943)",-40.4,1765210965.8207765
907,"(384.883056640625, 1148.807861328125, 500.4993896484375, 2219.842041015625)","(-0.933367908000946, -0.9340013265609741, 0.9269554018974304, 0.9274672269821167)",-40.4,1765210966.0384858
908,"(389.5315246582031, 1201.4462890625, 520.2926025390625, 2331.178466796875)","(-0.9358911514282227, -0.9948293566703796, 0.9285619854927063, 0.9289109706878662)",-40.4,1765210966.2540817
909,"(385.2846374511719, 1175.263427734375, 512.3109130859375, 2268.166015625)","(-0.936741292476654, -0.9359689950942993, 0.9304602742195129, 0.9300052523612976)",-40.4,1765210966.4722314
910,"(406.2039489746094, 1222.100830078125, 524.566650390625, 2216.993408203125)","(-0.93780517578125, -0.9381166696548462, 0.931699275970459, 0.9316531419754028)",-40.4,1765210966.687353
911,"(403.2969665527344, 1195.43798828125, 529.1495971679688, 2303.10888671875)","(-0.9398554563522339, -0.939413845539093, 0.9328393936157227, 0.933353066444397)",-40.4,1765210966.905506
912,"(1101.9034423828125, 2327.47705078125, 2316.775634765625, 2328.279296875)","(-0.9217683672904968, -0.9413468837738037, 0.9343453645706177, 0.9342377781867981)",-40.4,1765210967.1568847
913,"(382.8368835449219, 1176.006103515625, 510.2457580566406, 2260.0693359375)","(-0.9427793622016907, -0.9423996210098267, 0.9353844523429871, 0.9360798597335815)",-40.4,1765210967.3392706
914,"(389.2340393066406, 1157.7626953125, 523.75732421875, 2222.48681640625)","(-0.9437406659126282, -0.9431887865066528, 0.9374482035636902, 0.9371804594993591)",-40.4,1765210967.5571256
915,"(407.824462890625, 1219.2813720703125, 538.9326171875, 2350.416748046875)","(-0.9450153112411499, -0.9964359402656555, 0.9385731220245361, 0.9386739134788513)",-40.4,1765210967.7726364
916,"(403.11114501953125, 1186.6124267578125, 532.3297119140625, 2391.994140625)","(-0.9465519785881042, -0.9460601806640625, 0.9401575922966003, 0.9400595426559448)",-40.4,1765210967.9907608
917,"(412.17559814453125, 1153.375244140625, 530.7811279296875, 2324.0517578125)","(-0.9478499889373779, -0.9477561712265015, 0.9413299560546875, 0.9415520429611206)",-40.4,1765210968.2086473
918,"(401.25384521484375, 1155.236328125, 520.677490234375, 2325.245361328125)","(-0.9491094946861267, -0.9483078718185425, 0.9427452087402344, 0.9426782131195068)",-40.4,1765210968.4253676
919,"(392.6387023925781, 1142.451904296875, 521.585205078125, 2290.45703125)","(-0.9499149322509766, -0.9498253464698792, 0.9442808032035828, 0.9437768459320068)",-40.4,1765210968.6424148
920,"(405.2523193359375, 1163.08447265625, 532.630615234375, 2314.725830078125)","(-0.9011192917823792, -0.900765597820282, 0.9450246691703796, 0.9454436302185059)",-40.4,1765210968.8578475
921,"(406.5662841796875, 1168.3070068359375, 533.304443359375, 2304.011962890625)","(-0.9028163552284241, -0.9019556641578674, 0.9467183947563171, 0.946219265460968)",-40.4,1765210969.0756385
922,"(399.8201904296875, 1224.1824951171875, 512.9169921875, 2317.555419921875)","(-0.9048500061035156, -0.904281497001648, 0.9475783705711365, 0.9479219317436218)",-40.4,1765210969.2938488
923,"(425.4496765136719, 1216.9415283203125, 535.3750610351562, 2268.87841796875)","(-0.9064323902130127, -0.9062322974205017, 0.9490699172019958, 0.9000523686408997)",-40.4,1765210969.510057
924,"(434.92987060546875, 1164.855224609375, 556.3446044921875, 2242.62890625)","(-0.90841144323349, -0.907998263835907, 0.9016611576080322, 0.9018146991729736)",-40.4,1765210969.727179
925,"(424.8883972167969, 1178.0933837890625, 540.8861694335938, 2199.613525390625)","(-0.9098989963531494, -0.9094725847244263, 0.9035756587982178, 0.9033908843994141)",-40.4,1765210969.944499
926,"(435.9664001464844, 1199.397705078125, 538.5549926757812, 2242.005615234375)","(-0.9119092226028442, -0.9115239381790161, 0.9051131010055542, 0.905271053314209)",-40.4,1765210970.1608977
927,"(446.18035888671875, 1142.20654296875, 566.9705200195312, 2211.8408203125)","(-0.9136175513267517, -0.9127752780914307, 0.907105565071106, 0.9067257046699524)",-40.4,1765210970.3761556
928,"(510.3763427734375, 1229.349853515625, 739.2606201171875, 2184.90234375)","(-0.9163918495178223, -0.9170387387275696, 0.9104995131492615, 0.9105757474899292)",-38.9,1765210970.814263
929,"(517.0641479492188, 1197.5640869140625, 766.3551025390625, 2180.44140625)","(-0.918333888053894, -0.9183571338653564, 0.9120869040489197, 0.9119817018508911)",-38.8,1765210971.0293794
930,"(517.8147583007812, 1186.0238037109375, 785.4957275390625, 2156.714599609375)","(-0.9204102754592896, -0.9198691248893738, 0.9139035940170288, 0.9138588905334473)",-38.8,1765210971.2458115
931,"(520.927978515625, 1232.36279296875, 742.3677978515625, 2222.69140625)","(-0.9221284985542297, -0.9221032857894897, 0.9152922630310059, 0.915820300579071)",-38.8,1765210971.4626517
932,"(532.8148193359375, 1212.447021484375, 778.115234375, 2144.530029296875)","(-0.9238081574440002, -0.9234221577644348, 0.9170488715171814, 0.9171856045722961)",-38.8,1765210971.6794972
933,"(554.1522216796875, 1181.663330078125, 818.7246704101562, 2119.064697265625)","(-0.924981415271759, -0.9251248240470886, 0.9189677834510803, 0.9189019203186035)",-38.8,1765210971.897346
934,"(516.9882202148438, 1163.6337890625, 771.6331176757812, 2122.318359375)","(-0.926885187625885, -0.9262373447418213, 0.9205633401870728, 0.9202410578727722)",-38.8,1765210972.1133497
935,"(538.9373779296875, 1160.201904296875, 775.2027587890625, 2110.15185546875)","(-0.9285521507263184, -0.9282926321029663, 0.9217015504837036, 0.9220520853996277)",-38.8,1765210972.3313613
936,"(508.45159912109375, 1170.53173828125, 820.7453002929688, 2050.5908203125)","(-0.9299911856651306, -0.9291349053382874, 0.9865783452987671, 0.9233896732330322)",-38.8,1765210972.5468187
937,"(520.1493530273438, 1160.9688720703125, 777.854248046875, 2061.781494140625)","(-0.9314513206481934, -0.9311476349830627, 0.9250831007957458, 0.9252591729164124)",-38.8,1765210972.7643902
938,"(494.530029296875, 1237.9298095703125, 747.3526611328125, 2174.538330078125)","(-0.9326251745223999, -0.9325745701789856, 0.926986575126648, 0.9266104698181152)",-38.8,1765210972.9827135
939,"(510.7020568847656, 1170.60791015625, 769.2832641601562, 2075.413818359375)","(-0.9346383213996887, -0.9344581961631775, 0.9280815720558167, 0.9282259345054626)",-38.8,1765210973.1981373
940,"(549.0528564453125, 1194.213134765625, 780.956787109375, 2086.14208984375)","(-0.9364106059074402, -0.935977578163147, 0.9293102622032166, 0.9296624064445496)",-38.8,1765210973.4159503
941,"(519.8158569335938, 1158.311767578125, 786.751953125, 2233.44677734375)","(-0.9376013278961182, -0.9367358684539795, 0.9313057065010071, 0.9607391357421875)",-38.8,1765210973.6318862
942,"(531.3515625, 1158.91650390625, 781.3096313476562, 2064.3603515625)","(-0.9392024874687195, -0.9389450550079346, 0.9323576092720032, 0.9326837062835693)",-38.8,1765210973.8501499
943,"(543.5997314453125, 1114.6435546875, 821.436279296875, 2033.92822265625)","(-0.9988058805465698, -0.9398332238197327, 0.9340595006942749, 0.9338869452476501)",-38.8,1765210974.0675619
944,"(524.4224243164062, 1171.1353759765625, 782.21826171875, 2062.745849609375)","(-0.9412174224853516, -0.941388726234436, 0.9354687333106995, 0.9351740479469299)",-38.8,1765210974.2830627
945,"(504.5555419921875, 1227.152587890625, 798.7203369140625, 2120.435791015625)","(-0.9436962604522705, -0.9435204267501831, 0.936551570892334, 0.9369729161262512)",-38.8,1765210974.5012867
946,"(515.272705078125, 1182.18212890625, 771.63427734375, 2154.588134765625)","(-0.9440434575080872, -0.9437628984451294, 0.9384409189224243, 0.9378405213356018)",-38.8,1765210974.716783
947,"(516.2706909179688, 1177.743408203125, 773.306640625, 2133.771484375)","(-0.9460908770561218, -0.9460499286651611, 0.9394436478614807, 0.9397917985916138)",-38.8,1765210974.935823
948,"(495.5416564941406, 1119.2926025390625, 736.1974487304688, 2225.8984375)","(-0.946980357170105, -0.9464912414550781, 0.9411924481391907, 0.992419421672821)",-38.8,1765210975.1528003
949,"(532.32470703125, 1194.3988037109375, 774.7430419921875, 2098.96337890625)","(-0.9489732384681702, -0.9982606768608093, 0.9419927000999451, 0.9426178932189941)",-38.8,1765210975.3683867
950,"(553.0560302734375, 1126.693359375, 826.4171752929688, 2146.685791015625)","(-0.9964044094085693, -0.9497549533843994, 0.9436633586883545, 0.9434267282485962)",-38.8,1765210975.5861032
951,"(509.6575012207031, 1169.9605712890625, 792.773193359375, 2064.404296875)","(-0.9003682732582092, -0.9505944848060608, 0.9448468685150146, 0.9447842240333557)",-38.8,1765210975.801629
952,"(531.6334838867188, 1175.736083984375, 796.2406005859375, 2023.1995849609375)","(-0.9021806120872498, -0.9018815755844116, 0.9461100697517395, 0.9460161924362183)",-38.8,1765210976.0198302
953,"(507.1981201171875, 1149.768798828125, 757.3187255859375, 2000.10498046875)","(-0.9036567211151123, -0.9038397073745728, 0.9472965598106384, 0.9471832513809204)",-38.8,1765210976.2381501
954,"(506.2342529296875, 1198.0048828125, 786.37890625, 2124.01611328125)","(-0.905927300453186, -0.905488133430481, 0.948846161365509, 0.9484503865242004)",-38.8,1765210976.4548953
955,"(497.40106201171875, 1113.177490234375, 739.359375, 2151.326416015625)","(-0.9075758457183838, -0.9073991179466248, 0.9010426998138428, 0.9918595552444458)",-38.8,1765210976.6714218
956,"(538.7158203125, 1175.669677734375, 792.5147094726562, 2088.812255859375)","(-0.9099048376083374, -0.9094420671463013, 0.9026361107826233, 0.9029770493507385)",-38.8,1765210976.8867993
957,"(548.634033203125, 1212.8857421875, 813.56201171875, 2161.10400390625)","(-0.9958217740058899, -0.9112852215766907, 0.9043928384780884, 0.9048551321029663)",-38.8,1765210977.104709
958,"(519.8614501953125, 1152.62451171875, 773.5927124023438, 2045.92919921875)","(-0.9125605225563049, -0.9122270345687866, 0.9064614772796631, 0.9061805009841919)",-38.8,1765210977.3204665
959,"(536.3209228515625, 1184.833984375, 795.729736328125, 2075.093505859375)","(-0.9149023294448853, -0.9145797491073608, 0.908122181892395, 0.9080760478973389)",-38.8,1765210977.538434
960,"(606.5418701171875, 1156.54541015625, 1039.7447509765625, 1924.3807373046875)","(-0.9179983735084534, -0.9177688360214233, 0.9116407036781311, 0.911418616771698)",-37.1,1765210977.9717565
961,"(618.7713012695312, 1148.447998046875, 1068.657470703125, 1911.3740234375)","(-0.9196370840072632, -0.9194257259368896, 0.9132663011550903, 0.9894033074378967)",-37.0,1765210978.1928933
962,"(615.919921875, 1155.271240234375, 1041.430419921875, 1843.28515625)","(-0.9213624000549316, -0.9210906028747559, 0.9149024486541748, 0.9146336913108826)",-37.0,1765210978.40547
963,"(622.2869873046875, 1165.5390625, 1086.8951416015625, 1859.0675048828125)","(-0.9930534362792969, -0.9229602217674255, 0.916195273399353, 0.9165142178535461)",-37.0,1765210978.623255
964,"(607.082763671875, 1138.6168212890625, 1046.8961181640625, 1756.0213623046875)","(-0.9246848821640015, -0.924308717250824, 0.9182915687561035, 0.9179530143737793)",-37.0,1765210978.8415196
965,"(631.8516845703125, 1197.621826171875, 1109.7156982421875, 1880.51611328125)","(-0.9259912371635437, -0.9259960651397705, 0.9199546575546265, 0.9195836186408997)",-37.0,1765210979.056931
966,"(619.5817260742188, 1180.6136474609375, 1070.515380859375, 1879.926513671875)","(-0.9283063411712646, -0.927916407585144, 0.9213769435882568, 0.9211533069610596)",-37.0,1765210979.2752128
967,"(630.3287353515625, 1207.359130859375, 1131.6378173828125, 1832.2049560546875)","(-0.930008053779602, -0.9295824766159058, 0.9225525856018066, 0.9230472445487976)",-37.0,1765210979.4902265
968,"(611.9358520507812, 1166.681640625, 1096.7813720703125, 1947.541015625)","(-0.9308199882507324, -0.9305028915405273, 0.9246848821640015, 0.9859306216239929)",-37.0,1765210979.7096298
969,"(600.4491577148438, 1146.5438232421875, 1031.43798828125, 1789.67822265625)","(-0.9325338006019592, -0.9324333667755127, 0.925766110420227, 0.9260497093200684)",-37.0,1765210979.9312017
970,"(630.729248046875, 1185.439453125, 1093.0673828125, 1877.575927734375)","(-0.9903322458267212, -0.9341942667961121, 0.927270233631134, 0.9274817705154419)",-37.0,1765210980.1428175
971,"(589.1489868164062, 1136.5948486328125, 1057.194091796875, 1809.26953125)","(-0.9360672235488892, -0.9355633854866028, 0.9289587140083313, 0.9290507435798645)",-37.0,1765210980.3600616
972,"(603.8750610351562, 1142.8262939453125, 1064.9765625, 1819.28173828125)","(-0.9375762939453125, -0.9372923970222473, 0.9304783940315247, 0.9307894110679626)",-37.0,1765210980.5755775
973,"(586.4832153320312, 1117.2587890625, 1032.4140625, 1806.041259765625)","(-0.9391835927963257, -0.9389262795448303, 0.931934654712677, 0.9320631623268127)",-37.0,1765210980.7937913
974,"(591.7589111328125, 1090.612548828125, 1033.19873046875, 1762.01806640625)","(-0.9400187134742737, -0.9399656057357788, 0.9331586360931396, 0.9334279894828796)",-37.0,1765210981.011586
975,"(614.542724609375, 1121.426025390625, 1052.99365234375, 1863.0103759765625)","(-0.9412326216697693, -0.9413107633590698, 0.934812605381012, 0.9832284450531006)",-37.0,1765210981.2286153
976,"(618.1197509765625, 1145.90478515625, 1048.58935546875, 1844.656982421875)","(-0.9422829747200012, -0.942114531993866, 0.9363328218460083, 0.9362642168998718)",-37.0,1765210981.4461243
977,"(623.3493041992188, 1157.028564453125, 1082.441162109375, 1871.630126953125)","(-0.9857253432273865, -0.9439192414283752, 0.9376565217971802, 0.9376266002655029)",-37.0,1765210981.6603673
978,"(610.9148559570312, 1128.562255859375, 1037.960205078125, 1802.6641845703125)","(-0.9453935027122498, -0.9451821446418762, 0.9391082525253296, 0.9390110373497009)",-37.0,1765210981.8786235
979,"(592.2276611328125, 1168.546142578125, 1017.6083374023438, 1873.586181640625)","(-0.946445107460022, -0.946571409702301, 0.9405239224433899, 0.9403964877128601)",-37.0,1765210982.0968554
980,"(544.3434448242188, 1122.77197265625, 1035.6282958984375, 1792.0126953125)","(-0.948167085647583, -0.947808027267456, 0.9415965676307678, 0.941470742225647)",-37.0,1765210982.312785
981,"(512.6842041015625, 1109.426025390625, 958.0949096679688, 1873.365478515625)","(-0.9497257471084595, -0.9496603608131409, 0.9428056478500366, 0.9431515336036682)",-37.0,1765210982.5326679
982,"(568.418212890625, 1102.84130859375, 1010.9854736328125, 1975.703125)","(-0.9507787823677063, -0.9508323669433594, 0.9442058801651001, 0.9796107411384583)",-37.0,1765210982.7457051
983,"(601.1239624023438, 1107.3240966796875, 1041.8270263671875, 1942.2105712890625)","(-0.9015302062034607, -0.9012647271156311, 0.9452572464942932, 0.9456861019134521)",-37.0,1765210982.9649582
984,"(662.7437744140625, 1061.4051513671875, 1178.5323486328125, 1891.4873046875)","(-0.9818734526634216, -0.9032992720603943, 0.9466195106506348, 0.9472444653511047)",-37.0,1765210983.1789975
985,"(608.927001953125, 1083.4205322265625, 1196.12939453125, 1888.352294921875)","(-0.9050661325454712, -0.9041282534599304, 0.9482343196868896, 0.9476421475410461)",-37.0,1765210983.3971994
986,"(614.9913940429688, 1175.028564453125, 1116.06591796875, 1863.2410888671875)","(-0.9070838093757629, -0.9066991806030273, 0.9001043438911438, 0.90032958984375)",-37.0,1765210983.615532
987,"(655.0632934570312, 1228.208740234375, 1122.857666015625, 1944.842529296875)","(-0.9095557332038879, -0.9087995886802673, 0.9022353887557983, 0.9023366570472717)",-37.0,1765210983.8309765
988,"(654.97314453125, 1231.8173828125, 1167.5101318359375, 1906.268798828125)","(-0.9108516573905945, -0.9105145931243896, 0.9034635424613953, 0.9044577479362488)",-37.0,1765210984.0487711
989,"(661.87744140625, 1268.430908203125, 1119.1922607421875, 1936.2373046875)","(-0.9129484295845032, -0.9124870896339417, 0.9050499796867371, 0.906043291091919)",-37.0,1765210984.2644527
990,"(640.4580688476562, 1219.7177734375, 1176.4549560546875, 1931.719482421875)","(-0.9145522713661194, -0.9145155549049377, 0.9071179628372192, 0.9078952670097351)",-37.0,1765210984.4836586
991,"(675.7235717773438, 1171.104248046875, 1209.6295166015625, 1898.2783203125)","(-0.9162508249282837, -0.9161685109138489, 0.9087055921554565, 0.909605860710144)",-37.0,1765210984.7003539
992,"(687.6615600585938, 1096.935791015625, 1378.752197265625, 1680.7369384765625)","(-0.919174313545227, -0.9185267090797424, 0.9126700162887573, 0.9124581813812256)",-35.3,1765210985.1340709
993,"(652.2109375, 1041.889404296875, 1470.9091796875, 1626.7236328125)","(-0.9209272861480713, -0.9206677079200745, 0.9141424298286438, 0.9144505858421326)",-35.2,1765210985.3495142
994,"(669.5853271484375, 1053.88916015625, 1425.86962890625, 1694.63818359375)","(-0.9230804443359375, -0.9226581454277039, 0.9158433675765991, 0.9160544872283936)",-35.2,1765210985.5674276
995,"(667.2987060546875, 1095.900634765625, 1366.874267578125, 1819.278076171875)","(-0.9244389533996582, -0.9242574572563171, 0.9172360301017761, 0.9176880121231079)",-35.2,1765210985.785702
996,"(678.3805541992188, 1070.3814697265625, 1438.386474609375, 1787.981201171875)","(-0.9262338876724243, -0.925849974155426, 0.9188241362571716, 0.9194306135177612)",-35.2,1765210986.0011296
997,"(683.1658935546875, 1077.890380859375, 1427.162109375, 1752.99658203125)","(-0.9279339909553528, -0.9272764325141907, 0.920219361782074, 0.9212019443511963)",-35.2,1765210986.2190597
998,"(652.8787231445312, 1045.3892822265625, 1397.602294921875, 1793.75390625)","(-0.9295449256896973, -0.9290243983268738, 0.9216903448104858, 0.9646865129470825)",-35.2,1765210986.4383335
999,"(654.4085083007812, 1030.405029296875, 1393.1884765625, 1663.152099609375)","(-0.9308181405067444, -0.930328369140625, 0.9232139587402344, 0.9244261980056763)",-35.2,1765210986.6540594
1000,"(680.040283203125, 969.14453125, 1470.349609375, 1574.0552978515625)","(-0.9325941801071167, -0.9323466420173645, 0.9247415065765381, 0.9260894656181335)",-35.2,1765210986.8704762
1001,"(655.5262451171875, 1002.874267578125, 1414.23388671875, 1597.70068359375)","(-0.9347692728042603, -0.9344146847724915, 0.9263627529144287, 0.9275943040847778)",-35.2,1765210987.0860043
1002,"(644.1878051757812, 1072.926513671875, 1430.60302734375, 1621.0469970703125)","(-0.9356595873832703, -0.9352720975875854, 0.9285939931869507, 0.9283445477485657)",-35.2,1765210987.3041847
1003,"(646.7781982421875, 1063.532958984375, 1405.691650390625, 1647.983154296875)","(-0.9370087385177612, -0.9361392259597778, 0.9297545552253723, 0.9307529330253601)",-35.2,1765210987.5197165
1004,"(666.7093505859375, 1089.821044921875, 1397.9798583984375, 1613.2261962890625)","(-0.9367163777351379, -0.9367228150367737, 0.9316428899765015, 0.931832492351532)",-35.2,1765210987.7374692
1005,"(656.2555541992188, 1190.0933837890625, 1356.6810302734375, 1753.178955078125)","(-0.9396507143974304, -0.9395425915718079, 0.9328076839447021, 0.9327767491340637)",-35.2,1765210987.9562023
1006,"(684.8843994140625, 1159.57373046875, 1445.0135498046875, 1735.4024658203125)","(-0.940863847732544, -0.9404227137565613, 0.9339575171470642, 0.934711754322052)",-35.2,1765210988.1712599
1007,"(706.8133544921875, 1094.898681640625, 1487.275146484375, 1716.099609375)","(-0.9425671696662903, -0.9418662786483765, 0.9352383613586426, 0.9362300038337708)",-35.2,1765210988.3890414
1008,"(665.9187622070312, 1121.38134765625, 1382.307373046875, 1616.4501953125)","(-0.9438959956169128, -0.9434084296226501, 0.9363760948181152, 0.9379172325134277)",-35.2,1765210988.604557
1009,"(694.8956909179688, 1130.659912109375, 1386.55810546875, 1628.90234375)","(-0.9442155361175537, -0.9439286589622498, 0.9383224844932556, 0.9390986561775208)",-35.2,1765210988.8240633
1010,"(671.6131591796875, 1099.784423828125, 1488.5260009765625, 1625.1466064453125)","(-0.9465470910072327, -0.9459058046340942, 0.9539614915847778, 0.9398889541625977)",-35.2,1765210989.0410047
1011,"(695.157958984375, 1166.348388671875, 1448.012451171875, 1718.197265625)","(-0.9468413591384888, -0.946664035320282, 0.9414562582969666, 0.941404402256012)",-35.2,1765210989.2561007
1012,"(653.2791748046875, 1193.501953125, 1372.35009765625, 1786.3717041015625)","(-0.9491965174674988, -0.9487239718437195, 0.9422481656074524, 0.9430233836174011)",-35.2,1765210989.474371
1013,"(705.9380493164062, 1123.7781982421875, 1402.3760986328125, 1668.886962890625)","(-0.9502542614936829, -0.9495992064476013, 0.943824827671051, 0.9439639449119568)",-35.2,1765210989.6914008
1014,"(701.6055297851562, 1150.830078125, 1478.0889892578125, 1746.747802734375)","(-0.900805652141571, -0.900174617767334, 0.9449289441108704, 0.9456170797348022)",-35.2,1765210989.9076793
1015,"(711.2526245117188, 1071.213134765625, 1361.048583984375, 1593.987060546875)","(-0.9028568267822266, -0.9023206233978271, 0.9464393854141235, 0.9462115168571472)",-35.2,1765210990.123125
1016,"(706.5518798828125, 1132.477294921875, 1487.671142578125, 1727.864013671875)","(-0.9043759107589722, -0.9037262201309204, 0.9474741220474243, 0.9477747678756714)",-35.2,1765210990.3426661
1017,"(674.2340698242188, 1058.8714599609375, 1488.652099609375, 1590.7132568359375)","(-0.9065021276473999, -0.9060958623886108, 0.946566104888916, 0.9487311840057373)",-35.2,1765210990.5595737
1018,"(690.6113891601562, 1141.75390625, 1440.4464111328125, 1679.5506591796875)","(-0.9078735113143921, -0.9073410630226135, 0.9015164375305176, 0.9017037749290466)",-35.2,1765210990.7747498
1019,"(710.1119384765625, 1148.580078125, 1423.768798828125, 1632.37353515625)","(-0.9093812108039856, -0.9568130970001221, 0.9033674597740173, 0.9032304286956787)",-35.2,1765210990.9929042
1020,"(720.228271484375, 1154.4462890625, 1410.01513671875, 1582.489990234375)","(-0.9122586250305176, -0.9116873741149902, 0.9048723578453064, 0.9051908254623413)",-35.2,1765210991.2093916
1021,"(701.593505859375, 1181.4852294921875, 1504.7381591796875, 1671.440673828125)","(-0.9129998683929443, -0.9121991395950317, 0.9068391919136047, 0.9071709513664246)",-35.2,1765210991.4263923
1022,"(669.9588623046875, 1085.016845703125, 1370.864501953125, 1517.27685546875)","(-0.9148303866386414, -0.9145172238349915, 0.9086673855781555, 0.9084957838058472)",-35.2,1765210991.6444528
1023,"(705.5223388671875, 1129.2386474609375, 1486.1834716796875, 1629.064453125)","(-0.9166267514228821, -0.9164727926254272, 0.9099015593528748, 0.9103984236717224)",-35.2,1765210991.8600197
1024,"(742.4738159179688, 1056.1187744140625, 1776.01171875, 1336.538818359375)","(-0.9197108149528503, -0.9194583296775818, 0.9135027527809143, 0.9139373898506165)",-33.4,1765210992.2932293
1025,"(780.8536376953125, 1074.9857177734375, 1836.4498291015625, 1374.27685546875)","(-0.9216861724853516, -0.9648801684379578, 0.9155380725860596, 0.9152410626411438)",-33.4,1765210992.5116596
1026,"(768.4822998046875, 1062.3802490234375, 1829.3104248046875, 1404.88037109375)","(-0.9233951568603516, -0.9232093095779419, 0.9163215756416321, 0.9172177910804749)",-33.4,1765210992.7299044
1027,"(785.638671875, 1100.0665283203125, 1854.853759765625, 1453.8978271484375)","(-0.9244482517242432, -0.924375057220459, 0.9186940789222717, 0.9187239408493042)",-33.4,1765210992.9477537
1028,"(760.9169921875, 1064.1251220703125, 1800.49072265625, 1386.372802734375)","(-0.9265115261077881, -0.9260850548744202, 0.9200685620307922, 0.9203137755393982)",-33.4,1765210993.1631427
1029,"(786.4141235351562, 1080.38232421875, 1900.683349609375, 1442.8568115234375)","(-0.9281531572341919, -0.9279526472091675, 0.9217163920402527, 0.9220243096351624)",-33.4,1765210993.3785684
1030,"(784.88720703125, 1058.580078125, 1826.513427734375, 1436.8106689453125)","(-0.929858386516571, -0.9291404485702515, 0.9278256297111511, 0.9233444929122925)",-33.4,1765210993.5967963
1031,"(783.4766845703125, 1032.903076171875, 1759.444580078125, 1538.960693359375)","(-0.9312518835067749, -0.9308231472969055, 0.9252831339836121, 0.9249557852745056)",-33.4,1765210993.8145788
1032,"(814.7567749023438, 1040.4427490234375, 1773.7900390625, 1532.19287109375)","(-0.9329010248184204, -0.9714752435684204, 0.9262360334396362, 0.9265376925468445)",-33.4,1765210994.0300777
1033,"(782.4912109375, 991.1869506835938, 1811.06396484375, 1525.9991455078125)","(-0.9342628717422485, -0.9340419769287109, 0.9276742339134216, 0.9283815622329712)",-33.4,1765210994.248298
1034,"(786.9998779296875, 1062.04248046875, 1821.61865234375, 1480.821044921875)","(-0.9361777305603027, -0.9354763627052307, 0.9295220375061035, 0.929356038570404)",-33.4,1765210994.4636884
1035,"(782.854248046875, 1050.5400390625, 1876.299560546875, 1441.420166015625)","(-0.9371174573898315, -0.9367592930793762, 0.9314457774162292, 0.930849015712738)",-33.4,1765210994.682552
1036,"(767.8306884765625, 1037.7064208984375, 1835.145263671875, 1419.0048828125)","(-0.9384597539901733, -0.9384346008300781, 0.931685209274292, 0.9328469634056091)",-33.4,1765210994.8998654
1037,"(791.8343505859375, 1050.71923828125, 1917.2501220703125, 1437.66015625)","(-0.9410510659217834, -0.9402790665626526, 0.9176163077354431, 0.9338022470474243)",-33.4,1765210995.1153316
1038,"(788.7142333984375, 1026.62744140625, 1855.07275390625, 1429.1978759765625)","(-0.9418850541114807, -0.9415730834007263, 0.935625433921814, 0.9345912933349609)",-33.4,1765210995.3331861
1039,"(801.3578491210938, 1074.8836669921875, 1948.110107421875, 1489.1317138671875)","(-0.9427627325057983, -0.977251410484314, 0.9360882043838501, 0.9372156858444214)",-33.4,1765210995.5486298
1040,"(787.4619750976562, 1023.16162109375, 1815.963134765625, 1442.069580078125)","(-0.9441366791725159, -0.9438985586166382, 0.9382133483886719, 0.9379045963287354)",-33.4,1765210995.7670512
1041,"(801.834228515625, 993.634521484375, 1907.724853515625, 1434.512939453125)","(-0.9457401633262634, -0.9450331330299377, 0.9389883875846863, 0.939666748046875)",-33.4,1765210995.9820168
1042,"(785.93701171875, 1008.4559326171875, 1823.822509765625, 1416.000244140625)","(-0.9467586278915405, -0.9464619159698486, 0.940524697303772, 0.9406766891479492)",-33.4,1765210996.2021394
1043,"(779.62451171875, 1011.8025512695312, 1823.70654296875, 1446.413330078125)","(-0.9483778476715088, -0.9482685923576355, 0.9417318105697632, 0.942349910736084)",-33.4,1765210996.4184828
1044,"(786.4586181640625, 973.208740234375, 1938.0286865234375, 1494.147705078125)","(-0.950302243232727, -0.9498996138572693, 0.9064589142799377, 0.9431359171867371)",-33.4,1765210996.6343815
1045,"(768.7255859375, 1021.7255859375, 1904.304931640625, 1452.58056640625)","(-0.9000244140625, -0.950234591960907, 0.9448311924934387, 0.94472736120224)",-33.4,1765210996.8517878
1046,"(791.724609375, 1153.1024169921875, 1776.1090087890625, 1471.984130859375)","(-0.9018815755844116, -0.9831169843673706, 0.945621132850647, 0.9460049271583557)",-33.4,1765210997.0685666
1047,"(808.6985473632812, 1130.33447265625, 1763.981689453125, 1534.3797607421875)","(-0.9039895534515381, -0.9036507606506348, 0.9471699595451355, 0.9471182823181152)",-33.4,1765210997.2854457
1048,"(852.251953125, 1107.67822265625, 1830.4443359375, 1532.076171875)","(-0.9059643149375916, -0.9054007530212402, 0.9482496976852417, 0.9482316374778748)",-33.4,1765210997.503393
1049,"(848.1539306640625, 1156.1114501953125, 1788.2447509765625, 1577.295654296875)","(-0.9079409837722778, -0.9071633815765381, 0.9009633660316467, 0.900496244430542)",-33.4,1765210997.7188432
1050,"(830.91162109375, 1214.060302734375, 1814.13671875, 1656.4361572265625)","(-0.9089828133583069, -0.9086313843727112, 0.9027613401412964, 0.9027445912361145)",-33.4,1765210997.9401793
1051,"(807.1893920898438, 1224.9404296875, 1822.1619873046875, 1534.5120849609375)","(-0.9109148383140564, -0.9105322360992432, 0.9044115543365479, 0.9042623043060303)",-33.4,1765210998.1531487
1052,"(804.6951293945312, 1217.747802734375, 1821.3463134765625, 1574.393310546875)","(-0.9127099514007568, -0.9124529361724854, 0.9061475396156311, 0.9065426588058472)",-33.4,1765210998.3703823
1053,"(767.8207397460938, 1235.04296875, 1737.664794921875, 1566.265869140625)","(-0.9142235517501831, -0.9139693975448608, 0.9081271290779114, 0.9079294800758362)",-33.4,1765210998.5886028
1054,"(778.6273803710938, 1202.586669921875, 1807.3701171875, 1558.188720703125)","(-0.9159948825836182, -0.9158181548118591, 0.9099045991897583, 0.9096472859382629)",-33.4,1765210998.804114
1055,"(792.360107421875, 1200.8651123046875, 1845.811279296875, 1532.0240478515625)","(-0.9178818464279175, -0.9173914790153503, 0.9114426970481873, 0.9114775657653809)",-33.4,1765210999.0218916
1056,"(919.7509155273438, 1187.842041015625, 2293.923583984375, 1374.1412353515625)","(-0.9212193489074707, -0.9203888177871704, 0.9148840308189392, 0.9147550463676453)",-31.5,1765210999.4562047
1057,"(981.998291015625, 1129.0511474609375, 2341.4580078125, 1264.5833740234375)","(-0.9230636358261108, -0.922655463218689, 0.9164918065071106, 0.9163467884063721)",-31.5,1765210999.6735342
1058,"(935.2488403320312, 1169.1829833984375, 2362.05712890625, 1315.12548828125)","(-0.9245049953460693, -0.924009382724762, 0.9180784225463867, 0.9180659055709839)",-31.5,1765210999.8889806
1059,"(931.5040893554688, 1206.79931640625, 2279.552001953125, 1297.903564453125)","(-0.9266254901885986, -0.9258584380149841, 0.9196094870567322, 0.9194612503051758)",-31.5,1765211000.107231
1060,"(950.7061157226562, 1208.5323486328125, 2338.99365234375, 1356.141357421875)","(-0.9273108839988708, -0.9266831874847412, 0.9215273857116699, 0.9212806820869446)",-31.5,1765211000.323754
1061,"(963.3428955078125, 1182.205078125, 2325.7236328125, 1303.4644775390625)","(-0.9291988015174866, -0.9290621876716614, 0.9226270914077759, 0.922833263874054)",-31.5,1765211000.5410736
1062,"(903.8108520507812, 1226.8076171875, 2210.298583984375, 1360.2091064453125)","(-0.9313328862190247, -0.9309992790222168, 0.9241225719451904, 0.9242032170295715)",-31.5,1765211000.7587
1063,"(952.3017578125, 1179.857177734375, 2251.77783203125, 1266.678955078125)","(-0.9326076507568359, -0.9323830604553223, 0.9261929392814636, 0.925700843334198)",-31.5,1765211000.9741962
1064,"(1013.4675903320312, 1154.1890869140625, 2277.540283203125, 1283.7099609375)","(-0.9346700310707092, -0.9338803291320801, 0.9278806447982788, 0.92701256275177)",-31.5,1765211001.1920593
1065,"(971.5296630859375, 1186.3115234375, 2363.82275390625, 1283.5958251953125)","(-0.9347538352012634, -0.934523344039917, 0.9294896125793457, 0.9287842512130737)",-31.5,1765211001.407515
1066,"(962.09375, 1183.05712890625, 2383.10986328125, 1298.6192626953125)","(-0.9371443390846252, -0.9365430474281311, 0.9300801157951355, 0.9305866956710815)",-31.5,1765211001.6268322
1067,"(1016.9601440429688, 1122.5411376953125, 2401.23486328125, 1199.826904296875)","(-0.9884663224220276, -0.9376468658447266, 0.931943953037262, 0.9319449067115784)",-31.5,1765211001.8412106
1068,"(960.1953125, 1190.2908935546875, 2365.95458984375, 1287.149658203125)","(-0.9394782185554504, -0.9391184449195862, 0.9335306286811829, 0.9332477450370789)",-31.5,1765211002.0590603
1069,"(921.909912109375, 1230.499267578125, 2213.7197265625, 1344.05859375)","(-0.9411802291870117, -0.9408433437347412, 0.9345340132713318, 0.9348875880241394)",-31.5,1765211002.2772958
1070,"(960.8304443359375, 1186.875732421875, 2267.668212890625, 1285.533203125)","(-0.9426067471504211, -0.941985011100769, 0.936028778553009, 0.9362033009529114)",-31.5,1765211002.4928157
1071,"(943.21044921875, 1199.0281982421875, 2354.656005859375, 1322.822021484375)","(-0.9437105059623718, -0.9434438347816467, 0.9374333620071411, 0.9377784729003906)",-31.5,1765211002.7106647
1072,"(939.7362670898438, 1102.249755859375, 2202.517578125, 1355.084228515625)","(-0.9456574320793152, -0.9453598260879517, 0.9388891458511353, 0.9908258318901062)",-31.5,1765211002.9284737
1073,"(948.3214721679688, 1134.162841796875, 2285.372802734375, 1266.310546875)","(-0.947223961353302, -0.9467424750328064, 0.9405137300491333, 0.9397434592247009)",-31.5,1765211003.1443512
1074,"(1019.534423828125, 1100.467529296875, 2358.770263671875, 1192.8310546875)","(-0.9969704151153564, -0.947253406047821, 0.9415357112884521, 0.9419540762901306)",-31.5,1765211003.3622277
1075,"(959.0260620117188, 1175.895751953125, 2384.02001953125, 1308.2117919921875)","(-0.9490537643432617, -0.9487180709838867, 0.942456841468811, 0.9434269070625305)",-31.5,1765211003.577659
1076,"(994.7703247070312, 1176.1907958984375, 2319.20068359375, 1273.95751953125)","(-0.9509709477424622, -0.9504907131195068, 0.9442029595375061, 0.9442146420478821)",-31.5,1765211003.7959685
1077,"(970.857421875, 1204.3056640625, 2233.139892578125, 1310.946044921875)","(-0.901223361492157, -0.9007187485694885, 0.9456530213356018, 0.9454150795936584)",-31.5,1765211004.0114431
1078,"(944.259765625, 1205.3450927734375, 2373.76806640625, 1317.337646484375)","(-0.9032130837440491, -0.9027566313743591, 0.9460281133651733, 0.9473688006401062)",-31.5,1765211004.2293231
1079,"(897.1513671875, 1111.587646484375, 2186.39306640625, 1310.8876953125)","(-0.9052906632423401, -0.9048328995704651, 0.948174238204956, 0.9922628998756409)",-31.5,1765211004.447786
1080,"(975.888916015625, 1172.239501953125, 2298.504150390625, 1226.686279296875)","(-0.9071333408355713, -0.9066224098205566, 0.9006264805793762, 0.9000734686851501)",-31.5,1765211004.6658704
1081,"(1018.288330078125, 1213.4168701171875, 2390.4599609375, 1296.72607421875)","(-0.9980503916740417, -0.9081308841705322, 0.9021955728530884, 0.9018453359603882)",-31.5,1765211004.881905
1082,"(945.148193359375, 1183.2216796875, 2394.59765625, 1243.5472412109375)","(-0.9105992317199707, -0.9099608659744263, 0.9037137031555176, 0.9040037989616394)",-31.5,1765211005.0962894
1083,"(984.2319946289062, 1167.326416015625, 2323.78271484375, 1235.1072998046875)","(-0.9122717976570129, -0.911845862865448, 0.9057390689849854, 0.9053393006324768)",-31.5,1765211005.3145561
1084,"(934.7971801757812, 1138.7198486328125, 2249.37060546875, 1233.7591552734375)","(-0.9137995839118958, -0.9131163358688354, 0.9074691534042358, 0.9071980118751526)",-31.5,1765211005.5327263
1085,"(936.260498046875, 1187.4384765625, 2380.415771484375, 1318.647705078125)","(-0.9156193137168884, -0.9149042963981628, 0.909095823764801, 0.9093033075332642)",-31.5,1765211005.7478342
1086,"(926.3892211914062, 1139.094970703125, 2292.822265625, 1278.583740234375)","(-0.9175617098808289, -0.9168680310249329, 0.9110690355300903, 0.9935809969902039)",-31.5,1765211005.966384
1087,"(983.010009765625, 1173.847412109375, 2378.66162109375, 1301.65087890625)","(-0.9188203811645508, -0.918149471282959, 0.912676215171814, 0.9123274087905884)",-31.5,1765211006.1815672
1088,"(939.0894775390625, 969.335693359375, 2652.03564453125, 1048.442138671875)","(-0.9222816824913025, -0.9216544032096863, 0.9160413146018982, 0.9158154129981995)",-29.7,1765211006.618051
1089,"(992.6734008789062, 1019.0238037109375, 2820.0419921875, 1028.103759765625)","(-0.9241899847984314, -0.9237098097801208, 0.917624294757843, 0.9175624847412109)",-29.7,1765211006.8330865
1090,"(955.29248046875, 992.9134521484375, 2802.681884765625, 1064.2652587890625)","(-0.926306962966919, -0.9255245327949524, 0.9194294810295105, 0.9187513589859009)",-29.6,1765211007.051368
1091,"(969.5828857421875, 1065.48193359375, 2929.0791015625, 1097.5106201171875)","(-0.9267278909683228, -0.9260455965995789, 0.9212000966072083, 0.9208929538726807)",-29.6,1765211007.266382
1092,"(944.5831909179688, 1002.9326171875, 2872.78369140625, 1076.76513671875)","(-0.9289982914924622, -0.928268313407898, 0.9223676919937134, 0.9945313334465027)",-29.6,1765211007.484803
1093,"(941.8369750976562, 990.3668212890625, 2673.52392578125, 991.085693359375)","(-0.9305217862129211, -0.9299100041389465, 0.9238322377204895, 0.9240322709083557)",-29.6,1765211007.7029157
1094,"(1012.0814208984375, 997.7249145507812, 2928.61669921875, 1031.34765625)","(-0.9998040795326233, -0.9317806363105774, 0.9256167411804199, 0.9252749681472778)",-29.6,1765211007.9179645
1095,"(868.691162109375, 1016.155517578125, 2702.978759765625, 1010.263427734375)","(-0.9330942630767822, -0.9325724244117737, 0.9272943139076233, 0.9271219372749329)",-29.6,1765211008.1361969
1096,"(869.5516357421875, 1004.369384765625, 2663.39794921875, 1148.6055908203125)","(-0.9349158406257629, -0.9345270991325378, 0.9283059239387512, 0.9285768866539001)",-29.6,1765211008.354597
1097,"(977.5479125976562, 907.4639892578125, 2730.32373046875, 1177.8834228515625)","(-0.9367559552192688, -0.936262845993042, 0.9297929406166077, 0.9299836158752441)",-29.6,1765211008.5704277
1098,"(945.0352783203125, 881.1924438476562, 2833.14111328125, 1126.8138427734375)","(-0.9376431107521057, -0.937512993812561, 0.9314324259757996, 0.9313112497329712)",-29.6,1765211008.785153
1099,"(940.5145263671875, 907.11865234375, 2833.78369140625, 1178.447998046875)","(-0.9391137957572937, -0.9389299154281616, 0.9330276846885681, 0.9939632415771484)",-29.6,1765211009.0032759
1100,"(922.8297119140625, 897.4473266601562, 2769.82470703125, 1145.95361328125)","(-0.9406715631484985, -0.9404237866401672, 0.934249758720398, 0.9341451525688171)",-29.6,1765211009.2214773
1101,"(1002.63427734375, 930.5758666992188, 2938.4013671875, 1160.5115966796875)","(-0.9997398257255554, -0.9419593214988708, 0.9358742237091064, 0.9357053637504578)",-29.6,1765211009.4396641
1102,"(955.958740234375, 917.668212890625, 2945.3681640625, 1136.695068359375)","(-0.9433072209358215, -0.9426664113998413, 0.937623918056488, 0.9369768500328064)",-29.6,1765211009.6577623
1103,"(966.2105102539062, 900.667236328125, 2868.0693359375, 1120.7347412109375)","(-0.9446325302124023, -0.9437865018844604, 0.9383172988891602, 0.9387568235397339)",-29.6,1765211009.8713799
1104,"(952.3230590820312, 891.7255859375, 2767.06689453125, 1091.0194091796875)","(-0.9464210867881775, -0.9460225701332092, 0.9396383166313171, 0.9400535225868225)",-29.6,1765211010.088638
1105,"(884.6658325195312, 1008.6074829101562, 2880.80029296875, 1083.716552734375)","(-0.947435736656189, -0.9468197822570801, 0.9411916136741638, 0.941323459148407)",-29.6,1765211010.3063502
1106,"(897.8004760742188, 636.9249267578125, 2987.5947265625, 1089.724365234375)","(-0.9490225315093994, -0.9485364556312561, 0.9425470232963562, 0.9929808378219604)",-29.6,1765211010.5218737
1107,"(944.6842041015625, 869.1475219726562, 2728.206787109375, 1110.160888671875)","(-0.949824869632721, -0.9496130347251892, 0.9437372088432312, 0.9441074728965759)",-29.6,1765211010.740875
1108,"(898.42333984375, 1064.6612548828125, 2749.516845703125, 999.1868286132812)","(-0.9974310994148254, -0.9004161953926086, 0.9446726441383362, 0.9450423717498779)",-29.6,1765211010.95638
1109,"(901.07421875, 1240.403076171875, 2661.413818359375, 962.09912109375)","(-0.9027632474899292, -0.9022029638290405, 0.9466938376426697, 0.9464938044548035)",-29.6,1765211011.173398
1110,"(880.6566772460938, 1252.70068359375, 2728.6767578125, 952.389892578125)","(-0.904320478439331, -0.9037066102027893, 0.9473774433135986, 0.9483700394630432)",-29.6,1765211011.3927307
1111,"(950.4273071289062, 1393.320068359375, 2326.193115234375, 959.99072265625)","(-0.9065670967102051, -0.9058459997177124, 0.9487446546554565, 0.949091374874115)",-29.6,1765211011.6071522
1112,"(779.6264038085938, 1155.830078125, 2656.341796875, 1552.0455322265625)","(-0.9076390266418457, -0.907365083694458, 0.9018015265464783, 0.9014803767204285)",-29.6,1765211011.8249187
1113,"(933.82958984375, 818.4627685546875, 2580.746826171875, 1388.95654296875)","(-0.9099023342132568, -0.9095750451087952, 0.9029585123062134, 0.9918912053108215)",-29.6,1765211012.0404174
1114,"(1016.1893310546875, 757.6473999023438, 2720.39404296875, 1323.7099609375)","(-0.9115211963653564, -0.9108781218528748, 0.9050723910331726, 0.9048141837120056)",-29.6,1765211012.2600455
1115,"(911.6611328125, 757.1126098632812, 2679.805908203125, 1263.167236328125)","(-0.9132397770881653, -0.912549614906311, 0.9066768288612366, 0.9070307612419128)",-29.6,1765211012.4776757
1116,"(975.553466796875, 874.527587890625, 2525.965087890625, 1166.220947265625)","(-0.9151284694671631, -0.9147897958755493, 0.908562421798706, 0.9084770679473877)",-29.6,1765211012.6920455
1117,"(887.1224365234375, 952.9613037109375, 2597.9443359375, 1303.141845703125)","(-0.916516125202179, -0.9159095287322998, 0.9103171229362488, 0.9101144075393677)",-29.6,1765211012.9102602
1118,"(925.052978515625, 913.7421875, 2654.619384765625, 1213.4580078125)","(-0.9184107780456543, -0.9181952476501465, 0.9116091728210449, 0.9121741652488708)",-29.6,1765211013.1257737
1119,"(1141.7119140625, 761.0987548828125, 2607.446533203125, 987.788330078125)","(-0.920072615146637, -0.9192867875099182, 0.9135532379150391, 0.9138322472572327)",-29.6,1765211013.3435128
1120,"(1122.1611328125, 710.2535400390625, 3138.52685546875, 1075.7431640625)","(-0.9231464862823486, -0.9229289293289185, 0.9165595173835754, 0.9172272682189941)",-28.1,1765211013.779017
1121,"(1171.403076171875, 671.3858642578125, 3138.0537109375, 1032.4071044921875)","(-0.9254767894744873, -0.9244871139526367, 0.9186141490936279, 0.9184018969535828)",-28.1,1765211013.9950836
1122,"(1114.646484375, 689.389404296875, 3164.372802734375, 1038.552001953125)","(-0.9263131618499756, -0.9256683588027954, 0.9202191829681396, 0.9201822876930237)",-28.0,1765211014.2151783
1123,"(1046.289306640625, 718.598876953125, 3082.68701171875, 1080.53564453125)","(-0.9281982183456421, -0.9277969002723694, 0.9215628504753113, 0.9219455718994141)",-28.0,1765211014.4297376
1124,"(1162.8101806640625, 673.3714599609375, 3204.742919921875, 1045.8309326171875)","(-0.92979896068573, -0.9293182492256165, 0.9232428669929504, 0.9235912561416626)",-28.0,1765211014.6447792
1125,"(1152.602783203125, 669.558349609375, 3122.7626953125, 994.3958129882812)","(-0.9313104152679443, -0.9306963682174683, 0.9248034954071045, 0.9249961376190186)",-28.0,1765211014.8622894
1126,"(957.8258056640625, 782.8551025390625, 2949.414306640625, 1148.67724609375)","(-0.9326986074447632, -0.9323402643203735, 0.9264719486236572, 0.9262613654136658)",-28.0,1765211015.0803628
1127,"(919.632080078125, 665.50732421875, 3116.432373046875, 1088.8681640625)","(-0.9350292682647705, -0.9339564442634583, 0.9278638362884521, 0.9277724623680115)",-28.0,1765211015.295841
1128,"(1076.63720703125, 597.3907470703125, 3272.72119140625, 944.8348999023438)","(-0.9371902942657471, -0.93606036901474, 0.9298783540725708, 0.9291238188743591)",-28.0,1765211015.513735
1129,"(951.0701293945312, 790.0631103515625, 3204.3486328125, 1214.95556640625)","(-0.9380234479904175, -0.9643879532814026, 0.9315081238746643, 0.9304797053337097)",-28.0,1765211015.7304282
1130,"(986.584228515625, 763.2996826171875, 3242.3828125, 1171.7525634765625)","(-0.9381676316261292, -0.9372931718826294, 0.9327566027641296, 0.9326576590538025)",-28.0,1765211015.9489377
1131,"(1068.061767578125, 782.6329345703125, 3258.40234375, 1178.92724609375)","(-0.9399701356887817, -0.9396510124206543, 0.933510959148407, 0.9343698620796204)",-28.0,1765211016.1658175
1132,"(1011.306396484375, 730.642578125, 3051.417724609375, 1174.189697265625)","(-0.9420626759529114, -0.941271185874939, 0.9348275661468506, 0.935310423374176)",-28.0,1765211016.380751
1133,"(1018.33642578125, 738.6300048828125, 2990.873046875, 1191.63330078125)","(-0.9432834982872009, -0.9428028464317322, 0.936674177646637, 0.9365453720092773)",-28.0,1765211016.5990174
1134,"(981.4051513671875, 756.1339111328125, 3102.9609375, 1180.6781005859375)","(-0.9448671340942383, -0.943926215171814, 0.9133816361427307, 0.9378432035446167)",-28.0,1765211016.8145785
1135,"(997.81640625, 784.68994140625, 2983.49072265625, 1253.4803466796875)","(-0.9462072849273682, -0.9454744458198547, 0.9396644830703735, 0.9393263459205627)",-28.0,1765211017.0322876
1136,"(958.0364990234375, 837.4227294921875, 2880.26904296875, 1319.630615234375)","(-0.9478634595870972, -0.9472408890724182, 0.9410345554351807, 0.9404304027557373)",-28.0,1765211017.2504942
1137,"(1028.083984375, 803.8275146484375, 3032.82666015625, 1293.326416015625)","(-0.9491255283355713, -0.9480704069137573, 0.942656397819519, 0.9415154457092285)",-28.0,1765211017.4660642
1138,"(1082.5087890625, 807.2125244140625, 3085.2021484375, 1324.1063232421875)","(-0.951134979724884, -0.9506628513336182, 0.9440396428108215, 0.9426732063293457)",-28.0,1765211017.6838312
1139,"(1030.867431640625, 785.5466918945312, 3105.114013671875, 1225.2822265625)","(-0.9007571339607239, -0.9003127813339233, 0.9446139335632324, 0.9439986944198608)",-28.0,1765211017.899321
1140,"(1042.76904296875, 772.927978515625, 3131.878173828125, 1263.099609375)","(-0.9021666646003723, -0.9011731743812561, 0.9466341137886047, 0.9452601075172424)",-28.0,1765211018.1188352
1141,"(979.3421630859375, 742.4354248046875, 3290.8369140625, 1213.160888671875)","(-0.9035664200782776, -0.9028127193450928, 0.9781996011734009, 0.9470923542976379)",-28.0,1765211018.335748
1142,"(1022.380126953125, 797.307861328125, 3144.37060546875, 1273.57568359375)","(-0.9056118726730347, -0.9046485424041748, 0.9492587447166443, 0.9483934044837952)",-28.0,1765211018.5512161
1143,"(954.1466064453125, 823.1632080078125, 3219.8720703125, 1299.62548828125)","(-0.9071596264839172, -0.9067049026489258, 0.9007979035377502, 0.901288628578186)",-28.0,1765211018.7690651
1144,"(1003.5370483398438, 771.9744873046875, 3024.505126953125, 1251.88427734375)","(-0.9094347357749939, -0.908916175365448, 0.9026120901107788, 0.9026978611946106)",-28.0,1765211018.9846325
1145,"(1021.0254516601562, 798.497802734375, 3059.509765625, 1274.920654296875)","(-0.911622941493988, -0.9107615947723389, 0.904425859451294, 0.9044075012207031)",-28.0,1765211019.2023966
1146,"(988.8233642578125, 759.4810180664062, 2941.2021484375, 1207.802490234375)","(-0.9131897687911987, -0.9125000238418579, 0.9065470099449158, 0.9058026671409607)",-28.0,1765211019.4206483
1147,"(1054.882568359375, 796.6090698242188, 3144.5087890625, 1277.810791015625)","(-0.9153528809547424, -0.9141279458999634, 0.9082939028739929, 0.9073954820632935)",-28.0,1765211019.6361125
1148,"(998.5479125976562, 772.6503295898438, 3268.7890625, 1297.960693359375)","(-0.9169773459434509, -0.9160174131393433, 0.973469614982605, 0.9090667963027954)",-28.0,1765211019.8543494
1149,"(1023.8953857421875, 826.2002563476562, 3160.4296875, 1287.5814208984375)","(-0.917315661907196, -0.9163514971733093, 0.9119762778282166, 0.911104142665863)",-28.0,1765211020.0706804
1150,"(1022.734130859375, 823.925048828125, 3162.64599609375, 1281.5126953125)","(-0.9191069602966309, -0.9183825254440308, 0.9134394526481628, 0.9130877256393433)",-28.0,1765211020.2878807
1151,"(997.8843383789062, 784.18701171875, 2957.39501953125, 1208.620361328125)","(-0.9216314554214478, -0.9208871126174927, 0.9148001670837402, 0.9147562384605408)",-28.0,1765211020.506463
1152,"(945.1542358398438, 617.095703125, 3475.5478515625, 1003.4288330078125)","(-0.924360990524292, -0.9240642189979553, 0.9177100658416748, 0.9182211756706238)",-26.1,1765211020.941114
1153,"(990.7796020507812, 625.077392578125, 3645.75244140625, 985.11767578125)","(-0.9264110922813416, -0.9261137843132019, 0.9192125797271729, 0.9198519587516785)",-26.1,1765211021.1547892
1154,"(974.6700439453125, 624.605224609375, 3676.3251953125, 973.2543334960938)","(-0.9285240769386292, -0.9273169040679932, 0.9671351313591003, 0.9209709763526917)",-26.1,1765211021.372908
1155,"(998.5107421875, 617.2354736328125, 3551.8974609375, 954.1906127929688)","(-0.9302697777748108, -0.929526150226593, 0.9230954051017761, 0.9224543571472168)",-26.1,1765211021.58802
1156,"(1018.7719116210938, 659.3504028320312, 3700.322509765625, 1018.8209838867188)","(-0.9318912625312805, -0.9313742518424988, 0.9244480133056641, 0.9239010810852051)",-26.1,1765211021.8075478
1157,"(973.632080078125, 637.3364868164062, 3542.7900390625, 975.022216796875)","(-0.9326907396316528, -0.9321768283843994, 0.9262343645095825, 0.9251859784126282)",-26.1,1765211022.0244603
1158,"(1005.69921875, 660.2242431640625, 3663.079345703125, 1026.16357421875)","(-0.9344972968101501, -0.9336008429527283, 0.9278746843338013, 0.927125871181488)",-26.1,1765211022.2395864
1159,"(983.8795776367188, 644.563720703125, 3626.025390625, 1000.8653564453125)","(-0.9352874755859375, -0.9347254633903503, 0.9292250275611877, 0.9286656379699707)",-26.1,1765211022.4580154
1160,"(982.9466552734375, 645.0531005859375, 3536.2236328125, 987.089599609375)","(-0.9367872476577759, -0.9361127018928528, 0.9304962158203125, 0.9306550025939941)",-26.1,1765211022.6732976
1161,"(975.2425537109375, 640.82421875, 3633.158447265625, 975.243896484375)","(-0.9383620619773865, -0.9376147985458374, 0.9602481722831726, 0.9318610429763794)",-26.1,1765211022.8915668
1162,"(992.12744140625, 633.4176635742188, 3513.189453125, 964.4611206054688)","(-0.9403973817825317, -0.9398690462112427, 0.933327853679657, 0.9332870244979858)",-26.1,1765211023.1093314
1163,"(1017.462646484375, 669.4853515625, 3670.13720703125, 1014.6165161132812)","(-0.941687822341919, -0.9412145018577576, 0.9346230626106262, 0.9344717860221863)",-26.1,1765211023.3265357
1164,"(979.820556640625, 655.6077270507812, 3573.11865234375, 996.4681396484375)","(-0.94266277551651, -0.9427895545959473, 0.9358167052268982, 0.9361261129379272)",-26.1,1765211023.5431304
1165,"(977.9069213867188, 652.95166015625, 3619.744140625, 967.6341552734375)","(-0.9441050887107849, -0.9441365003585815, 0.9370065927505493, 0.9377077221870422)",-26.1,1765211023.7581134
1166,"(985.2105102539062, 636.5399780273438, 3519.028076171875, 961.0050048828125)","(-0.9462711215019226, -0.945380449295044, 0.938968300819397, 0.9385049939155579)",-26.1,1765211023.9770522
1167,"(968.11962890625, 636.669189453125, 3481.167236328125, 978.8367309570312)","(-0.9479075074195862, -0.947070300579071, 0.9405174255371094, 0.9396962523460388)",-26.1,1765211024.1947043
1168,"(980.208984375, 642.465087890625, 3778.861083984375, 1025.2945556640625)","(-0.9491497278213501, -0.9479464888572693, 0.9538935422897339, 0.9411470293998718)",-26.1,1765211024.4101708
1169,"(980.3472900390625, 630.449462890625, 3667.37841796875, 994.597412109375)","(-0.9508510231971741, -0.9499670267105103, 0.9436039924621582, 0.9422102570533752)",-26.1,1765211024.628044
1170,"(986.68212890625, 656.378173828125, 3756.5517578125, 1023.7174682617188)","(-0.9505690932273865, -0.94986492395401, 0.9450636506080627, 0.9440283179283142)",-26.1,1765211024.843532
1171,"(971.018310546875, 643.9331665039062, 3581.7275390625, 1002.219970703125)","(-0.9019759893417358, -0.9010165333747864, 0.9458928108215332, 0.9452319741249084)",-26.1,1765211025.0616295
1172,"(972.1649169921875, 622.2503662109375, 3663.652587890625, 986.8312377929688)","(-0.9031899571418762, -0.9028174877166748, 0.9461477994918823, 0.9467667937278748)",-26.1,1765211025.2795415
1173,"(937.323974609375, 626.88330078125, 3639.5380859375, 962.8072509765625)","(-0.9052959084510803, -0.9045670032501221, 0.9478258490562439, 0.9483813047409058)",-26.1,1765211025.4950924
1174,"(925.4744262695312, 621.2054443359375, 3499.75390625, 970.411376953125)","(-0.9067997336387634, -0.9063298106193542, 0.9001249074935913, 0.9002454280853271)",-26.1,1765211025.713249
1175,"(920.82568359375, 629.8279418945312, 3680.1767578125, 989.5514526367188)","(-0.909103512763977, -0.9083274602890015, 0.9445618391036987, 0.9021759033203125)",-26.1,1765211025.9312136
1176,"(970.9215087890625, 627.252197265625, 3502.591796875, 927.2149658203125)","(-0.9102062582969666, -0.9099718928337097, 0.9035906195640564, 0.9040219187736511)",-26.1,1765211026.1466055
1177,"(956.5560913085938, 667.4176025390625, 3486.76416015625, 986.12646484375)","(-0.9126689434051514, -0.9116694331169128, 0.9056804180145264, 0.9054626226425171)",-26.1,1765211026.3647847
1178,"(984.644287109375, 657.33154296875, 3581.35986328125, 999.3795776367188)","(-0.9145672917366028, -0.914207398891449, 0.9071499705314636, 0.907217800617218)",-26.1,1765211026.5803266
1179,"(968.3679809570312, 633.1431884765625, 3706.37646484375, 989.54541015625)","(-0.9156073927879333, -0.9149337410926819, 0.9089379906654358, 0.9093613028526306)",-26.1,1765211026.7994237
1180,"(945.390869140625, 634.8051147460938, 3589.19921875, 940.9678955078125)","(-0.9171857237815857, -0.9168093800544739, 0.9107236862182617, 0.9108409285545349)",-26.1,1765211027.0150049
1181,"(962.183349609375, 639.919189453125, 3503.19580078125, 963.8991088867188)","(-0.9190952181816101, -0.9188214540481567, 0.9123556017875671, 0.912617564201355)",-26.1,1765211027.2318227
1182,"(1019.8756713867188, 614.5838623046875, 3708.19091796875, 938.2591552734375)","(-0.9205944538116455, -0.9202971458435059, 0.9138999581336975, 0.9142395853996277)",-26.1,1765211027.447921
1183,"(940.6553955078125, 613.4567260742188, 3640.08544921875, 939.4990234375)","(-0.9222739934921265, -0.9219322800636292, 0.9156471490859985, 0.9160118103027344)",-26.1,1765211027.665197
1184,"(901.4619140625, 493.327392578125, 4100.4931640625, 718.749755859375)","(-0.9254092574119568, -0.9250046014785767, 0.918856143951416, 0.9188779592514038)",-24.2,1765211028.098844
1185,"(918.258056640625, 507.3221435546875, 4286.3173828125, 665.39013671875)","(-0.926801323890686, -0.9263363480567932, 0.9208090305328369, 0.9209015965461731)",-24.2,1765211028.316638
1186,"(932.5486450195312, 539.566650390625, 3990.61669921875, 703.2734375)","(-0.9286766052246094, -0.9285090565681458, 0.9223129749298096, 0.9224647879600525)",-24.2,1765211028.53211
1187,"(900.8092041015625, 526.985595703125, 4233.03955078125, 691.7103271484375)","(-0.9301451444625854, -0.9299172759056091, 0.9235101342201233, 0.9241566061973572)",-24.2,1765211028.7533205
1188,"(942.3154296875, 485.58929443359375, 4356.7822265625, 644.318359375)","(-0.931637167930603, -0.9314433336257935, 0.9252529740333557, 0.9254930019378662)",-24.2,1765211028.9682193
1189,"(933.7222900390625, 509.64990234375, 4149.70654296875, 653.7246704101562)","(-0.9333683848381042, -0.9329394102096558, 0.9267233610153198, 0.9270508885383606)",-24.2,1765211029.1836882
1190,"(963.5870971679688, 524.223388671875, 4213.8857421875, 682.0439453125)","(-0.9357563853263855, -0.9349595308303833, 0.9284725189208984, 0.9284124374389648)",-24.2,1765211029.4020343
1191,"(736.6154174804688, 717.7425537109375, 702.1141967773438, 691.556396484375)","(-0.9351051449775696, -0.9372599720954895, 0.9301981329917908, 0.9296201467514038)",-24.2,1765211029.7066536
1192,"(4498.1474609375, 734.61474609375, 704.7993774414062, 690.4365234375)","(-0.9391384124755859, -0.938605546951294, 0.9319092631340027, 0.9314679503440857)",-24.2,1765211029.865421
1193,"(917.311767578125, 561.8558349609375, 4136.5947265625, 737.1664428710938)","(-0.9394159913063049, -0.9395318627357483, 0.9323041439056396, 0.9331909418106079)",-24.2,1765211030.0534747
1194,"(954.9576416015625, 537.171875, 4247.2412109375, 697.4703369140625)","(-0.9419590830802917, -0.9413560628890991, 0.9342753887176514, 0.9337781071662903)",-24.2,1765211030.2689753
1195,"(992.612548828125, 549.59033203125, 4526.0830078125, 702.6007080078125)","(-0.9423506259918213, -0.9417288303375244, 0.9164356589317322, 0.9351781010627747)",-24.2,1765211030.4867866
1196,"(704.1854248046875, 712.7739868164062, 697.6259765625, 684.7269897460938)","(-0.944100558757782, -0.9416840672492981, 0.9362045526504517, 0.9376112222671509)",-24.2,1765211030.750394
1197,"(942.1287841796875, 513.7379150390625, 4352.74267578125, 680.7425537109375)","(-0.9445386528968811, -0.9444462656974792, 0.9375580549240112, 0.939038097858429)",-24.2,1765211030.920903
1198,"(982.5387573242188, 478.67645263671875, 4459.794921875, 629.5051879882812)","(-0.981337308883667, -0.9465788006782532, 0.9400094151496887, 0.9394676089286804)",-24.2,1765211031.1397865
1199,"(943.6483154296875, 499.90985107421875, 4312.6943359375, 666.0272216796875)","(-0.9488015174865723, -0.9482411742210388, 0.9415021538734436, 0.9406788349151611)",-24.2,1765211031.3538692
1200,"(909.144287109375, 540.79638671875, 4371.708984375, 680.1510009765625)","(-0.9497678875923157, -0.9496815204620361, 0.9426971673965454, 0.941953718662262)",-24.2,1765211031.5720735
1201,"(931.6803588867188, 527.2291870117188, 4259.66796875, 676.4163818359375)","(-0.950624406337738, -0.9508391618728638, 0.9432069659233093, 0.9436601996421814)",-24.2,1765211031.7885814
1202,"(922.6268310546875, 547.5420532226562, 4280.6904296875, 683.764404296875)","(-0.9005767107009888, -0.9003325700759888, 0.9443429112434387, 0.9457495212554932)",-24.2,1765211032.005795
1203,"(924.3019409179688, 425.72027587890625, 4120.0576171875, 606.5921630859375)","(-0.9023897051811218, -0.9034916162490845, 0.9462178945541382, 0.9782336950302124)",-24.2,1765211032.2236035
1204,"(995.196044921875, 522.7152099609375, 4222.25732421875, 514.4093017578125)","(-0.9047005772590637, -0.9041187763214111, 0.947583794593811, 0.9476121664047241)",-24.2,1765211032.4412258
1205,"(987.9825439453125, 379.0986633300781, 4513.9833984375, 477.78826904296875)","(-0.9846178889274597, -0.9057488441467285, 0.9484049081802368, 0.9490255117416382)",-24.2,1765211032.6569395
1206,"(944.635498046875, 402.116943359375, 4213.0009765625, 512.4502563476562)","(-0.9081138372421265, -0.9073812365531921, 0.9013659358024597, 0.901771605014801)",-24.2,1765211032.87242
1207,"(971.8884887695312, 421.9908142089844, 4294.1259765625, 549.4175415039062)","(-0.9103013277053833, -0.9094841480255127, 0.9031404852867126, 0.9032588005065918)",-24.2,1765211033.0906837
1208,"(908.49365234375, 423.90948486328125, 3990.8251953125, 417.3557434082031)","(-0.9118063449859619, -0.9114081859588623, 0.904380738735199, 0.9053012132644653)",-24.2,1765211033.3089104
1209,"(937.65576171875, 438.0887145996094, 4146.45849609375, 500.9142150878906)","(-0.9137160778045654, -0.912848711013794, 0.9068393111228943, 0.9070897102355957)",-24.2,1765211033.5240989
1210,"(931.5803833007812, 430.389892578125, 4091.791015625, 538.0027465820312)","(-0.9145371913909912, -0.9142419695854187, 0.9084424376487732, 0.9829039573669434)",-24.2,1765211033.7426357
1211,"(1024.714599609375, 447.6907653808594, 4146.93310546875, 477.985595703125)","(-0.9167199730873108, -0.9164936542510986, 0.9102271199226379, 0.9102234840393066)",-24.2,1765211033.958074
1212,"(1005.9884033203125, 451.9295654296875, 4277.65625, 515.2330932617188)","(-0.9894309639930725, -0.9184691309928894, 0.9115936160087585, 0.9117019176483154)",-24.2,1765211034.1755064
1213,"(996.3699951171875, 454.46728515625, 4058.45263671875, 516.3970947265625)","(-0.9197235107421875, -0.9194989800453186, 0.9134514331817627, 0.913631796836853)",-24.2,1765211034.3910441
1214,"(1022.5277099609375, 479.4477844238281, 4247.30029296875, 550.7516479492188)","(-0.9222692847251892, -0.9217907190322876, 0.9153255224227905, 0.9152366518974304)",-24.2,1765211034.60922
1215,"(944.3204345703125, 452.91839599609375, 4085.298828125, 534.32275390625)","(-0.9237717390060425, -0.9233778715133667, 0.9165803790092468, 0.9172568321228027)",-24.2,1765211034.8280137
1216,"(999.4429931640625, 314.80120849609375, 4443.201171875, 477.61248779296875)","(-0.9274393320083618, -0.926317572593689, 0.920159101486206, 0.9859884977340698)",-22.7,1765211035.2608228
1217,"(955.40185546875, 317.7662658691406, 4389.958984375, 477.840087890625)","(-0.9286521673202515, -0.9277673363685608, 0.9218413233757019, 0.9221945405006409)",-22.7,1765211035.4763033
1218,"(983.34814453125, 334.57464599609375, 4346.54052734375, 497.02020263671875)","(-0.9929836392402649, -0.9295876622200012, 0.9231509566307068, 0.9234648942947388)",-22.7,1765211035.6952572
1219,"(952.125, 326.8788146972656, 4317.712890625, 481.24945068359375)","(-0.9315226078033447, -0.9310981035232544, 0.9246765971183777, 0.9247711896896362)",-22.7,1765211035.9123309
1220,"(958.677490234375, 331.5572204589844, 4637.578125, 507.41180419921875)","(-0.9328110218048096, -0.9321781396865845, 0.9266847968101501, 0.9271262884140015)",-22.7,1765211036.1278715
1221,"(957.6116943359375, 320.20745849609375, 4365.7646484375, 496.8490905761719)","(-0.9348508715629578, -0.9345065355300903, 0.927797257900238, 0.9280460476875305)",-22.7,1765211036.3460553
1222,"(917.6668701171875, 326.5777587890625, 4540.8671875, 495.4671630859375)","(-0.9361066222190857, -0.9351161122322083, 0.9295016527175903, 0.9302213788032532)",-22.7,1765211036.5611312
1223,"(950.1285400390625, 313.84906005859375, 4429.0048828125, 500.8182373046875)","(-0.9375669360160828, -0.9373279213905334, 0.9309230446815491, 0.9888506531715393)",-22.7,1765211036.7793388
1224,"(909.40625, 303.1366271972656, 4252.330078125, 476.9080505371094)","(-0.938937783241272, -0.9380331635475159, 0.9323221445083618, 0.9325718879699707)",-22.7,1765211036.9976058
1225,"(960.1399536132812, 314.64306640625, 4493.22998046875, 482.0623779296875)","(-0.9951135516166687, -0.9398744702339172, 0.9337895512580872, 0.9337647557258606)",-22.7,1765211037.2126362
1226,"(921.634765625, 294.53131103515625, 4336.283203125, 463.74310302734375)","(-0.9414798617362976, -0.9409477710723877, 0.935329794883728, 0.9354363083839417)",-22.7,1765211037.4339614
1227,"(989.24609375, 306.8505859375, 4532.2275390625, 480.329345703125)","(-0.9440865516662598, -0.9429901242256165, 0.936989963054657, 0.9367337822914124)",-22.7,1765211037.6463594
1228,"(931.774169921875, 302.5012512207031, 4501.35888671875, 504.6300048828125)","(-0.9447523355484009, -0.9436209201812744, 0.9384598135948181, 0.9390350580215454)",-22.7,1765211037.8645658
1229,"(897.946044921875, 290.3946228027344, 4372.20703125, 474.1852111816406)","(-0.9467339515686035, -0.9456734657287598, 0.9391837120056152, 0.9398773908615112)",-22.7,1765211038.082445
1230,"(957.06982421875, 300.1885986328125, 4337.10595703125, 470.2513122558594)","(-0.9475330114364624, -0.9468290209770203, 0.9402358531951904, 0.9408698081970215)",-22.7,1765211038.2979283
1231,"(891.8216552734375, 299.6356201171875, 4429.412109375, 504.0772399902344)","(-0.9487527012825012, -0.947842001914978, 0.9419094920158386, 0.9428372979164124)",-22.7,1765211038.517272
1232,"(977.8388671875, 306.1166076660156, 4399.443359375, 487.3235778808594)","(-0.9971017241477966, -0.9494953751564026, 0.9432182908058167, 0.9438542723655701)",-22.7,1765211038.7312717
1233,"(957.792236328125, 301.4094543457031, 4493.1689453125, 488.1313171386719)","(-0.900605320930481, -0.9505565762519836, 0.9450121521949768, 0.9451227188110352)",-22.7,1765211038.9508715
1234,"(920.7607421875, 304.90338134765625, 4271.76318359375, 500.4611511230469)","(-0.9019638299942017, -0.9015504121780396, 0.9456442594528198, 0.9457681179046631)",-22.7,1765211039.1677525
1235,"(960.3846435546875, 315.29364013671875, 4420.236328125, 497.75079345703125)","(-0.9044524431228638, -0.9034860134124756, 0.947693943977356, 0.9473375678062439)",-22.7,1765211039.3831882
1236,"(919.7698974609375, 303.45819091796875, 4510.40625, 497.2737731933594)","(-0.9058334827423096, -0.9049556851387024, 0.9482754468917847, 0.9494100213050842)",-22.7,1765211039.6010637
1237,"(942.0551147460938, 299.8608703613281, 4342.46826171875, 497.7652282714844)","(-0.9073951244354248, -0.9068992137908936, 0.9011918306350708, 0.9929500222206116)",-22.7,1765211039.816634
1238,"(903.7278442382812, 301.4500732421875, 4328.513671875, 484.00213623046875)","(-0.9092507362365723, -0.9086900353431702, 0.9026758074760437, 0.9029299020767212)",-22.7,1765211040.0347862
1239,"(925.2485961914062, 279.1650085449219, 4357.6171875, 451.44781494140625)","(-1.0004229545593262, -0.9110298156738281, 0.904885470867157, 0.9045047163963318)",-22.7,1765211040.2498102
1240,"(932.0681762695312, 280.93841552734375, 4215.11376953125, 456.32354736328125)","(-0.9131143093109131, -0.9119839668273926, 0.9065945744514465, 0.9068003296852112)",-22.7,1765211040.4681475
1241,"(894.5113525390625, 291.7667236328125, 4256.361328125, 487.0149841308594)","(-0.9144670963287354, -0.9137815237045288, 0.9081476926803589, 0.9081957340240479)",-22.7,1765211040.6877313
1242,"(945.2678833007812, 293.9412536621094, 4288.07275390625, 482.9693603515625)","(-0.9165022373199463, -0.915892481803894, 0.9097046852111816, 0.9098294377326965)",-22.7,1765211040.9017947
1243,"(918.5914916992188, 290.079833984375, 4476.607421875, 490.09759521484375)","(-0.9182962775230408, -0.917281985282898, 0.9112145900726318, 0.9116449356079102)",-22.7,1765211041.1196804
1244,"(944.0916748046875, 304.8299865722656, 4137.3779296875, 499.38983154296875)","(-0.9199652075767517, -0.9191443920135498, 0.91323322057724, 0.9132087230682373)",-22.7,1765211041.336969
1245,"(908.620361328125, 299.7730712890625, 4414.01806640625, 500.63018798828125)","(-0.9209522604942322, -0.9205526113510132, 0.9149360060691833, 0.9151881337165833)",-22.7,1765211041.55332
1246,"(983.472412109375, 289.42291259765625, 4411.8740234375, 478.8466491699219)","(-0.9234301447868347, -0.9227587580680847, 0.9164258241653442, 0.9164637327194214)",-22.7,1765211041.7711966
1247,"(942.0828857421875, 298.6098937988281, 4431.853515625, 499.92193603515625)","(-0.9248421788215637, -0.9244356155395508, 0.917766273021698, 0.9181796312332153)",-22.7,1765211041.9868898
1248,"(831.34716796875, 211.33102416992188, 5118.54443359375, 288.2533874511719)","(-0.9275641441345215, -0.9272828102111816, 0.9207565784454346, 0.9211158752441406)",-20.8,1765211042.4213765
1249,"(848.9244995117188, 205.20750427246094, 4958.12451171875, 267.89361572265625)","(-0.929242730140686, -0.9286251664161682, 0.922855794429779, 0.9229328036308289)",-20.8,1765211042.6383035
1250,"(771.492431640625, 209.26739501953125, 4692.8935546875, 283.6188049316406)","(-0.9313760995864868, -0.9307062029838562, 0.924363374710083, 0.9242701530456543)",-20.8,1765211042.8564353
1251,"(820.979736328125, 209.21517944335938, 4863.43359375, 262.34130859375)","(-0.9323390126228333, -0.9318225383758545, 0.9256061315536499, 0.9256043434143066)",-20.8,1765211043.0719202
1252,"(843.6744384765625, 196.9553680419922, 4820.619140625, 273.20123291015625)","(-0.9339748024940491, -0.9331088066101074, 0.9274423718452454, 0.9275159239768982)",-20.8,1765211043.2908704
1253,"(801.8070068359375, 193.50543212890625, 4933.08984375, 285.00457763671875)","(-0.9359727501869202, -0.9349873065948486, 0.9286884665489197, 0.9291581511497498)",-20.8,1765211043.5056577
1254,"(809.4633178710938, 192.4398193359375, 4751.37158203125, 256.47723388671875)","(-0.9367073178291321, -0.936257541179657, 0.9308170676231384, 0.9306718111038208)",-20.8,1765211043.7235901
1255,"(815.2228393554688, 197.3380126953125, 5187.29833984375, 251.33421325683594)","(-0.9379828572273254, -0.9375534653663635, 0.9316333532333374, 0.9317977428436279)",-20.8,1765211043.9455528
1256,"(831.0491333007812, 193.12811279296875, 4834.5576171875, 256.56707763671875)","(-0.9395892024040222, -0.9384605884552002, 0.9334848523139954, 0.9336386322975159)",-20.8,1765211044.1572764
1257,"(791.1837158203125, 209.83944702148438, 5067.1982421875, 261.4667053222656)","(-0.9413515329360962, -0.9403260350227356, 0.9346307516098022, 0.9349788427352905)",-20.8,1765211044.3750775
1258,"(826.5047607421875, 202.76177978515625, 4809.0400390625, 260.62322998046875)","(-0.9431464672088623, -0.9422876238822937, 0.936207115650177, 0.9363867044448853)",-20.8,1765211044.5906754
1259,"(798.2015380859375, 201.3828125, 5055.015625, 271.58245849609375)","(-0.9447969794273376, -0.9441865086555481, 0.9370709657669067, 0.9377077221870422)",-20.8,1765211044.8084736
1260,"(808.888916015625, 223.67977905273438, 4738.2734375, 271.33251953125)","(-0.9457246661186218, -0.9449376463890076, 0.938993513584137, 0.9389143586158752)",-20.8,1765211045.0266259
1261,"(799.978515625, 201.34669494628906, 4922.3974609375, 272.5008239746094)","(-0.9473130702972412, -0.9467472434043884, 0.9400910139083862, 0.9403799772262573)",-20.8,1765211045.2435796
1262,"(4962.8271484375, 2383.80615234375, 258.70343017578125, 260.3367919921875)","(-0.9473980069160461, -0.934474527835846, 0.9412178993225098, 0.9421019554138184)",-20.8,1765211045.5162358
1263,"(393.57659912109375, 5004.9228515625, 272.9075927734375, 265.1583251953125)","(-0.9489244818687439, -0.9493409991264343, 0.9425731301307678, 0.9430440664291382)",-20.8,1765211045.6842718
1264,"(812.802001953125, 198.03074645996094, 4944.2822265625, 258.1953125)","(-0.9510118961334229, -0.9503832459449768, 0.9444283843040466, 0.9441775679588318)",-20.8,1765211045.8937526
1265,"(799.260986328125, 199.24954223632812, 5256.7490234375, 249.55484008789062)","(-0.9017007946968079, -0.9008783102035522, 0.9912556409835815, 0.945059597492218)",-20.8,1765211046.1119235
1266,"(798.2433471679688, 197.41940307617188, 4797.28076171875, 266.509765625)","(-0.9035224318504333, -0.9027103781700134, 0.9469030499458313, 0.9470638036727905)",-20.8,1765211046.3271186
1267,"(820.09375, 218.1119384765625, 4687.28759765625, 264.6766662597656)","(-0.9057126045227051, -0.9047937989234924, 0.9481048583984375, 0.9483031034469604)",-20.8,1765211046.5452769
1268,"(810.2275390625, 197.91152954101562, 4965.736328125, 272.14166259765625)","(-0.9074001312255859, -0.9066877961158752, 0.9003966450691223, 0.9009372591972351)",-20.8,1765211046.7621913
1269,"(825.8862915039062, 195.70773315429688, 4802.09130859375, 257.9188232421875)","(-0.9090676307678223, -0.9080789089202881, 0.9019935727119446, 0.9025898575782776)",-20.8,1765211046.9787357
1270,"(830.405517578125, 187.69461059570312, 4639.318359375, 244.5185089111328)","(-0.9109504818916321, -0.9102434515953064, 0.904297947883606, 0.9040440917015076)",-20.8,1765211047.1941314
1271,"(842.1295166015625, 193.05760192871094, 4916.875, 262.02386474609375)","(-0.9125074744224548, -0.9115995168685913, 0.9058355689048767, 0.9058485627174377)",-20.8,1765211047.4122539
1272,"(816.990966796875, 194.16732788085938, 5231.498046875, 256.91534423828125)","(-0.9144399166107178, -0.9134592413902283, 0.9899610877037048, 0.9076105952262878)",-20.8,1765211047.6306064
1273,"(828.790771484375, 209.4076690673828, 5086.236328125, 271.5000305175781)","(-0.9154477715492249, -0.9147035479545593, 0.9084665775299072, 0.9097892642021179)",-20.8,1765211047.845599
1274,"(814.9437866210938, 200.9576416015625, 4871.400390625, 265.29052734375)","(-0.9179683327674866, -0.916824221611023, 0.9110593795776367, 0.9110223650932312)",-20.8,1765211048.0640051
1275,"(852.15234375, 208.25485229492188, 4557.4306640625, 252.33779907226562)","(-0.9196589589118958, -0.9185567498207092, 0.9125089645385742, 0.9127730131149292)",-20.8,1765211048.2793403
1276,"(858.56787109375, 219.07821655273438, 5127.783203125, 273.64990234375)","(-0.9211698174476624, -0.9199619293212891, 0.9580632448196411, 0.914725124835968)",-20.8,1765211048.4985213
1277,"(773.1505126953125, 193.18246459960938, 4738.763671875, 252.25430297851562)","(-0.9230554103851318, -0.9224413633346558, 0.9158688187599182, 0.9160379767417908)",-20.8,1765211048.7153993
1278,"(839.648681640625, 201.15682983398438, 4866.50244140625, 252.53961181640625)","(-0.9242083430290222, -0.9232053756713867, 0.9177080988883972, 0.9183831214904785)",-20.8,1765211048.9354177
1279,"(848.8639526367188, 214.06845092773438, 5125.6533203125, 261.8523864746094)","(-0.9262614846229553, -0.9254387617111206, 0.987888753414154, 0.9193723797798157)",-20.8,1765211049.149553
1280,"(735.44580078125, 89.22177124023438, 5340.2138671875, 151.74273681640625)","(-0.9277917742729187, -0.9276825785636902, 0.9216092824935913, 0.9224827885627747)",-18.6,1765211049.5824695
1281,"(738.189453125, 90.96327209472656, 5107.5458984375, 128.9710693359375)","(-0.9309539794921875, -0.9299015998840332, 0.9234016537666321, 0.9238078594207764)",-18.5,1765211049.8006184
1282,"(734.8878173828125, 93.55180358886719, 5332.7958984375, 140.31838989257812)","(-0.9324808716773987, -0.9315882325172424, 0.9250122904777527, 0.9262579083442688)",-18.5,1765211050.015815
1283,"(700.5087890625, 90.59329223632812, 5379.6396484375, 133.41282653808594)","(-0.9340471029281616, -0.9329339861869812, 0.9265325665473938, 0.9274901151657104)",-18.5,1765211050.2340188
1284,"(752.3815307617188, 92.04698181152344, 5403.705078125, 130.90670776367188)","(-0.9345715045928955, -0.9342139363288879, 0.9278526902198792, 0.9288973808288574)",-18.5,1765211050.4501884
1285,"(753.2509765625, 94.42050170898438, 5519.30810546875, 132.58836364746094)","(-0.937345564365387, -0.9364737272262573, 0.9850148558616638, 0.9300763607025146)",-18.5,1765211050.667832
1286,"(736.5496826171875, 86.80363464355469, 5239.9921875, 132.95864868164062)","(-0.9377793669700623, -0.9377719163894653, 0.931138277053833, 0.9322710633277893)",-18.5,1765211050.885472
1287,"(716.64111328125, 82.81585693359375, 5422.9345703125, 133.0399169921875)","(-0.939638078212738, -0.9394097924232483, 0.9318323731422424, 0.9330829381942749)",-18.5,1765211051.101049
1288,"(741.7421875, 85.53482055664062, 5212.76025390625, 121.41981506347656)","(-0.9416386485099792, -0.9406830668449402, 0.9336909055709839, 0.9347342252731323)",-18.5,1765211051.319211
1289,"(754.4744873046875, 92.21003723144531, 5383.4189453125, 131.51014709472656)","(-0.9424105882644653, -0.9419457316398621, 0.9356685280799866, 0.9364315867424011)",-18.5,1765211051.5356038
1290,"(702.26025390625, 86.25137329101562, 5382.27490234375, 126.09822082519531)","(-0.9442942142486572, -0.9438660740852356, 0.9363123774528503, 0.9370837807655334)",-18.5,1765211051.7525542
1291,"(677.6936645507812, 86.48890686035156, 5132.787109375, 117.2579345703125)","(-0.94594806432724, -0.945422351360321, 0.9378208518028259, 0.9397668838500977)",-18.5,1765211051.9712465
1292,"(734.4556274414062, 91.19577026367188, 5460.19580078125, 122.86714172363281)","(-0.9471298456192017, -0.9460795521736145, 0.9800090193748474, 0.9405565857887268)",-18.5,1765211052.1863089
1293,"(685.2421264648438, 86.60055541992188, 5201.509765625, 130.48941040039062)","(-0.9486560225486755, -0.9478943943977356, 0.9411412477493286, 0.9416742324829102)",-18.5,1765211052.4040527
1294,"(749.93701171875, 95.30720520019531, 5347.3154296875, 123.21353149414062)","(-0.9497022032737732, -0.9488211274147034, 0.9418943524360657, 0.9427273869514465)",-18.5,1765211052.6195483
1295,"(730.0829467773438, 94.13886260986328, 5309.365234375, 128.54739379882812)","(-0.9504658579826355, -0.9504104256629944, 0.94417804479599, 0.9447006583213806)",-18.5,1765211052.8390453
1296,"(701.198974609375, 87.19894409179688, 5310.8125, 128.1182403564453)","(-0.9014421105384827, -0.9001807570457458, 0.9451061487197876, 0.9459006190299988)",-18.5,1765211053.05286
1297,"(717.3140869140625, 91.44432830810547, 5294.31787109375, 120.14834594726562)","(-0.9024565815925598, -0.9017199873924255, 0.9453592896461487, 0.9472979307174683)",-18.5,1765211053.2711954
1298,"(724.6023559570312, 91.35546875, 5454.6962890625, 124.78971862792969)","(-0.9051789045333862, -0.9040536284446716, 0.9471067190170288, 0.9476087093353271)",-18.5,1765211053.4893575
1299,"(712.1327514648438, 88.4223861694336, 5551.0751953125, 136.20204162597656)","(-0.9064893126487732, -0.9056574702262878, 0.9765981435775757, 0.9001415371894836)",-18.5,1765211053.7048254
1300,"(704.13671875, 84.65460205078125, 5389.1611328125, 125.17511749267578)","(-0.9088186025619507, -0.9076994061470032, 0.9008298516273499, 0.901735782623291)",-18.5,1765211053.9247162
1301,"(730.98388671875, 87.82699584960938, 5213.48876953125, 119.3193359375)","(-0.9099235534667969, -0.9090085625648499, 0.9022379517555237, 0.9040985107421875)",-18.5,1765211054.1381888
1302,"(703.0352783203125, 85.32366180419922, 5317.962890625, 123.57245635986328)","(-0.9115658402442932, -0.9112064242362976, 0.904706597328186, 0.9052937030792236)",-18.5,1765211054.3564122
1303,"(714.0928955078125, 83.44200134277344, 5464.4853515625, 118.39250946044922)","(-0.9136434197425842, -0.9129270315170288, 0.9059321284294128, 0.9068731665611267)",-18.5,1765211054.5742714
1304,"(710.729248046875, 87.63685607910156, 5419.92041015625, 116.088134765625)","(-0.9148072004318237, -0.9146243929862976, 0.9074013233184814, 0.9083345532417297)",-18.5,1765211054.7896554
1305,"(695.00830078125, 88.88298034667969, 5204.62109375, 120.8988265991211)","(-0.9177386164665222, -0.9164455533027649, 0.9100542664527893, 0.9099741578102112)",-18.5,1765211055.008014
1306,"(724.7470703125, 94.40654754638672, 5514.7861328125, 115.6419448852539)","(-0.9183942079544067, -0.9181869029998779, 0.9715116620063782, 0.9117131233215332)",-18.5,1765211055.2234156
1307,"(724.2725830078125, 90.5615463256836, 5356.75390625, 121.31871032714844)","(-0.9201669096946716, -0.9193920493125916, 0.912285566329956, 0.9134550094604492)",-18.5,1765211055.4430451
1308,"(676.8265380859375, 91.81195068359375, 5155.81787109375, 125.21058654785156)","(-0.922602117061615, -0.9214950203895569, 0.914989173412323, 0.9156684279441833)",-18.5,1765211055.6595232
1309,"(721.0008544921875, 92.68648529052734, 5240.80224609375, 121.93246459960938)","(-0.9232867956161499, -0.9231300354003906, 0.9165605306625366, 0.9169431328773499)",-18.5,1765211055.8749952
1310,"(731.759033203125, 90.63833618164062, 5336.6259765625, 123.5828857421875)","(-0.9253215193748474, -0.9244450926780701, 0.9177651405334473, 0.9184727668762207)",-18.5,1765211056.0927985
1311,"(679.28466796875, 85.03132629394531, 5313.23583984375, 130.10838317871094)","(-0.9272645115852356, -0.9270546436309814, 0.9190905094146729, 0.9202767610549927)",-18.5,1765211056.3095644
1312,"(703.2349853515625, 43.42268371582031, 5593.4384765625, 120.78219604492188)","(-0.930400550365448, -0.9294684529304504, 0.9225975871086121, 0.9234773516654968)",-17.4,1765211056.7481072
1313,"(753.9240112304688, 42.29888916015625, 5353.1298828125, 103.09198760986328)","(-0.9316976070404053, -0.9305884838104248, 0.9238625764846802, 0.925614595413208)",-17.3,1765211056.9608521
1314,"(752.2562255859375, 42.782249450683594, 5484.7744140625, 112.96741485595703)","(-0.933006227016449, -0.9333228468894958, 0.926313042640686, 0.9270868301391602)",-17.2,1765211057.1780922
1315,"(737.1146850585938, 40.85235595703125, 5617.29345703125, 112.51545715332031)","(-0.9339109063148499, -0.9326585531234741, 0.9266887307167053, 0.928189754486084)",-17.2,1765211057.3935335
1316,"(751.65185546875, 40.984161376953125, 5456.15576171875, 104.9906997680664)","(-0.9362119436264038, -0.9350880980491638, 0.9287092685699463, 0.9295344352722168)",-17.2,1765211057.6113758
1317,"(744.9862670898438, 44.66255569458008, 5229.3212890625, 116.0775146484375)","(-0.9382644891738892, -0.9376530051231384, 0.9304300546646118, 0.9315951466560364)",-17.2,1765211057.8295784
1318,"(736.1629028320312, 43.31884765625, 5378.3193359375, 116.017578125)","(-0.9388202428817749, -0.9384374618530273, 0.932852566242218, 0.9337745904922485)",-17.2,1765211058.045061
1319,"(798.5836181640625, 45.55752182006836, 5855.14013671875, 107.19975280761719)","(-0.9390240907669067, -0.9378916025161743, 0.932785153388977, 0.9341816306114197)",-17.2,1765211058.2629228
1320,"(784.7938232421875, 45.85582733154297, 5427.484375, 107.88595581054688)","(-0.9435507655143738, -0.9419260621070862, 0.9346911311149597, 0.9353675246238708)",-17.2,1765211058.4799523
1321,"(759.02197265625, 44.89064025878906, 5502.25927734375, 115.76754760742188)","(-0.9431512355804443, -0.9434189200401306, 0.9370892643928528, 0.9377055764198303)",-17.2,1765211058.6966333
1322,"(757.2069702148438, 41.95942306518555, 5877.46875, 102.92605590820312)","(-0.9130859375, -0.9442431926727295, 0.9367079138755798, 0.9382761120796204)",-17.2,1765211058.911893
1323,"(732.6626586914062, 42.379051208496094, 5450.41015625, 102.60678100585938)","(-0.9459003806114197, -0.9451197385787964, 0.9386458992958069, 0.9392249584197998)",-17.2,1765211059.1299286
1324,"(705.005859375, 41.420963287353516, 5189.537109375, 111.34119415283203)","(-0.9467454552650452, -0.9464484453201294, 0.9396844506263733, 0.9412817358970642)",-17.2,1765211059.348726
1325,"(766.4216918945312, 37.994041442871094, 5358.03515625, 108.39849853515625)","(-0.9487079977989197, -0.9494864344596863, 0.942205011844635, 0.9422010779380798)",-17.2,1765211059.5637639
1326,"(731.967041015625, 33.3951416015625, 5433.279296875, 110.2366943359375)","(-0.9498317837715149, -0.9484509825706482, 0.9425184726715088, 0.9442649483680725)",-17.2,1765211059.7815075
1327,"(761.4763793945312, 35.69028854370117, 5560.87939453125, 110.9036636352539)","(-0.900408148765564, -0.9525253772735596, 0.9432438015937805, 0.945197343826294)",-17.2,1765211059.997072
1328,"(734.0582885742188, 33.347564697265625, 5458.978515625, 108.88591003417969)","(-0.9021701216697693, -0.9015213251113892, 0.9445898532867432, 0.9460668563842773)",-17.2,1765211060.215418
1329,"(752.7401123046875, 31.842002868652344, 5718.76318359375, 99.15211486816406)","(-0.9540314674377441, -0.9033145308494568, 0.9462341070175171, 0.9478075504302979)",-17.2,1765211060.4351208
1330,"(726.102294921875, 34.610084533691406, 5644.38671875, 104.14268493652344)","(-0.9061329364776611, -0.9048300385475159, 0.9475061297416687, 0.9493529200553894)",-17.2,1765211060.6486185
1331,"(733.0457763671875, 36.79020309448242, 5716.26611328125, 106.44656372070312)","(-0.9077438116073608, -0.9064019918441772, 0.9481731653213501, 0.9012019038200378)",-17.2,1765211060.866783
1332,"(722.1363525390625, 38.65087127685547, 5240.33544921875, 99.41033935546875)","(-0.9095711708068848, -0.9085686206817627, 0.9015912413597107, 0.9031156301498413)",-17.2,1765211061.0822763
1333,"(757.7464599609375, 40.22173309326172, 5446.7900390625, 111.56440734863281)","(-0.9119471311569214, -0.9102113842964172, 0.9037957191467285, 0.9047452807426453)",-17.2,1765211061.300099
1334,"(735.6212158203125, 42.997982025146484, 5205.63427734375, 122.54023742675781)","(-0.913140058517456, -0.9467875957489014, 0.9061156511306763, 0.954247772693634)",-17.2,1765211061.5183716
1335,"(715.8673095703125, 39.8562126159668, 5510.1083984375, 113.11610412597656)","(-0.91547691822052, -0.9137324094772339, 0.9067429900169373, 0.908880889415741)",-17.2,1765211061.7340612
1336,"(749.900390625, 41.05397033691406, 5510.7802734375, 105.76072692871094)","(-0.963152289390564, -0.9158396124839783, 0.9090501070022583, 0.9097015261650085)",-17.2,1765211061.952234
1337,"(724.262939453125, 41.0024299621582, 5481.904296875, 102.10380554199219)","(-0.9185144305229187, -0.9174357652664185, 0.9107732772827148, 0.9119091629981995)",-17.2,1765211062.1670673
1338,"(735.48681640625, 41.800899505615234, 5507.3515625, 102.11978149414062)","(-0.9208316802978516, -0.9192845225334167, 0.9129006862640381, 0.9136523008346558)",-17.2,1765211062.3853767
1339,"(680.0213623046875, 38.668861389160156, 5120.2353515625, 95.14025115966797)","(-0.9220229387283325, -0.9197993874549866, 0.9133564829826355, 0.9149255752563477)",-17.2,1765211062.6036286
1340,"(743.1275634765625, 41.1756706237793, 5368.31201171875, 101.34144592285156)","(-0.923399806022644, -0.922411322593689, 0.9159414172172546, 0.9159440398216248)",-17.2,1765211062.818701
1341,"(688.21923828125, 43.33716583251953, 5471.8251953125, 106.9719467163086)","(-0.9254571795463562, -0.9361628293991089, 0.917301595211029, 0.9616613388061523)",-17.2,1765211063.0369081
1342,"(736.581298828125, 41.21378707885742, 5454.66015625, 99.54965209960938)","(-0.9263767600059509, -0.9265415072441101, 0.918643593788147, 0.9205909967422485)",-17.2,1765211063.2534776
1343,"(804.2720947265625, 44.49104690551758, 5509.7275390625, 106.52997589111328)","(-0.9705316424369812, -0.9282153844833374, 0.9207432866096497, 0.9217464327812195)",-17.2,1765211063.4703588
1344,"(692.08251953125, 33.884796142578125, 5809.1005859375, 52.78950500488281)","(-0.9307853579521179, -0.9301500916481018, 0.9237968325614929, 0.9252739548683167)",-15.3,1765211063.9064264
1345,"(701.8598022460938, 36.230567932128906, 5567.876953125, 54.639251708984375)","(-0.9339759349822998, -0.9300086498260498, 0.9253478050231934, 0.9266222715377808)",-15.3,1765211064.1222742
1346,"(696.22900390625, 37.03821563720703, 5646.1103515625, 60.186317443847656)","(-0.9333859086036682, -0.9338720440864563, 0.9267070889472961, 0.9284751415252686)",-15.3,1765211064.3372986
1347,"(704.0836791992188, 37.84386444091797, 5578.84521484375, 55.23716735839844)","(-0.9348009824752808, -0.925430417060852, 0.9291887879371643, 0.9680120944976807)",-15.3,1765211064.5555968
1348,"(680.7425537109375, 35.431114196777344, 5470.00927734375, 53.374664306640625)","(-0.9372183680534363, -0.9359551072120667, 0.929851233959198, 0.931204617023468)",-15.3,1765211064.7737865
1349,"(735.9766845703125, 34.999935150146484, 5589.82861328125, 56.40846252441406)","(-0.9782629013061523, -0.9357141256332397, 0.932167112827301, 0.9326262474060059)",-15.3,1765211064.9900153
1350,"(646.740234375, 29.852615356445312, 5612.7099609375, 54.66279602050781)","(-0.9393182396888733, -0.9401054382324219, 0.9335550665855408, 0.9331871867179871)",-15.3,1765211065.2071004
1351,"(684.6290283203125, 33.740928649902344, 5747.42041015625, 50.49107360839844)","(-0.9418483376502991, -0.9397253394126892, 0.9360460638999939, 0.9354102611541748)",-15.3,1765211065.422712
1352,"(662.14111328125, 32.30620574951172, 5608.29296875, 52.91330337524414)","(-0.9423506259918213, -0.9425123929977417, 0.9361177682876587, 0.936616837978363)",-15.3,1765211065.64465
1353,"(677.4030151367188, 31.5238094329834, 5574.28662109375, 49.80532455444336)","(-0.9438763856887817, -0.9434409737586975, 0.9365572333335876, 0.937949001789093)",-15.3,1765211065.8558805
1354,"(717.6263427734375, 35.703956604003906, 5547.857421875, 49.76043701171875)","(-0.9448784589767456, -0.9137365818023682, 0.9383132457733154, 0.9738320708274841)",-15.3,1765211066.0741491
1355,"(662.3994140625, 32.275962829589844, 5550.474609375, 51.68357467651367)","(-0.9471344947814941, -0.9454503059387207, 0.9386558532714844, 0.9403291940689087)",-15.3,1765211066.2935195
1356,"(694.538818359375, 34.49374771118164, 5745.484375, 51.4122314453125)","(-0.9806541204452515, -0.9473404288291931, 0.9428040385246277, 0.9424796104431152)",-15.3,1765211066.508435
1357,"(683.724853515625, 34.24136734008789, 5665.2119140625, 48.50300598144531)","(-0.9491928815841675, -0.9487767219543457, 0.9412705898284912, 0.9433092474937439)",-15.3,1765211066.7298832
1358,"(709.7979736328125, 36.69904327392578, 5344.3134765625, 52.059837341308594)","(-0.9502870440483093, -0.9503200650215149, 0.9438689947128296, 0.9447870254516602)",-15.3,1765211066.9435623
1359,"(691.0264892578125, 35.95701599121094, 5565.1904296875, 55.25537109375)","(-0.9011831879615784, -0.9010273814201355, 0.9443363547325134, 0.9460725784301758)",-15.3,1765211067.1606462
1360,"(656.5603637695312, 30.49169921875, 5824.669921875, 49.423118591308594)","(-0.9026623964309692, -0.9033038020133972, 0.9494648575782776, 0.9480940103530884)",-15.3,1765211067.3772671
1361,"(664.1845703125, 35.2496337890625, 5705.65625, 61.65373229980469)","(-0.9048256278038025, -0.9011737704277039, 0.947575032711029, 0.9776921272277832)",-15.3,1765211067.5926425
1362,"(591.2174072265625, 22.73236846923828, 5626.365234375, 76.77091979980469)","(-0.9073995351791382, -0.9059724807739258, 0.9474176168441772, 0.9004210233688354)",-15.3,1765211067.8109317
1363,"(601.4907836914062, 20.919315338134766, 5565.298828125, 63.117401123046875)","(-0.9862741827964783, -0.9073619246482849, 0.9008903503417969, 0.9026827812194824)",-15.3,1765211068.0271587
1364,"(628.2772216796875, 6.109256267547607, 5753.5107421875, 138.98251342773438)","(-0.9105368256568909, -0.9082845449447632, 0.9051263332366943, 0.9046016335487366)",-15.3,1765211068.247429
1365,"(682.3336791992188, 23.40188980102539, 5629.90478515625, 58.340980529785156)","(-0.9115970730781555, -0.9112393260002136, 0.9043400883674622, 0.9062634706497192)",-15.3,1765211068.4625776
1366,"(600.9487915039062, 12.083630561828613, 5644.2060546875, 86.18286895751953)","(-0.9123768210411072, -0.9116988778114319, 0.9068987369537354, 0.9076624512672424)",-15.3,1765211068.6780941
1367,"(628.5870361328125, 25.25613021850586, 5933.7978515625, 112.38964080810547)","(-0.9169197082519531, -0.9139019250869751, 0.9066527485847473, 0.9090518951416016)",-15.3,1765211068.8958313
1368,"(629.715576171875, 29.604007720947266, 5789.1416015625, 130.78433227539062)","(-0.9178557395935059, -0.9161089658737183, 0.9106636047363281, 0.9852553009986877)",-15.3,1765211069.111295
1369,"(618.1910400390625, 28.201875686645508, 5773.9521484375, 143.02175903320312)","(-0.9201002717018127, -0.9169332981109619, 0.9112839102745056, 0.9131786823272705)",-15.3,1765211069.3295064
1370,"(585.2296752929688, 24.15796661376953, 5929.5166015625, 144.13153076171875)","(-0.9194539785385132, -0.9210924506187439, 0.9136929512023926, 0.9144466519355774)",-15.3,1765211069.5476713
1371,"(610.9679565429688, 28.77733612060547, 5759.8994140625, 142.52029418945312)","(-0.9226308465003967, -0.9209581017494202, 0.9147944450378418, 0.9161583781242371)",-15.3,1765211069.762855
1372,"(607.216064453125, 29.95937156677246, 5859.427734375, 155.93338012695312)","(-0.924549400806427, -0.9224010705947876, 0.9178445339202881, 0.9182401299476624)",-15.3,1765211069.9823942
1373,"(679.8587646484375, 29.531230926513672, 5866.05615234375, 189.20828247070312)","(-0.9273066520690918, -0.9236609935760498, 0.9180974364280701, 0.9201066493988037)",-15.3,1765211070.1965632
1374,"(712.2506103515625, 32.442256927490234, 6380.57080078125, 244.55047607421875)","(-0.9273959994316101, -0.9288614392280579, 0.9211345911026001, 0.9226492643356323)",-15.3,1765211070.4144008
1375,"(619.6074829101562, 40.60661315917969, 6022.66455078125, 286.8653869628906)","(-0.9292942881584167, -0.9300638437271118, 0.924035370349884, 0.9237179756164551)",-15.3,1765211070.6325827
1376,"(747.865234375, 109.93516540527344, 7033.23486328125, 198.19818115234375)","(-0.9334164261817932, -0.9291051030158997, 0.9244064688682556, 0.9258579611778259)",-13.5,1765211071.0664034
1377,"(635.0899658203125, 109.65225982666016, 6087.8486328125, 146.58560180664062)","(-0.9344137907028198, -0.9327800273895264, 0.9267953038215637, 0.9262462854385376)",-13.5,1765211071.2816775
1378,"(618.3724975585938, 112.18956756591797, 5757.291015625, 140.4508056640625)","(-0.9351451396942139, -0.9341332912445068, 0.928157389163971, 0.9286923408508301)",-13.5,1765211071.4996848
1379,"(607.58154296875, 95.3848876953125, 6112.37890625, 136.5316162109375)","(-0.9375954866409302, -0.9363383650779724, 0.9286741018295288, 0.9308698177337646)",-13.5,1765211071.7161677
1380,"(578.7237548828125, 119.30363464355469, 5918.578125, 56.929168701171875)","(-0.9377166032791138, -0.9388131499290466, 0.929771363735199, 0.9308796525001526)",-13.5,1765211071.933445
1381,"(651.862060546875, 78.26283264160156, 5509.888671875, 22.61052131652832)","(-0.939403235912323, -0.9393892288208008, 0.9311316609382629, 0.9334012866020203)",-13.5,1765211072.1517706
1382,"(705.9136962890625, 74.45077514648438, 5915.8603515625, 26.474245071411133)","(-0.9409322142601013, -0.9394006729125977, 0.9327095150947571, 0.9332875609397888)",-13.5,1765211072.3667514
1383,"(613.9146728515625, 109.09378051757812, 6588.7529296875, 92.13803100585938)","(-0.9399477243423462, -0.9441958665847778, 0.9389050006866455, 0.9353179931640625)",-13.5,1765211072.5845284
1384,"(774.2146606445312, 127.5655746459961, 5884.85693359375, 65.25692749023438)","(-0.9397991299629211, -1.001429557800293, 0.9361413717269897, 0.9378936886787415)",-13.5,1765211072.7999291
1385,"(616.47900390625, 104.6186294555664, 5902.52392578125, 31.84049415588379)","(-0.9433138966560364, -0.946927547454834, 0.9386974573135376, 0.9390696883201599)",-13.5,1765211073.0193484
1386,"(732.5232543945312, 117.01959991455078, 6663.630859375, 24.382732391357422)","(-0.9482441544532776, -0.9440498352050781, 0.9401419162750244, 0.9391594529151917)",-13.5,1765211073.236071
1387,"(670.8631591796875, 101.69950866699219, 5873.5380859375, 40.17665100097656)","(-0.9481751322746277, -0.9464976787567139, 0.9417413473129272, 0.9429299831390381)",-13.4,1765211073.4525456
1388,"(722.3095703125, 108.44142150878906, 5946.7568359375, 38.975032806396484)","(-0.9487994909286499, -0.9483098983764648, 0.9416601657867432, 0.9426802396774292)",-13.4,1765211073.6697922
1389,"(635.038330078125, 66.21926879882812, 6201.61279296875, 37.24311065673828)","(-0.9499059915542603, -0.9501394033432007, 0.9779365062713623, 0.9438574314117432)",-13.4,1765211073.8852928
1390,"(652.52099609375, 65.65788269042969, 5942.88330078125, 37.654258728027344)","(-0.9010728597640991, -0.9001543521881104, 0.9434666633605957, 0.9445128440856934)",-13.4,1765211074.1031141
1391,"(655.2158203125, 79.01316833496094, 5629.74560546875, 38.228965759277344)","(-0.9025404453277588, -0.9023101925849915, 0.9444945454597473, 0.9455357789993286)",-13.4,1765211074.3213117
1392,"(667.48486328125, 77.33572387695312, 5810.1943359375, 34.660003662109375)","(-0.9040876626968384, -0.9040679931640625, 0.9465804696083069, 0.9472727179527283)",-13.4,1765211074.5368123
1393,"(729.6310424804688, 78.13407897949219, 6024.4287109375, 48.5691032409668)","(-0.9082489013671875, -0.9040908217430115, 0.947827935218811, 0.9490889310836792)",-13.4,1765211074.754636
1394,"(658.2672119140625, 71.23536682128906, 6044.86083984375, 42.53624725341797)","(-0.9089223742485046, -0.9066295027732849, 0.9011117219924927, 0.9013010263442993)",-13.4,1765211074.9709756
1395,"(679.5604858398438, 66.9151611328125, 6358.2880859375, 45.17103576660156)","(-0.9115437269210815, -0.9078680276870728, 0.9018890261650085, 0.9029555916786194)",-13.4,1765211075.1883311
1396,"(684.4708251953125, 68.92967987060547, 6258.7841796875, 39.961708068847656)","(-0.9129520654678345, -0.9103146195411682, 0.9951693415641785, 0.9047844409942627)",-13.4,1765211075.4067051
1397,"(654.6114501953125, 70.29851531982422, 5827.8056640625, 45.97178268432617)","(-0.9136664867401123, -0.912486732006073, 0.90695720911026, 0.9070817232131958)",-13.4,1765211075.6217241
1398,"(629.39306640625, 74.33073425292969, 6041.208984375, 39.81238555908203)","(-0.9158951044082642, -0.9140831828117371, 0.9077829718589783, 0.9086657166481018)",-13.4,1765211075.8398888
1399,"(666.6953125, 70.00035858154297, 6130.537109375, 38.487464904785156)","(-0.9192799925804138, -0.9146392941474915, 0.9107030034065247, 0.9107584357261658)",-13.4,1765211076.0553544
1400,"(655.7954711914062, 73.77418518066406, 6013.78857421875, 41.5711784362793)","(-0.91923987865448, -0.916769802570343, 0.9092423915863037, 0.9130859375)",-13.4,1765211076.2743726
1401,"(706.9696044921875, 83.20919799804688, 6047.96337890625, 46.90873718261719)","(-0.9223214387893677, -0.9174646139144897, 0.9129317998886108, 0.9132853746414185)",-13.4,1765211076.491454
1402,"(608.9041748046875, 97.95608520507812, 6441.6875, 49.36944580078125)","(-0.9261069893836975, -0.9176682233810425, 0.9149662256240845, 0.9138038158416748)",-13.4,1765211076.7070277
1403,"(664.048095703125, 112.10057067871094, 6290.60546875, 50.00379180908203)","(-0.9258823394775391, -0.921321451663971, 0.9960993528366089, 0.9187812805175781)",-13.4,1765211076.925188
1404,"(636.0116577148438, 91.42071533203125, 6093.4072265625, 67.74824523925781)","(-0.9249314069747925, -0.9238501787185669, 0.9165836572647095, 0.9193629026412964)",-13.4,1765211077.1402826
1405,"(643.9493408203125, 73.48991394042969, 6517.5205078125, 67.78984069824219)","(-0.9261736273765564, -0.9280537962913513, 0.9222540259361267, 0.9206372499465942)",-13.4,1765211077.3587039
1406,"(636.610107421875, 72.03038024902344, 5971.83740234375, 72.80412292480469)","(-0.9263737797737122, -0.92911297082901, 0.9186658263206482, 0.9239804148674011)",-13.4,1765211077.5769205
1407,"(619.1271362304688, 72.46875, 6186.478515625, 81.4554443359375)","(-0.9336844086647034, -0.9261763095855713, 0.9224969744682312, 0.9230580925941467)",-13.4,1765211077.7918131
1408,"(699.2227783203125, 98.1915283203125, 6265.67431640625, 37.505645751953125)","(-0.9358298182487488, -0.9328070878982544, 0.9233869910240173, 0.9258795976638794)",-11.8,1765211078.2262979
1409,"(681.8513793945312, 129.97650146484375, 6427.9013671875, 26.4035587310791)","(-0.9359763860702515, -0.9298551678657532, 0.9971656799316406, 0.9284814596176147)",-11.7,1765211078.4445684
1410,"(689.193115234375, 132.66229248046875, 6335.6328125, 24.93057632446289)","(-0.9351878762245178, -0.9344673156738281, 0.932026207447052, 0.9317004680633545)",-11.6,1765211078.6589465
1411,"(726.8504638671875, 149.5905303955078, 6108.671875, 26.258922576904297)","(-0.9368488788604736, -0.9364421367645264, 0.9305282831192017, 0.9329125285148621)",-11.6,1765211078.87712
1412,"(702.1743774414062, 148.26776123046875, 5845.138671875, 28.40130043029785)","(-0.9381271600723267, -0.9375597834587097, 0.9311617016792297, 0.9338475465774536)",-11.6,1765211079.0953476
1413,"(711.0875244140625, 154.17076110839844, 6003.833984375, 28.872108459472656)","(-0.9407250881195068, -0.9398244619369507, 0.9323825836181641, 0.9349216818809509)",-11.6,1765211079.3115046
1414,"(808.3543090820312, 167.02947998046875, 6584.41259765625, 26.50324249267578)","(-0.9365919828414917, -0.9462341070175171, 0.9358689785003662, 0.9357501864433289)",-11.6,1765211079.5286376
1415,"(696.0846557617188, 139.9264373779297, 6349.33837890625, 31.8341007232666)","(-0.9412846565246582, -0.9467529058456421, 0.9394407272338867, 0.9355786442756653)",-11.6,1765211079.7450874
1416,"(657.691162109375, 135.4945068359375, 6484.595703125, 26.795560836791992)","(-0.9391506314277649, -0.950316309928894, 0.9884847402572632, 0.9362999796867371)",-11.6,1765211079.9624581
1417,"(675.2616577148438, 134.3778839111328, 6486.57470703125, 24.541507720947266)","(-0.9424446225166321, -0.9449805617332458, 0.9426993131637573, 0.9415282011032104)",-11.6,1765211080.1802397
1418,"(700.0167236328125, 141.6342315673828, 6574.103515625, 26.66039276123047)","(-0.9439247250556946, -0.9466326236724854, 0.9443007707595825, 0.9432920217514038)",-11.6,1765211080.395669
1419,"(723.7554321289062, 154.32398986816406, 6090.8408203125, 27.038166046142578)","(-0.9481527805328369, -0.9463789463043213, 0.9424898028373718, 0.9437772631645203)",-11.6,1765211080.6139367
1420,"(720.400146484375, 150.52284240722656, 6185.91455078125, 26.40523910522461)","(-0.9473221302032471, -0.9494085311889648, 0.9436435699462891, 0.9457266330718994)",-11.6,1765211080.8301976
1421,"(713.2972412109375, 152.69361877441406, 6082.5556640625, 26.532817840576172)","(-0.9491984844207764, -0.9000360369682312, 0.9441043734550476, 0.946628987789154)",-11.6,1765211081.047224
1422,"(660.144775390625, 145.8465576171875, 5787.5693359375, 28.47528839111328)","(-0.9017207026481628, -0.9030295014381409, 0.944709837436676, 0.9472536444664001)",-11.6,1765211081.265444
1423,"(707.68896484375, 146.35232543945312, 6005.12890625, 23.698184967041016)","(-0.9041317105293274, -0.9042528867721558, 0.9904515147209167, 0.9468432068824768)",-11.6,1765211081.4809902
1424,"(675.7957153320312, 137.47726440429688, 5850.912109375, 8.872798919677734)","(-0.9064193367958069, -0.9057726263999939, 0.9469174146652222, 0.9482450485229492)",-11.6,1765211081.6989114
1425,"(715.4873657226562, 122.709228515625, 5992.46337890625, 12.98138427734375)","(-0.9086460471153259, -0.9077659249305725, 0.9474980235099792, 0.9014090299606323)",-11.6,1765211081.9143023
1426,"(672.8302001953125, 116.41024780273438, 5789.3779296875, 10.862349510192871)","(-0.910240113735199, -0.9098405241966248, 0.900846004486084, 0.9018820524215698)",-11.6,1765211082.1328428
1427,"(686.8682861328125, 116.0999755859375, 5945.65576171875, 9.16520881652832)","(-0.9124423861503601, -0.9105995297431946, 0.9029420018196106, 0.9039307832717896)",-11.6,1765211082.3507447
1428,"(798.277587890625, 140.23483276367188, 6162.15771484375, 11.024059295654297)","(-0.9144317507743835, -0.9148198366165161, 0.9050043821334839, 0.9065991640090942)",-11.6,1765211082.568303
1429,"(684.777099609375, 139.1155242919922, 6155.0556640625, 12.75621509552002)","(-0.9144873023033142, -0.9124610424041748, 0.9093061089515686, 0.9066072702407837)",-11.6,1765211082.7845774
1430,"(745.966552734375, 166.92984008789062, 6142.1455078125, 10.600716590881348)","(-0.9147726893424988, -0.9160249829292297, 0.9105690121650696, 0.9114647507667542)",-11.6,1765211082.999607
1431,"(700.115966796875, 153.32862854003906, 6050.44921875, 10.5438814163208)","(-0.9196025133132935, -0.9159687757492065, 0.9112293720245361, 0.9126296639442444)",-11.6,1765211083.2174406
1432,"(763.60009765625, 167.53326416015625, 5778.212890625, 9.637714385986328)","(-0.9219236373901367, -0.9181462526321411, 0.9120978713035583, 0.9125329852104187)",-11.6,1765211083.4369428
1433,"(695.6884765625, 144.92837524414062, 6065.615234375, 12.578261375427246)","(-0.9199248552322388, -0.9224255681037903, 0.9136046171188354, 0.9138378500938416)",-11.6,1765211083.6521044
1434,"(638.861572265625, 146.73858642578125, 5818.1767578125, 12.244905471801758)","(-0.9228056073188782, -0.9234572649002075, 0.9155652523040771, 0.9168578386306763)",-11.6,1765211083.8693988
1435,"(663.2166137695312, 168.70855712890625, 6022.94921875, 11.571409225463867)","(-0.9256325960159302, -0.9238512516021729, 0.9173020720481873, 0.9185017347335815)",-11.6,1765211084.085519
1436,"(637.8534545898438, 158.8630828857422, 5878.6318359375, 9.867982864379883)","(-0.9255463480949402, -0.9276942014694214, 0.9186747074127197, 0.9199046492576599)",-11.6,1765211084.3027718
1437,"(664.2764282226562, 135.77951049804688, 6278.96484375, 10.103385925292969)","(-0.9279730916023254, -0.9257042407989502, 0.9211453199386597, 0.9224332571029663)",-11.6,1765211084.5181034
1438,"(670.538330078125, 135.9209747314453, 6131.3115234375, 16.11954689025879)","(-0.9315131306648254, -0.9251894354820251, 0.922160804271698, 0.9248269200325012)",-11.6,1765211084.7359753
1439,"(715.0584106445312, 163.74990844726562, 5828.8388671875, 21.72769546508789)","(-0.9330965280532837, -0.9279316663742065, 0.9261947274208069, 0.9257836937904358)",-11.6,1765211084.9546328
1440,"(640.4037475585938, 245.39479064941406, 5838.7822265625, 26.21710968017578)","(-0.9337754845619202, -0.9348874688148499, 0.9277209043502808, 0.928863525390625)",-10.1,1765211085.6030698
1441,"(727.83447265625, 288.252197265625, 6080.0, 32.628536224365234)","(-0.9353511929512024, -0.937893271446228, 0.9306408166885376, 0.9305225014686584)",-10.1,1765211085.8211982
1442,"(723.8368530273438, 257.72412109375, 6179.38525390625, 37.540489196777344)","(-0.9401971697807312, -0.938653290271759, 0.9311612248420715, 0.9326815605163574)",-10.1,1765211086.0390656
1443,"(763.77197265625, 238.74813842773438, 6005.4873046875, 17.058223724365234)","(-0.9375159740447998, -0.9406759142875671, 0.9328542351722717, 0.9330053329467773)",-10.1,1765211086.2545552
1444,"(710.031494140625, 241.67123413085938, 5727.5107421875, 9.665231704711914)","(-0.9421625137329102, -0.941140353679657, 0.9361218810081482, 0.9358558654785156)",-10.1,1765211086.4728677
1445,"(657.1566772460938, 195.73037719726562, 6191.91943359375, 3.7671399116516113)","(-0.9395008683204651, -0.9411113262176514, 0.9352379441261292, 0.9360629916191101)",-10.1,1765211086.6883228
1446,"(751.7064208984375, 205.75131225585938, 5851.38916015625, 4.090664863586426)","(-0.9450254440307617, -0.9440463185310364, 0.9407140016555786, 0.9380453824996948)",-10.1,1765211086.9060664
1447,"(700.7289428710938, 198.64808654785156, 5633.740234375, 5.382162094116211)","(-0.947104275226593, -0.9445207118988037, 0.9412015676498413, 0.9388880729675293)",-10.1,1765211087.124377
1448,"(742.4519653320312, 195.1376953125, 5920.9326171875, 5.275391101837158)","(-0.9473627805709839, -0.9505293369293213, 0.9386035799980164, 0.9410501718521118)",-10.1,1765211087.3398037
1449,"(746.6295776367188, 191.78482055664062, 5869.61328125, 6.352593421936035)","(-0.946148693561554, -0.948377251625061, 0.9412339925765991, 0.9399930834770203)",-10.1,1765211087.5592835
1450,"(700.4156494140625, 179.426513671875, 5898.287109375, 6.246501922607422)","(-0.9484173059463501, -0.9461380243301392, 0.9433050155639648, 0.9527503252029419)",-10.1,1765211087.7741866
1451,"(744.9620361328125, 197.0908203125, 6072.8427734375, 5.417004585266113)","(-0.9012684226036072, -0.9012497663497925, 0.9422592520713806, 0.9456743597984314)",-10.1,1765211087.991419
1452,"(767.88525390625, 189.42282104492188, 6179.689453125, 5.811323165893555)","(-0.900708019733429, -0.9026421308517456, 0.9435251355171204, 0.9442386627197266)",-10.1,1765211088.209182
1453,"(699.5707397460938, 182.62091064453125, 6122.373046875, 6.23404598236084)","(-0.903806746006012, -0.9005984663963318, 0.9467418193817139, 0.9469595551490784)",-10.1,1765211088.424663
1454,"(680.3905029296875, 195.07164001464844, 6265.81787109375, 5.873285293579102)","(-0.9072587490081787, -0.9032367467880249, 0.9478250741958618, 0.9501590728759766)",-10.1,1765211088.6429412
1455,"(719.8983154296875, 194.42457580566406, 5966.3896484375, 6.045593738555908)","(-0.9085683226585388, -0.9092012643814087, 0.946668267250061, 0.9006690979003906)",-10.1,1765211088.85851
1456,"(5923.990234375, 6.024957180023193, 5.760707855224609, 6.046181678771973)","(-0.9067216515541077, -0.9104629755020142, 0.9030652642250061, 0.9012031555175781)",-10.1,1765211089.1279705
1457,"(743.6450805664062, 222.73202514648438, 5928.64111328125, 5.65318489074707)","(-0.9114150404930115, -0.9751633405685425, 0.9023741483688354, 0.903327226638794)",-10.1,1765211089.2944212
1458,"(762.703125, 201.96719360351562, 5990.49169921875, 6.702025413513184)","(-0.9137195944786072, -0.9113205671310425, 0.9044824242591858, 0.9062206745147705)",-10.1,1765211089.5102894
1459,"(813.9217529296875, 198.08251953125, 6565.0947265625, 6.569354057312012)","(-0.9159027934074402, -0.9173985719680786, 0.9055982232093811, 0.9072880148887634)",-10.1,1765211089.727805
1460,"(689.0894775390625, 184.99099731445312, 6002.451171875, 5.471958160400391)","(-0.9184955954551697, -0.9173514246940613, 0.9074417352676392, 0.9079209566116333)",-10.1,1765211089.9460588
1461,"(757.4735717773438, 205.37606811523438, 5912.78857421875, 4.475424289703369)","(-0.9168542623519897, -0.9172045588493347, 0.9089042544364929, 0.9093525409698486)",-10.1,1765211090.1616116
1462,"(722.3823852539062, 196.16110229492188, 5655.16943359375, 4.994739055633545)","(-0.9204699397087097, -0.9192174077033997, 0.9112151265144348, 0.9130744338035583)",-10.1,1765211090.3797069
1463,"(732.6422119140625, 208.3230743408203, 6240.03173828125, 4.78720760345459)","(-0.9210028052330017, -0.9203203916549683, 0.9138979315757751, 0.9135234355926514)",-10.1,1765211090.5948203
1464,"(744.7513427734375, 224.78294372558594, 5878.166015625, 4.235835552215576)","(-0.9234173893928528, -0.9789581298828125, 0.915819525718689, 0.9158530235290527)",-10.1,1765211090.8130584
1465,"(706.73046875, 190.4239501953125, 5891.5361328125, 5.017833709716797)","(-0.9224715828895569, -0.9246007204055786, 0.9171860218048096, 0.9164285063743591)",-10.0,1765211091.029757
1466,"(670.761474609375, 190.15635681152344, 6148.9931640625, 4.5360918045043945)","(-0.9286045432090759, -0.9276710748672485, 0.9174890518188477, 0.9196652173995972)",-10.0,1765211091.2463415
1467,"(761.0678100585938, 210.231689453125, 5961.55908203125, 3.5471649169921875)","(-0.9285518527030945, -0.9250196814537048, 0.9186363816261292, 0.9187012910842896)",-10.0,1765211091.462024
1468,"(675.8754272460938, 187.88954162597656, 6156.8955078125, 4.681288719177246)","(-0.9312708973884583, -0.9317328929901123, 0.9201573729515076, 0.9218782782554626)",-10.0,1765211091.680083
1469,"(714.37353515625, 208.3999786376953, 5684.541015625, 4.419048309326172)","(-0.9297979474067688, -0.9283291697502136, 0.9222995042800903, 0.9221655130386353)",-10.0,1765211091.8983045
1470,"(690.766357421875, 203.0098876953125, 5994.0224609375, 4.43994140625)","(-0.9344323873519897, -0.9297258853912354, 0.9276928305625916, 0.9260932207107544)",-10.0,1765211092.1133945
1471,"(668.717529296875, 209.5491943359375, 5959.2294921875, 3.6456565856933594)","(-0.9327247738838196, -0.9701471924781799, 0.9255406260490417, 0.9257463812828064)",-10.0,1765211092.3324885
1472,"(781.6458740234375, 439.42724609375, 6032.14990234375, 3.908989429473877)","(-0.9386048316955566, -0.9375122785568237, 0.9290623664855957, 0.9303516745567322)",-8.2,1765211092.7649574
1473,"(755.2135009765625, 429.0250244140625, 5639.24609375, 4.194836139678955)","(-0.940641462802887, -0.9396165609359741, 0.930362343788147, 0.9310339093208313)",-8.1,1765211092.9832752
1474,"(730.6031494140625, 395.8502197265625, 6123.53125, 4.340453147888184)","(-0.9387156963348389, -0.939118504524231, 0.9333867430686951, 0.9331439733505249)",-8.1,1765211093.198684
1475,"(680.06201171875, 380.4524230957031, 6078.765625, 4.568643569946289)","(-0.943376898765564, -0.9410545825958252, 0.933434247970581, 0.9344866275787354)",-8.1,1765211093.4169853
1476,"(740.8368530273438, 422.42205810546875, 5843.0361328125, 4.503450393676758)","(-0.9418035745620728, -0.9430704712867737, 0.9342068433761597, 0.9365562200546265)",-8.1,1765211093.6320443
1477,"(680.5836791992188, 378.1429748535156, 6041.2470703125, 6.218155384063721)","(-0.940250039100647, -0.9594125151634216, 0.9379452466964722, 0.93779456615448)",-8.1,1765211093.850232
1478,"(711.06494140625, 395.41851806640625, 5743.25, 6.86854362487793)","(-0.9447828531265259, -0.9472763538360596, 0.9371206164360046, 0.937812864780426)",-8.1,1765211094.0685527
1479,"(749.7164306640625, 414.3446044921875, 5990.3056640625, 9.591100692749023)","(-0.9473109841346741, -0.9436813592910767, 0.9408368468284607, 0.9394732117652893)",-8.1,1765211094.283535
1480,"(703.5452880859375, 403.1762390136719, 5903.91796875, 7.990653038024902)","(-0.948536217212677, -0.9504474997520447, 0.9396824240684509, 0.9425485730171204)",-8.1,1765211094.5018187
1481,"(789.934326171875, 440.2802429199219, 5906.41455078125, 4.555535316467285)","(-0.9506668448448181, -0.9481432437896729, 0.9411181211471558, 0.9440191388130188)",-8.1,1765211094.7172823
1482,"(676.148193359375, 392.3772888183594, 6241.1806640625, 4.66235876083374)","(-0.949918270111084, -0.9010354280471802, 0.9426937699317932, 0.9454344511032104)",-8.1,1765211094.9365673
1483,"(755.2957763671875, 451.06719970703125, 5821.84375, 3.5891616344451904)","(-0.9012774229049683, -0.9003250598907471, 0.9428749084472656, 0.948066771030426)",-8.1,1765211095.1533115
1484,"(752.91552734375, 463.223388671875, 6271.3212890625, 3.5178964138031006)","(-0.903915286064148, -0.952012300491333, 0.946736216545105, 0.9458175897598267)",-8.1,1765211095.3688817
1485,"(652.9439086914062, 383.4805603027344, 5915.7177734375, 3.4500832557678223)","(-0.9029673933982849, -0.9027418494224548, 0.9441972374916077, 0.9474291205406189)",-8.1,1765211095.587084
1486,"(725.02587890625, 422.10565185546875, 6009.2099609375, 3.829440116882324)","(-0.9567123651504517, -0.9049915671348572, 0.9003265500068665, 0.9008366465568542)",-8.1,1765211095.8021457
1487,"(700.265380859375, 411.4375305175781, 6149.84375, 4.592068672180176)","(-0.9080170392990112, -0.9067021608352661, 0.9015902876853943, 0.9013794660568237)",-8.1,1765211096.020378
1488,"(729.3568115234375, 415.20465087890625, 5936.9912109375, 4.75934362411499)","(-0.911179780960083, -0.9093920588493347, 0.9041062593460083, 0.903084933757782)",-8.1,1765211096.239301
1489,"(695.7640380859375, 427.1219177246094, 5813.82470703125, 6.133734703063965)","(-0.9127134084701538, -0.913502037525177, 0.9038733839988708, 0.9062512516975403)",-8.1,1765211096.4550269
1490,"(699.1011962890625, 421.5785827636719, 5756.94921875, 5.5286760330200195)","(-0.913345456123352, -0.9137393236160278, 0.906621515750885, 0.90786212682724)",-8.1,1765211096.6719663
1491,"(701.1952514648438, 431.92620849609375, 5869.326171875, 5.711348533630371)","(-0.9144021272659302, -0.9409282207489014, 0.9073827862739563, 0.95554119348526)",-8.1,1765211096.8874114
1492,"(730.4852905273438, 443.33447265625, 5792.25048828125, 6.3438920974731445)","(-0.9179553389549255, -0.9177507758140564, 0.9115682244300842, 0.9111765027046204)",-8.1,1765211097.1056132
1493,"(669.5149536132812, 395.3653869628906, 6067.51904296875, 6.932599067687988)","(-0.968588650226593, -0.9208851456642151, 0.9107958674430847, 0.912909209728241)",-8.1,1765211097.320635
1494,"(656.0106201171875, 393.79534912109375, 5799.490234375, 6.614879608154297)","(-0.9191961288452148, -0.9219099283218384, 0.912294864654541, 0.9156044125556946)",-8.1,1765211097.5390608
1495,"(672.4716796875, 434.1233825683594, 5717.23583984375, 6.66762638092041)","(-0.9233165979385376, -0.9221962094306946, 0.9162274599075317, 0.9153832197189331)",-8.1,1765211097.7572331
1496,"(654.4115600585938, 394.2828369140625, 5788.9853515625, 6.848611831665039)","(-0.9222996830940247, -0.9251669645309448, 0.915676474571228, 0.9182193875312805)",-8.1,1765211097.9726865
1497,"(711.0565185546875, 434.77020263671875, 5881.81640625, 6.027437686920166)","(-0.9260312914848328, -0.9252894520759583, 0.9224182367324829, 0.9188516139984131)",-8.1,1765211098.1904755
1498,"(670.582275390625, 421.4184875488281, 5808.1943359375, 5.522459983825684)","(-0.9252846837043762, -0.930790364742279, 0.9202903509140015, 0.9215517044067383)",-8.1,1765211098.4061
1499,"(732.468017578125, 453.6280822753906, 5765.17578125, 4.618635177612305)","(-0.9306190609931946, -0.9300258755683899, 0.9208446145057678, 0.922795832157135)",-8.1,1765211098.624574
1500,"(757.3682250976562, 477.2722473144531, 6276.162109375, 4.492460250854492)","(-0.9279585480690002, -0.928516685962677, 0.9240432381629944, 0.9254909157752991)",-8.1,1765211098.842089
1501,"(702.3369140625, 425.941162109375, 6180.2060546875, 4.155269622802734)","(-0.9314085841178894, -0.9316180944442749, 0.9273409247398376, 0.9253597259521484)",-8.1,1765211099.0575476
1502,"(769.7139892578125, 484.4263916015625, 6120.998046875, 4.890207290649414)","(-0.9348582625389099, -0.9364224076271057, 0.9260964393615723, 0.9276624321937561)",-8.1,1765211099.2757294
1503,"(666.92724609375, 420.53143310546875, 6598.16796875, 5.473021030426025)","(-0.9339858293533325, -0.9343642592430115, 0.9286320805549622, 0.9284055829048157)",-8.1,1765211099.4912174
1504,"(614.8033447265625, 728.8553466796875, 5681.8994140625, 59.896156311035156)","(-0.9386463761329651, -0.9374663233757019, 0.9322002530097961, 0.9336084127426147)",-6.2,1765211099.9300196
1505,"(668.67919921875, 789.439208984375, 5736.65771484375, 57.04865264892578)","(-0.9401905536651611, -0.9404761791229248, 0.9329801201820374, 0.9341157078742981)",-6.1,1765211100.144276
1506,"(661.884765625, 790.874267578125, 5810.55078125, 63.7018928527832)","(-0.9412131905555725, -0.9402778148651123, 0.9343409538269043, 0.9356939792633057)",-6.1,1765211100.3606489
1507,"(630.5428466796875, 737.2443237304688, 5841.029296875, 63.74634552001953)","(-0.942811906337738, -0.9421720504760742, 0.9359215497970581, 0.9365823864936829)",-6.1,1765211100.5761921
1508,"(630.2098388671875, 751.7818603515625, 5805.4013671875, 58.79107666015625)","(-0.9440833330154419, -0.9435300827026367, 0.9360877275466919, 0.937617838382721)",-6.1,1765211100.79432
1509,"(698.2391967773438, 769.99658203125, 6114.3349609375, 56.409324645996094)","(-0.9455171823501587, -0.9458345770835876, 0.9394490122795105, 0.9392400979995728)",-6.1,1765211101.0122623
1510,"(631.15234375, 779.4182739257812, 5687.37890625, 60.28105163574219)","(-0.9455223083496094, -0.9461265206336975, 0.9399344325065613, 0.9411899447441101)",-6.1,1765211101.2277136
1511,"(649.6115112304688, 848.0118408203125, 5858.9248046875, 56.712547302246094)","(-0.9492588043212891, -0.949373185634613, 0.9421432018280029, 0.9418368339538574)",-6.1,1765211101.4462674
1512,"(613.7039794921875, 762.6376953125, 5826.38623046875, 57.223388671875)","(-0.9496050477027893, -0.9496859908103943, 0.9418199062347412, 0.943810760974884)",-6.1,1765211101.6615527
1513,"(613.9907836914062, 758.0540161132812, 5976.537109375, 56.54969787597656)","(-0.948898196220398, -0.9487853050231934, 0.9401015043258667, 0.9450210332870483)",-6.1,1765211101.8792248
1514,"(546.5213623046875, 764.6072998046875, 5650.2294921875, 66.88231658935547)","(-0.9025613069534302, -0.9027267694473267, 0.943678617477417, 0.9455022811889648)",-6.1,1765211102.1017635
1515,"(621.2510986328125, 761.8001708984375, 5781.2685546875, 57.45690155029297)","(-0.9025751948356628, -0.9014040231704712, 0.9461503624916077, 0.9488509893417358)",-6.1,1765211102.315271
1516,"(654.4393310546875, 745.8012084960938, 6067.05859375, 59.461669921875)","(-0.9041875004768372, -0.9047960638999939, 0.9461440443992615, 0.9476956129074097)",-6.1,1765211102.5310867
1517,"(631.21044921875, 760.107666015625, 5902.814453125, 58.9901123046875)","(-0.9058533906936646, -0.9052318930625916, 0.9494519829750061, 0.9006872177124023)",-6.1,1765211102.7462962
1518,"(610.1542358398438, 757.1927490234375, 6061.24560546875, 63.54315185546875)","(-0.9099568724632263, -0.9099746346473694, 0.947629451751709, 0.9015152454376221)",-6.1,1765211102.9644973
1519,"(581.306640625, 726.4804077148438, 6140.44775390625, 56.77935791015625)","(-0.9099547266960144, -0.9100568294525146, 0.9792894721031189, 0.9043027758598328)",-6.1,1765211103.182746
1520,"(574.1638793945312, 700.89599609375, 5950.60546875, 58.97236633300781)","(-0.9114170074462891, -0.9124552011489868, 0.9045820832252502, 0.9058775901794434)",-6.1,1765211103.4017086
1521,"(544.9339599609375, 733.43017578125, 5757.36669921875, 60.555885314941406)","(-0.9157004356384277, -0.9164763689041138, 0.9057754278182983, 0.9077459573745728)",-6.1,1765211103.6182196
1522,"(630.2130737304688, 753.1067504882812, 5784.6611328125, 59.55047607421875)","(-0.9145361185073853, -0.914086103439331, 0.9071806073188782, 0.9092775583267212)",-6.1,1765211103.8314662
1523,"(697.2943115234375, 864.1403198242188, 5818.51171875, 58.84295654296875)","(-0.9184842705726624, -0.9169993996620178, 0.9087743163108826, 0.9106505513191223)",-6.1,1765211104.0493305
1524,"(686.0201416015625, 817.9661865234375, 5818.9716796875, 60.7584228515625)","(-0.9169101715087891, -0.9170002341270447, 0.9122905135154724, 0.9134576320648193)",-6.1,1765211104.2654672
1525,"(651.134521484375, 784.306884765625, 5936.4619140625, 61.472015380859375)","(-0.9207937717437744, -0.9208426475524902, 0.9157842993736267, 0.9136733412742615)",-6.1,1765211104.4858801
1526,"(544.0855712890625, 650.3734130859375, 6234.26416015625, 57.10511779785156)","(-0.9205384254455566, -0.9221325516700745, 0.9835415482521057, 0.9163715839385986)",-6.1,1765211104.7013192
1527,"(664.88525390625, 834.8331298828125, 6086.7763671875, 57.2708740234375)","(-0.9217619895935059, -0.9227148294448853, 0.9161398410797119, 0.9177703857421875)",-6.1,1765211104.9164612
1528,"(629.7830810546875, 754.158447265625, 6063.76318359375, 66.95549011230469)","(-0.926715075969696, -0.9253242611885071, 0.9197519421577454, 0.9185863733291626)",-6.1,1765211105.1358588
1529,"(626.7080078125, 755.9832763671875, 5668.53076171875, 60.89374542236328)","(-0.9253947734832764, -0.9256404042243958, 0.9197686910629272, 0.9215167760848999)",-6.1,1765211105.3501108
1530,"(611.3876953125, 741.1318359375, 5899.17431640625, 68.11320495605469)","(-0.9293640851974487, -0.9287692904472351, 0.9225374460220337, 0.9219098687171936)",-6.1,1765211105.5680315
1531,"(583.2025146484375, 735.1234130859375, 5510.8447265625, 63.90340805053711)","(-0.9302576780319214, -0.9305102825164795, 0.9225890040397644, 0.9237229824066162)",-6.1,1765211105.789956
1532,"(644.1060791015625, 780.5304565429688, 5949.404296875, 69.55903625488281)","(-0.9322146773338318, -0.9312939047813416, 0.9262741804122925, 0.9263727068901062)",-6.1,1765211106.0016398
1533,"(619.55859375, 741.9737548828125, 6056.7197265625, 64.96018981933594)","(-0.9347983002662659, -0.9347021579742432, 0.9858117699623108, 0.9271771907806396)",-6.1,1765211106.2199824
1534,"(684.68115234375, 661.7606811523438, 5731.84375, 53.86167526245117)","(-0.9338858127593994, -0.9335732460021973, 0.9273748397827148, 0.9289949536323547)",-6.1,1765211106.437553
1535,"(772.39208984375, 736.3707885742188, 6106.20849609375, 48.315345764160156)","(-0.9350616335868835, -0.9360230565071106, 0.9278979897499084, 0.9300284385681152)",-6.1,1765211106.6541
1536,"(689.5093383789062, 1098.15185546875, 5514.94970703125, 109.95451354980469)","(-0.9392613768577576, -0.9390593767166138, 0.932796061038971, 0.9347620010375977)",-4.5,1765211107.0865972
1537,"(756.1570434570312, 1060.07373046875, 5497.5146484375, 106.21432495117188)","(-0.9401506185531616, -0.9399722218513489, 0.934492826461792, 0.9345544576644897)",-4.4,1765211107.3048258
1538,"(801.1426391601562, 1112.685546875, 5647.08837890625, 99.46823120117188)","(-0.9414701461791992, -0.9411267638206482, 0.9351688623428345, 0.9356374144554138)",-4.4,1765211107.521333
1539,"(732.3861083984375, 1050.3778076171875, 5881.984375, 92.67315673828125)","(-0.9429440498352051, -0.9424063563346863, 0.9907919764518738, 0.9368222951889038)",-4.4,1765211107.7385318
1540,"(677.3211669921875, 976.0169677734375, 5725.1181640625, 76.75302124023438)","(-0.9464086890220642, -0.9463587403297424, 0.9366452097892761, 0.9385206699371338)",-4.4,1765211107.9571671
1541,"(771.561279296875, 1050.0888671875, 5757.833984375, 83.90402221679688)","(-0.9465440511703491, -0.9459170699119568, 0.9394730925559998, 0.9408179521560669)",-4.4,1765211108.171738
1542,"(730.520263671875, 1010.6217651367188, 5625.79052734375, 100.20639038085938)","(-0.9472590088844299, -0.9472606778144836, 0.9404993653297424, 0.9417704939842224)",-4.4,1765211108.3900702
1543,"(767.6953125, 1056.150146484375, 5721.88134765625, 90.26187896728516)","(-0.9493947625160217, -0.9488089084625244, 0.9432357549667358, 0.9428752064704895)",-4.4,1765211108.606174
1544,"(771.547607421875, 1076.275390625, 5602.88330078125, 90.54505920410156)","(-0.9503013491630554, -0.9493175745010376, 0.942040205001831, 0.9448325634002686)",-4.4,1765211108.8233476
1545,"(703.4649047851562, 982.82177734375, 5474.84716796875, 85.69427490234375)","(-0.9011215567588806, -0.9009748697280884, 0.944907009601593, 0.9455661177635193)",-4.3,1765211109.0415988
1546,"(690.0686645507812, 948.501708984375, 5946.4541015625, 84.09391784667969)","(-0.90064537525177, -0.9000798463821411, 0.9893056750297546, 0.9474576115608215)",-4.3,1765211109.2594228
1547,"(696.5482177734375, 969.955322265625, 5614.7138671875, 83.92864227294922)","(-0.9052184820175171, -0.9050863981246948, 0.9457850456237793, 0.9469353556632996)",-4.3,1765211109.4808075
1548,"(775.8386840820312, 1060.432861328125, 5801.4814453125, 85.7044677734375)","(-0.9063752293586731, -0.9057939052581787, 0.9488635659217834, 0.9000584483146667)",-4.3,1765211109.6916294
1549,"(693.473388671875, 976.0211181640625, 5747.40625, 90.13619995117188)","(-0.9088094234466553, -0.9087604284286499, 0.9001474976539612, 0.9017547369003296)",-4.3,1765211109.9085553
1550,"(744.4813232421875, 981.2091064453125, 5640.603515625, 79.80342102050781)","(-0.9097846150398254, -0.9094805121421814, 0.9037551283836365, 0.9033243656158447)",-4.3,1765211110.1237617
1551,"(699.0120239257812, 956.18115234375, 5652.369140625, 82.29896545410156)","(-0.9105813503265381, -0.9108936786651611, 0.9037262797355652, 0.905264675617218)",-4.3,1765211110.342621
1552,"(706.8560791015625, 976.074462890625, 5607.359375, 73.1608657836914)","(-0.9139760732650757, -0.9141493439674377, 0.9053551554679871, 0.906579315662384)",-4.3,1765211110.5601716
1553,"(5705.93017578125, 62.42708969116211, 61.16352081298828, 63.06898880004883)","(-0.9147107601165771, -0.9152303338050842, 0.909066379070282, 0.9080502390861511)",-4.3,1765211110.8208961
1554,"(690.1939697265625, 1048.32568359375, 5589.6259765625, 50.33342361450195)","(-0.9171593189239502, -0.9170516729354858, 0.9078938364982605, 0.909726619720459)",-4.3,1765211110.9974637
1555,"(764.465576171875, 1249.79931640625, 5711.6669921875, 39.90694046020508)","(-0.9169976711273193, -0.9181045293807983, 0.9103103280067444, 0.9114219546318054)",-4.3,1765211111.2089634
1556,"(652.4849853515625, 1080.9061279296875, 5939.9599609375, 40.697200775146484)","(-0.920913577079773, -0.9202858209609985, 0.9126392006874084, 0.9119992256164551)",-4.3,1765211111.4274902
1557,"(635.9157104492188, 1003.3914794921875, 5755.509765625, 38.85586929321289)","(-0.9203168153762817, -0.9207395315170288, 0.9145772457122803, 0.9156237244606018)",-4.3,1765211111.6450188
1558,"(645.9501953125, 1081.55322265625, 5799.01171875, 38.14546585083008)","(-0.9249769449234009, -0.9249797463417053, 0.9156138896942139, 0.9162588715553284)",-4.3,1765211111.8604858
1559,"(703.163330078125, 1179.536376953125, 5458.86962890625, 41.628501892089844)","(-0.9249136447906494, -0.9248669743537903, 0.9189023971557617, 0.9191861152648926)",-4.3,1765211112.0787714
1560,"(695.168212890625, 1171.588623046875, 5945.6904296875, 55.06379699707031)","(-0.9263204336166382, -0.9256934523582458, 0.9194115400314331, 0.9205080270767212)",-4.3,1765211112.2942374
1561,"(676.0631103515625, 1076.17626953125, 5655.7529296875, 57.78034591674805)","(-0.9289310574531555, -0.9291433095932007, 0.9203681945800781, 0.9219527840614319)",-4.3,1765211112.5121138
1562,"(694.70263671875, 1169.3740234375, 5364.9013671875, 57.86762237548828)","(-0.9306700825691223, -0.9299777150154114, 0.9234358072280884, 0.924241304397583)",-4.3,1765211112.7304459
1563,"(62.89324951171875, 64.32305908203125, 61.3109016418457, 62.582069396972656)","(-0.930197536945343, -0.9319100379943848, 0.9243043065071106, 0.925702691078186)",-4.3,1765211113.0001042
1564,"(719.075439453125, 1182.1961669921875, 5267.306640625, 53.26789855957031)","(-0.9327413439750671, -0.9322620034217834, 0.9283862709999084, 0.9271181225776672)",-4.3,1765211113.1636817
1565,"(705.9284057617188, 1159.963134765625, 5441.3603515625, 54.52562713623047)","(-0.9351327419281006, -0.9346269369125366, 0.9264050126075745, 0.9284711480140686)",-4.3,1765211113.3801637
1566,"(713.787353515625, 1187.13818359375, 5262.240234375, 67.61068725585938)","(-0.9369044899940491, -0.9358507990837097, 0.9275926947593689, 0.9300390481948853)",-4.3,1765211113.5973334
1567,"(723.3382568359375, 1137.424560546875, 5803.80810546875, 48.696372985839844)","(-0.9377579092979431, -0.9377633333206177, 0.9297782778739929, 0.9308329820632935)",-4.3,1765211113.8151696
1568,"(666.0360107421875, 1628.0087890625, 5367.70263671875, 83.67371368408203)","(-0.9402154684066772, -0.9400737881660461, 0.9341211318969727, 0.9345927834510803)",-2.5,1765211114.248893
1569,"(671.2302856445312, 1549.91455078125, 5151.41015625, 79.84848022460938)","(-0.9409847259521484, -0.9405106902122498, 0.9348587393760681, 0.9354165196418762)",-2.4,1765211114.4658215
1570,"(685.1400146484375, 1553.545654296875, 5323.7939453125, 77.06378173828125)","(-0.9421477317810059, -0.9418192505836487, 0.9356265068054199, 0.9366335272789001)",-2.4,1765211114.686052
1571,"(668.27587890625, 1680.6746826171875, 5043.0986328125, 86.68353271484375)","(-0.9439703226089478, -0.943774402141571, 0.9377926588058472, 0.9379000663757324)",-2.4,1765211114.9004695
1572,"(686.2992553710938, 1545.228759765625, 5053.265625, 88.59808349609375)","(-0.9451947808265686, -0.9445896148681641, 0.939063310623169, 0.9395968317985535)",-2.4,1765211115.1170046
1573,"(725.496337890625, 1495.05126953125, 5411.95654296875, 94.53633880615234)","(-0.9465215802192688, -0.9466250538825989, 0.9407122135162354, 0.9410616755485535)",-2.4,1765211115.333781
1574,"(692.7847900390625, 1492.599365234375, 5211.4892578125, 94.79147338867188)","(-0.9480932354927063, -0.9479835629463196, 0.941879153251648, 0.9422734379768372)",-2.4,1765211115.5492625
1575,"(706.1607055664062, 1547.09521484375, 5253.322265625, 99.69071960449219)","(-0.94912189245224, -0.9494825005531311, 0.942689836025238, 0.9432925581932068)",-2.4,1765211115.7675233
1576,"(725.791748046875, 1456.890380859375, 5247.236328125, 96.40591430664062)","(-0.9821287989616394, -0.9502534866333008, 0.9440382719039917, 0.9443762898445129)",-2.4,1765211115.9826968
1577,"(681.34619140625, 1515.203125, 5322.82177734375, 98.6351089477539)","(-0.9020166993141174, -0.9014421105384827, 0.9456568360328674, 0.9463151693344116)",-2.4,1765211116.2007658
1578,"(663.584716796875, 1567.5467529296875, 5029.35498046875, 104.13719177246094)","(-0.9033648371696472, -0.9030513763427734, 0.9466187357902527, 0.9476285576820374)",-2.4,1765211116.419061
1579,"(700.2071533203125, 1559.88623046875, 5196.05615234375, 110.55364990234375)","(-0.9052973389625549, -0.9051867127418518, 0.9485289454460144, 0.9488164186477661)",-2.4,1765211116.63459
1580,"(685.3076782226562, 1543.279296875, 5263.189453125, 109.93801879882812)","(-0.9071193337440491, -0.9070538878440857, 0.9004679918289185, 0.9011681079864502)",-2.4,1765211116.8524272
1581,"(685.182373046875, 1579.5838623046875, 4992.10498046875, 114.35908508300781)","(-0.9087409973144531, -0.9462432861328125, 0.9019715189933777, 0.9029145240783691)",-2.4,1765211117.068555
1582,"(699.3192138671875, 1504.53125, 5185.02099609375, 113.33692169189453)","(-0.9105144143104553, -0.9101501703262329, 0.9040542840957642, 0.9048371315002441)",-2.4,1765211117.289136
1583,"(752.973876953125, 1516.375, 5542.26318359375, 110.7732925415039)","(-0.912364661693573, -0.9121648073196411, 0.9059519171714783, 0.9064131379127502)",-2.4,1765211117.5052621
1584,"(694.0951538085938, 1537.2841796875, 5296.3310546875, 114.09396362304688)","(-0.9144353270530701, -0.9142178297042847, 0.9076206088066101, 0.9082689881324768)",-2.4,1765211117.7193756
1585,"(694.951171875, 1550.795166015625, 5349.43310546875, 112.36158752441406)","(-0.9159197211265564, -0.9157159328460693, 0.9092962741851807, 0.9099195003509521)",-2.4,1765211117.9405842
1586,"(683.092529296875, 1506.261474609375, 4917.8076171875, 106.74235534667969)","(-0.9173304438591003, -0.9169864058494568, 0.9110568165779114, 0.9116955399513245)",-2.4,1765211118.1541634
1587,"(693.112548828125, 1535.684326171875, 5196.751953125, 111.7011489868164)","(-0.9192789196968079, -0.9188253283500671, 0.9126485586166382, 0.9131308197975159)",-2.4,1765211118.3710775
1588,"(701.02880859375, 1642.36767578125, 4976.318359375, 119.94356536865234)","(-0.9207863211631775, -0.9933631420135498, 0.9146779775619507, 0.9147894382476807)",-2.4,1765211118.589226
1589,"(741.980224609375, 1530.999267578125, 5171.369140625, 109.38246154785156)","(-0.9229545593261719, -0.9223645329475403, 0.9162717461585999, 0.9163825511932373)",-2.4,1765211118.805612
1590,"(770.0415649414062, 1536.9913330078125, 5277.71875, 107.06950378417969)","(-0.9243162870407104, -0.9240723848342896, 0.9179779887199402, 0.9182130098342896)",-2.4,1765211119.0225582
1591,"(730.0086669921875, 1556.5860595703125, 5297.5439453125, 104.7788314819336)","(-0.925418496131897, -0.9254307746887207, 0.9196431636810303, 0.9198972582817078)",-2.4,1765211119.2390516
1592,"(713.571044921875, 1521.8837890625, 5385.8271484375, 110.0828857421875)","(-0.9279137253761292, -0.9273885488510132, 0.9209266901016235, 0.9217468500137329)",-2.4,1765211119.4563968
1593,"(670.2073364257812, 1434.3067626953125, 5055.28759765625, 98.74870300292969)","(-0.9292072057723999, -0.9291613101959229, 0.9228414297103882, 0.9231958389282227)",-2.4,1765211119.6751418
1594,"(696.6688842773438, 1537.0390625, 5266.8359375, 102.45572662353516)","(-0.9313707947731018, -0.9308406710624695, 0.9237110018730164, 0.9245542287826538)",-2.4,1765211119.8895059
1595,"(671.874267578125, 1598.233154296875, 5324.53662109375, 106.88557434082031)","(-0.9326622486114502, -0.9903658032417297, 0.9255783557891846, 0.9260936975479126)",-2.4,1765211120.10781
1596,"(720.814453125, 1497.952392578125, 5256.2001953125, 104.89512634277344)","(-0.9333579540252686, -0.9332695007324219, 0.9268298745155334, 0.9279313683509827)",-2.4,1765211120.3242564
1597,"(740.8392333984375, 1497.52294921875, 5167.0947265625, 103.56871795654297)","(-0.9347451329231262, -0.9341092705726624, 0.9291191101074219, 0.9295288920402527)",-2.4,1765211120.541882
1598,"(725.4520263671875, 1455.434326171875, 4982.548828125, 100.3936538696289)","(-0.9364635944366455, -0.9364699721336365, 0.9300139546394348, 0.930779218673706)",-2.4,1765211120.7593093
1599,"(727.7167358398438, 1502.261474609375, 5316.9267578125, 107.23495483398438)","(-0.9382978081703186, -0.9381757974624634, 0.9313688278198242, 0.932039201259613)",-2.4,1765211120.9748929
1600,"(818.4366455078125, 1957.502197265625, 4796.470703125, 130.1078338623047)","(-0.9449961185455322, -0.9450624585151672, 0.9395448565483093, 0.9397892951965332)",-1.0,1765211122.0606148
1601,"(769.843017578125, 1877.08935546875, 4665.1884765625, 128.7286834716797)","(-0.9470863342285156, -0.9468690156936646, 0.9405972361564636, 0.9404976963996887)",-1.0,1765211122.277929
1602,"(824.2691040039062, 2036.61865234375, 5054.1298828125, 126.30071258544922)","(-0.9479374885559082, -0.9476682543754578, 0.9414069652557373, 0.9413713216781616)",-1.0,1765211122.4934695
1603,"(789.3736572265625, 2021.4241943359375, 4870.212890625, 132.29345703125)","(-0.9492303729057312, -0.9491920471191406, 0.9433874487876892, 0.943206787109375)",-1.0,1765211122.7116234
1604,"(809.7364501953125, 1947.4515380859375, 4883.615234375, 131.25021362304688)","(-0.9508914351463318, -0.950664222240448, 0.9445257186889648, 0.9445075392723083)",-1.0,1765211122.928158
1605,"(816.97265625, 1942.8427734375, 4918.69677734375, 148.67575073242188)","(-0.9013667702674866, -0.982134222984314, 0.9457915425300598, 0.9455723166465759)",-1.0,1765211123.1449168
1606,"(776.313232421875, 1865.7640380859375, 4766.7216796875, 140.2748260498047)","(-0.9037255048751831, -0.9036047458648682, 0.9468802213668823, 0.9467064738273621)",-1.0,1765211123.364185
1607,"(821.639892578125, 1905.487060546875, 4796.796875, 145.98684692382812)","(-0.9048833847045898, -0.9051980376243591, 0.948611855506897, 0.9485991597175598)",-1.0,1765211123.5793042
1608,"(810.3521728515625, 1836.7144775390625, 4768.17822265625, 145.11724853515625)","(-0.9067106246948242, -0.907102108001709, 0.9006972908973694, 0.9003504514694214)",-1.0,1765211123.8004847
1609,"(821.8993530273438, 1986.650390625, 4757.634765625, 149.9208221435547)","(-0.9084833860397339, -0.9083496332168579, 0.902075469493866, 0.9020914435386658)",-1.0,1765211124.0126042
1610,"(829.5396728515625, 2039.3876953125, 4838.1435546875, 167.12277221679688)","(-0.910340428352356, -0.9103363156318665, 0.9043282866477966, 0.9041317105293274)",-1.0,1765211124.230308
1611,"(828.21337890625, 1961.7138671875, 4778.08251953125, 158.3604736328125)","(-0.9123973250389099, -0.9118557572364807, 0.9061701893806458, 0.9059865474700928)",-1.0,1765211124.4483697
1612,"(810.4107666015625, 1978.9901123046875, 4841.609375, 157.21934509277344)","(-0.9140570163726807, -0.9768038988113403, 0.9079367518424988, 0.9078541398048401)",-1.0,1765211124.6657903
1613,"(775.82373046875, 2049.73388671875, 4696.794921875, 122.306640625)","(-0.9159299731254578, -0.9156308770179749, 0.9094370007514954, 0.9096114635467529)",-1.0,1765211124.8862224
1614,"(822.1129150390625, 2095.19970703125, 4779.19140625, 117.32868194580078)","(-0.917360246181488, -0.9174570441246033, 0.9112685918807983, 0.9108551740646362)",-1.0,1765211125.0978823
1615,"(783.00341796875, 2005.11474609375, 4736.44482421875, 129.89598083496094)","(-0.9193689227104187, -0.9191539883613586, 0.9126086831092834, 0.9125559329986572)",-1.0,1765211125.315132
1616,"(728.0335083007812, 2096.221923828125, 4555.40966796875, 142.29092407226562)","(-0.9207789301872253, -0.9208391904830933, 0.9146649837493896, 0.9142982959747314)",-1.0,1765211125.5333414
1617,"(736.448974609375, 2115.612548828125, 4704.2509765625, 152.56195068359375)","(-0.9220426678657532, -0.9220407009124756, 0.9162094593048096, 0.9163357615470886)",-1.0,1765211125.7488723
1618,"(818.641357421875, 2067.509765625, 4749.3603515625, 158.38961791992188)","(-0.9244067072868347, -0.924165666103363, 0.9180663228034973, 0.9180338382720947)",-1.0,1765211125.9670408
1619,"(847.822509765625, 2095.729736328125, 4806.82177734375, 179.33030700683594)","(-0.9257184267044067, -0.9708960652351379, 0.9194009304046631, 0.919603705406189)",-1.0,1765211126.1821764
1620,"(817.0015869140625, 2101.2685546875, 4613.25927734375, 197.9033203125)","(-0.927510142326355, -0.927477240562439, 0.9211578369140625, 0.9213111400604248)",-1.0,1765211126.4013517
1621,"(816.4977416992188, 2037.525390625, 4755.29248046875, 190.58233642578125)","(-0.9288269877433777, -0.9288676381111145, 0.9228565096855164, 0.9229228496551514)",-1.0,1765211126.61819
1622,"(780.1563110351562, 2074.251220703125, 4696.8564453125, 194.13999938964844)","(-0.930061399936676, -0.9302302002906799, 0.9243540167808533, 0.9243898391723633)",-1.0,1765211126.833831
1623,"(738.7180786132812, 2093.895263671875, 4678.77734375, 199.58334350585938)","(-0.9316360950469971, -0.9321402311325073, 0.9260292053222656, 0.9257364869117737)",-1.0,1765211127.0519783
1624,"(751.6939697265625, 2080.3740234375, 4717.7294921875, 205.99960327148438)","(-0.9331365823745728, -0.9331069588661194, 0.9273831248283386, 0.927828311920166)",-1.0,1765211127.267505
1625,"(769.4041748046875, 2028.9686279296875, 4764.642578125, 198.13558959960938)","(-0.9349502325057983, -0.9351029992103577, 0.9286136627197266, 0.928802490234375)",-1.0,1765211127.485297
1626,"(756.325439453125, 2075.71337890625, 4476.76806640625, 201.50076293945312)","(-0.9366016983985901, -0.9361847043037415, 0.9303525686264038, 0.9309270977973938)",-1.0,1765211127.703467
1627,"(770.971435546875, 2038.2225341796875, 4684.09326171875, 203.3135986328125)","(-0.9373376369476318, -0.9374778270721436, 0.9321260452270508, 0.9321272373199463)",-1.0,1765211127.919056
1628,"(783.2728271484375, 1967.8236083984375, 4849.876953125, 200.09420776367188)","(-0.9393661022186279, -0.939149796962738, 0.9332613945007324, 0.9336569309234619)",-1.0,1765211128.136805
1629,"(767.3960571289062, 1987.6151123046875, 4709.033203125, 193.160400390625)","(-0.9404826760292053, -0.9409074187278748, 0.9347670078277588, 0.9347376823425293)",-1.0,1765211128.354272
1630,"(777.7180786132812, 2013.916015625, 4592.66357421875, 199.0636444091797)","(-0.9420726895332336, -0.9417386651039124, 0.9363252520561218, 0.9365858435630798)",-1.0,1765211128.5706177
1631,"(823.8525390625, 1954.0048828125, 4945.95556640625, 198.5321044921875)","(-0.9433009028434753, -0.94353187084198, 0.9373880624771118, 0.9374802112579346)",-1.0,1765211128.7857616
1632,"(788.6065063476562, 2641.4111328125, 3919.9892578125, 204.97491455078125)","(-0.946427583694458, -0.9465155005455017, 0.9403221011161804, 0.9403301477432251)",1.0,1765211129.2221186
1633,"(803.2807006835938, 2585.1943359375, 3891.8505859375, 195.991455078125)","(-0.9478011727333069, -0.9480160474777222, 0.9421752095222473, 0.9415996074676514)",1.1,1765211129.4409237
1634,"(823.1959228515625, 2694.79931640625, 4111.88671875, 183.0700225830078)","(-0.9491410851478577, -0.9492422938346863, 0.9431297183036804, 0.9430491924285889)",1.1,1765211129.6605256
1635,"(830.1937255859375, 2917.28076171875, 4174.54345703125, 190.1305389404297)","(-0.9499918222427368, -0.982124388217926, 0.9446533918380737, 0.9449364542961121)",1.1,1765211129.8708677
1636,"(847.8486328125, 2775.860595703125, 4273.0419921875, 183.37619018554688)","(-0.9020562767982483, -0.9014647603034973, 0.9454041719436646, 0.9452898502349854)",1.1,1765211130.089087
1637,"(908.9520263671875, 2675.015380859375, 4650.61962890625, 178.62957763671875)","(-0.9034551978111267, -0.9039613604545593, 0.9474326968193054, 0.9467345476150513)",1.1,1765211130.3068905
1638,"(862.9578247070312, 2748.6728515625, 4538.60888671875, 183.9794921875)","(-0.9043982028961182, -0.9049270153045654, 0.9492228627204895, 0.9492260217666626)",1.1,1765211130.5224092
1639,"(859.9871215820312, 2750.657470703125, 4552.59912109375, 184.64590454101562)","(-0.905918538570404, -0.9058641791343689, 0.9006926417350769, 0.9006310105323792)",1.2,1765211130.7412224
1640,"(805.9210205078125, 2685.837646484375, 4675.1689453125, 170.08914184570312)","(-0.9080750346183777, -0.9077982306480408, 0.9924674034118652, 0.9025552272796631)",1.2,1765211130.9583993
1641,"(796.3218994140625, 2610.1435546875, 4290.66552734375, 171.14804077148438)","(-0.9101303815841675, -0.9101588129997253, 0.9038963913917542, 0.9039477109909058)",1.2,1765211131.173991
1642,"(759.746337890625, 2690.85791015625, 3989.91015625, 174.88925170898438)","(-0.911864161491394, -0.9120916724205017, 0.9059160947799683, 0.905760645866394)",1.2,1765211131.3921874
1643,"(789.5469360351562, 2554.193603515625, 4123.03125, 170.46762084960938)","(-0.9141152501106262, -0.9143008589744568, 0.9075773358345032, 0.9075230956077576)",1.2,1765211131.6076908
1644,"(860.604736328125, 2651.295654296875, 4170.06884765625, 170.30799865722656)","(-0.9156687259674072, -0.9153435230255127, 0.9092810153961182, 0.9095728993415833)",1.2,1765211131.825511
1645,"(817.8843994140625, 2643.661865234375, 4416.77880859375, 183.31912231445312)","(-0.9167760014533997, -0.9163565635681152, 0.9111413955688477, 0.9399200677871704)",1.2,1765211132.0417655
1646,"(846.649169921875, 2599.615234375, 4258.228515625, 170.67776489257812)","(-0.9189016819000244, -0.9186875820159912, 0.912613034248352, 0.9121004939079285)",1.2,1765211132.2619514
1647,"(879.4202270507812, 2777.30615234375, 4637.95458984375, 171.2212371826172)","(-0.9368942975997925, -0.9198002815246582, 0.958697497844696, 0.9144785404205322)",1.2,1765211132.4770637
1648,"(826.1943969726562, 2624.095458984375, 4247.75, 170.5233154296875)","(-0.9223138689994812, -0.9223635792732239, 0.9160621166229248, 0.9155851006507874)",1.2,1765211132.6927025
1649,"(812.8563232421875, 2860.9306640625, 4482.46728515625, 174.62094116210938)","(-0.9231529831886292, -0.9234983325004578, 0.9179118275642395, 0.9179447293281555)",1.2,1765211132.911858
1650,"(828.3339233398438, 2650.115966796875, 4281.2470703125, 177.9948272705078)","(-0.9252891540527344, -0.9251753091812134, 0.9187342524528503, 0.9191131591796875)",1.2,1765211133.1263173
1651,"(833.593994140625, 2651.2333984375, 4195.28662109375, 175.5456085205078)","(-0.9272186160087585, -0.9271730780601501, 0.920930027961731, 0.9206893444061279)",1.2,1765211133.3441882
1652,"(168.45077514648438, 167.35671997070312, 165.320556640625, 160.85189819335938)","(-0.9287236332893372, -0.928627073764801, 0.9221999645233154, 0.9225907921791077)",1.2,1765211133.6280892
1653,"(2612.934814453125, 4429.7509765625, 164.37631225585938, 163.6771240234375)","(-0.9295064806938171, -0.9297094345092773, 0.9237951636314392, 0.9237765669822693)",1.2,1765211133.793411
1654,"(873.8013305664062, 2534.67529296875, 4616.29052734375, 163.408447265625)","(-0.9268804788589478, -0.9311246871948242, 0.9653958082199097, 0.9256321787834167)",1.2,1765211133.995644
1655,"(827.498779296875, 2607.89306640625, 4255.73876953125, 156.5445098876953)","(-0.933033287525177, -0.9332389831542969, 0.9268522262573242, 0.926777720451355)",1.2,1765211134.2111444
1656,"(879.4638671875, 2703.362060546875, 4446.91796875, 157.13290405273438)","(-0.9351531267166138, -0.9353653192520142, 0.9287733435630798, 0.9285336136817932)",1.2,1765211134.4335322
1657,"(854.6517333984375, 2634.4150390625, 4311.86328125, 159.5746307373047)","(-0.9360942244529724, -0.9369891881942749, 0.930528998374939, 0.9300399422645569)",1.2,1765211134.6489875
1658,"(848.8092041015625, 2685.04296875, 4422.48193359375, 166.36831665039062)","(-0.9374589323997498, -0.9374303221702576, 0.9310680627822876, 0.9315683841705322)",1.2,1765211134.862703
1659,"(823.9736938476562, 2548.373046875, 4168.5068359375, 169.647705078125)","(-0.938676118850708, -0.9389371871948242, 0.9331397414207458, 0.9195175766944885)",1.2,1765211135.0809445
1660,"(876.177001953125, 2586.265869140625, 4328.04345703125, 159.92230224609375)","(-0.9410492777824402, -0.940657377243042, 0.9345855712890625, 0.9340183138847351)",1.2,1765211135.2964678
1661,"(897.6083984375, 2708.56640625, 4560.26123046875, 166.09185791015625)","(-0.9160366654396057, -0.9416913390159607, 0.9721865653991699, 0.9360209107398987)",1.2,1765211135.5152838
1662,"(863.5791015625, 2535.1435546875, 4237.3720703125, 154.68800354003906)","(-0.9438065886497498, -0.9434967041015625, 0.9370458722114563, 0.9370777606964111)",1.2,1765211135.730804
1663,"(890.0303955078125, 2751.19921875, 4461.642578125, 176.28213500976562)","(-0.9439926743507385, -0.9443445205688477, 0.9391071796417236, 0.9386988282203674)",1.2,1765211135.9487312
1664,"(762.648681640625, 3166.8193359375, 3869.224853515625, 225.59201049804688)","(-0.9474282264709473, -0.9477559924125671, 0.9416444897651672, 0.9410492777824402)",2.8,1765211136.3812659
1665,"(741.7066650390625, 3196.50390625, 3907.028564453125, 237.23678588867188)","(-0.9481944441795349, -0.9489423036575317, 0.9427816867828369, 0.9079270958900452)",3.0,1765211136.5995457
1666,"(731.31787109375, 3207.183837890625, 3799.5224609375, 246.189208984375)","(-0.9501465559005737, -0.9500868320465088, 0.9438278675079346, 0.9440680742263794)",3.0,1765211136.8151057
1667,"(749.47998046875, 3230.35595703125, 3923.8193359375, 244.54473876953125)","(-0.9045451283454895, -0.9004514813423157, 0.9770045876502991, 0.9457175731658936)",3.0,1765211137.0328126
1668,"(728.2308349609375, 3248.627685546875, 3837.03759765625, 250.517333984375)","(-0.9020552039146423, -0.9024356007575989, 0.946912407875061, 0.946856677532196)",3.1,1765211137.25113
1669,"(728.627685546875, 3334.1572265625, 3952.455322265625, 266.5536193847656)","(-0.9041209816932678, -0.9042273759841919, 0.9473819732666016, 0.9481406211853027)",3.1,1765211137.4666152
1670,"(711.3624877929688, 3273.9091796875, 3737.04443359375, 256.7483215332031)","(-0.9063314199447632, -0.9062660336494446, 0.9491010904312134, 0.9489313960075378)",3.1,1765211137.6848323
1671,"(739.091064453125, 3411.90673828125, 3926.83203125, 257.23150634765625)","(-0.9072396755218506, -0.9077330827713013, 0.901927649974823, 0.9018242359161377)",3.1,1765211137.8998637
1672,"(718.3917236328125, 3206.737060546875, 3859.5283203125, 258.52728271484375)","(-0.9097269177436829, -0.9095613360404968, 0.9033468961715698, 0.9033724069595337)",3.1,1765211138.11818
1673,"(683.93017578125, 3160.540283203125, 3610.22021484375, 252.19589233398438)","(-0.9114989042282104, -0.9117116332054138, 0.9054437279701233, 0.9052054286003113)",3.1,1765211138.3363369
1674,"(695.7247924804688, 3219.513427734375, 3948.5947265625, 219.12225341796875)","(-0.9131169319152832, -0.913480818271637, 0.9819190502166748, 0.9067819714546204)",3.1,1765211138.5520868
1675,"(698.658447265625, 3250.117431640625, 4034.21484375, 222.88302612304688)","(-0.9139108061790466, -0.9148866534233093, 0.9090286493301392, 0.9086399078369141)",3.1,1765211138.7697208
1676,"(707.15869140625, 3324.192626953125, 4106.3447265625, 243.2946014404297)","(-0.9165610074996948, -0.9161989092826843, 0.9104406833648682, 0.9105948209762573)",3.1,1765211138.9862008
1677,"(694.697265625, 3213.7333984375, 3875.890869140625, 229.3570556640625)","(-0.9185600280761719, -0.9184133410453796, 0.9122408032417297, 0.9122223854064941)",3.1,1765211139.203443
1678,"(691.0238037109375, 3207.990234375, 3609.4384765625, 260.8806457519531)","(-0.9205467104911804, -0.9205736517906189, 0.9137029051780701, 0.9133856892585754)",3.1,1765211139.4211805
1679,"(681.2086181640625, 3171.224365234375, 3707.37841796875, 264.53564453125)","(-0.9211655855178833, -0.9214808344841003, 0.9159985780715942, 0.9156806468963623)",3.1,1765211139.636641
1680,"(652.9751586914062, 3320.505859375, 3700.075439453125, 279.66595458984375)","(-0.9230818152427673, -0.9235005974769592, 0.917073130607605, 0.917160153388977)",3.1,1765211139.8549619
1681,"(647.640869140625, 3313.80859375, 3982.22265625, 269.8658447265625)","(-0.9246392250061035, -0.9250993132591248, 0.9847679138183594, 0.9188337922096252)",3.1,1765211140.0705535
1682,"(666.8590087890625, 3324.302734375, 3875.44921875, 265.8221435546875)","(-0.9265164136886597, -0.9269918203353882, 0.9205030798912048, 0.9204373955726624)",3.1,1765211140.2887807
1683,"(656.5095825195312, 3403.00341796875, 3808.287353515625, 290.14031982421875)","(-0.9277418851852417, -0.9277377128601074, 0.921968400478363, 0.9224424362182617)",3.1,1765211140.5069335
1684,"(678.0220947265625, 3358.3837890625, 3905.17822265625, 286.627685546875)","(-0.929347574710846, -0.9299863576889038, 0.9235604405403137, 0.923625648021698)",3.1,1765211140.7222178
1685,"(666.1209106445312, 3210.8369140625, 3963.101318359375, 295.0100402832031)","(-0.931077241897583, -0.9310263395309448, 0.9251123070716858, 0.9254298210144043)",3.1,1765211140.944094
1686,"(652.9666748046875, 3185.12451171875, 3795.037353515625, 286.5350646972656)","(-0.9327158331871033, -0.9327841401100159, 0.9269747138023376, 0.9267387390136719)",3.1,1765211141.1557999
1687,"(671.9102172851562, 3313.298828125, 3781.052490234375, 287.6878356933594)","(-0.934486448764801, -0.9343466758728027, 0.9283551573753357, 0.9281037449836731)",3.1,1765211141.3734882
1688,"(708.522216796875, 3299.745849609375, 4075.446044921875, 288.3672790527344)","(-0.935122013092041, -0.9351850748062134, 0.9303945302963257, 0.9300165772438049)",3.1,1765211141.5890698
1689,"(667.2264404296875, 3263.31298828125, 3709.228271484375, 293.9696044921875)","(-0.9375492930412292, -0.9375158548355103, 0.9311263561248779, 0.9311110973358154)",3.1,1765211141.8068862
1690,"(662.4668579101562, 3415.6591796875, 3522.322021484375, 305.02734375)","(-0.9382964372634888, -0.938458263874054, 0.9326850175857544, 0.932590126991272)",3.1,1765211142.0250666
1691,"(671.4171142578125, 3307.7958984375, 3675.15380859375, 295.53515625)","(-0.9398254156112671, -0.9403539896011353, 0.9340436458587646, 0.9340421557426453)",3.1,1765211142.2455096
1692,"(684.16357421875, 3346.3193359375, 3754.43896484375, 288.72332763671875)","(-0.9415144324302673, -0.9415281414985657, 0.9354831576347351, 0.9355840086936951)",3.1,1765211142.4586806
1693,"(663.7591552734375, 3548.1630859375, 3695.161865234375, 294.995361328125)","(-0.9429602026939392, -0.942727267742157, 0.936761200428009, 0.9372289776802063)",3.1,1765211142.6750042
1694,"(660.9183349609375, 3406.291259765625, 3703.168212890625, 276.07342529296875)","(-0.9441450834274292, -0.9444788694381714, 0.9382086992263794, 0.9382001161575317)",3.1,1765211142.8920782
1695,"(685.329833984375, 3231.5537109375, 3894.115234375, 276.66558837890625)","(-0.9452703595161438, -0.9457927942276001, 0.9393773078918457, 0.9396794438362122)",3.1,1765211143.1099927
1696,"(706.8296508789062, 3812.30322265625, 3352.013916015625, 249.0672607421875)","(-0.9487424492835999, -0.9484509825706482, 0.9425535202026367, 0.9424538612365723)",4.4,1765211143.543672
1697,"(699.4288330078125, 3813.968505859375, 3478.959228515625, 232.19644165039062)","(-0.9497842192649841, -0.9502028226852417, 0.9436883926391602, 0.9432453513145447)",4.4,1765211143.7591662
1698,"(701.0151977539062, 3762.98828125, 3318.30810546875, 240.301513671875)","(-0.9002194404602051, -0.9002411961555481, 0.9452620148658752, 0.9450194239616394)",4.4,1765211143.9774368
1699,"(662.9944458007812, 3851.967041015625, 3082.85302734375, 245.7100067138672)","(-0.9013684391975403, -0.9021309018135071, 0.9465115666389465, 0.9465466737747192)",4.4,1765211144.1951807
1700,"(698.7235107421875, 3776.89697265625, 3143.69091796875, 238.12632751464844)","(-0.9039638638496399, -0.9034567475318909, 0.9473229050636292, 0.9479436874389648)",4.4,1765211144.410716
1701,"(760.5504760742188, 3909.489990234375, 3335.487060546875, 250.84237670898438)","(-0.9061859846115112, -0.9061233997344971, 0.9487797617912292, 0.9484902620315552)",4.4,1765211144.6285133
1702,"(721.9033203125, 3755.4736328125, 3291.888916015625, 257.99603271484375)","(-0.9073854684829712, -0.907687783241272, 0.9012079834938049, 0.9920761585235596)",4.4,1765211144.8439405
1703,"(730.9013061523438, 3866.8984375, 3384.5634765625, 251.94186401367188)","(-0.9090926647186279, -0.9090470671653748, 0.9031959772109985, 0.9031307101249695)",4.4,1765211145.062318
1704,"(735.860595703125, 3676.79931640625, 3515.75634765625, 238.71890258789062)","(-0.911072850227356, -0.9113799333572388, 0.9050131440162659, 0.9050251841545105)",4.4,1765211145.2800362
1705,"(685.53662109375, 3691.3896484375, 3198.50048828125, 236.2017822265625)","(-0.9128165245056152, -0.9129737019538879, 0.9067023396492004, 0.9067003726959229)",4.4,1765211145.495557
1706,"(662.178466796875, 3908.055419921875, 3282.4306640625, 234.72314453125)","(-0.9146305918693542, -0.9146437048912048, 0.9085061550140381, 0.9083327651023865)",4.4,1765211145.714169
1707,"(668.7559814453125, 3743.09765625, 3194.96826171875, 241.54701232910156)","(-0.9169443249702454, -0.9167081713676453, 0.909911036491394, 0.9098339676856995)",4.4,1765211145.9295104
1708,"(669.1488037109375, 3773.316162109375, 3229.8212890625, 237.8502197265625)","(-0.9185491800308228, -0.9183303117752075, 0.9118608832359314, 0.9113076329231262)",4.4,1765211146.1471221
1709,"(640.02880859375, 3671.72705078125, 3071.6923828125, 247.72225952148438)","(-0.9204770922660828, -0.9202142357826233, 0.9132441282272339, 0.9128559827804565)",4.4,1765211146.3654203
1710,"(686.5143432617188, 3790.467041015625, 3232.627685546875, 240.46450805664062)","(-0.9215769171714783, -0.9215564131736755, 0.9148693680763245, 0.9145495295524597)",4.4,1765211146.5809054
1711,"(729.5068359375, 3672.809326171875, 3305.4453125, 250.3400421142578)","(-0.9232861995697021, -0.9233188629150391, 0.9167497158050537, 0.9165354371070862)",4.4,1765211146.7987278
1712,"(713.99072265625, 3641.1611328125, 3100.4404296875, 238.82278442382812)","(-0.9251752495765686, -0.9254428148269653, 0.9186543822288513, 0.9184237718582153)",4.4,1765211147.0142374
1713,"(734.6366577148438, 3590.7470703125, 3102.23583984375, 231.7177734375)","(-0.9272027015686035, -0.9273428916931152, 0.9199311137199402, 0.9197121858596802)",4.4,1765211147.2323895
1714,"(729.9873046875, 3501.83154296875, 2983.34521484375, 218.16278076171875)","(-0.9280626773834229, -0.9281264543533325, 0.9213593602180481, 0.9210147261619568)",4.4,1765211147.451043
1715,"(768.567626953125, 3858.77978515625, 3098.48876953125, 247.46282958984375)","(-0.9296618103981018, -0.9299805760383606, 0.9229819178581238, 0.9229130148887634)",4.4,1765211147.665746
1716,"(745.8068237304688, 4109.01123046875, 2969.15673828125, 270.4869079589844)","(-0.9308631420135498, -1.0007332563400269, 0.9253174066543579, 0.9244521856307983)",4.4,1765211147.8839214
1717,"(770.727783203125, 3865.1630859375, 3038.78564453125, 277.3746032714844)","(-0.9325266480445862, -0.932395875453949, 0.9265541434288025, 0.9266059398651123)",4.4,1765211148.099495
1718,"(764.502685546875, 3799.141845703125, 2978.169189453125, 261.4102783203125)","(-0.9332227110862732, -0.9334349632263184, 0.9279420971870422, 0.928015947341919)",4.4,1765211148.317228
1719,"(781.8631591796875, 3722.5244140625, 2927.332275390625, 245.92617797851562)","(-0.93596351146698, -0.9363271594047546, 0.9295893311500549, 0.9289576411247253)",4.4,1765211148.532775
1720,"(751.1988525390625, 3821.471435546875, 3371.345458984375, 251.6014862060547)","(-0.9366243481636047, -0.9370052218437195, 0.9312915205955505, 0.931028425693512)",4.4,1765211148.7514994
1721,"(757.8784790039062, 3637.75830078125, 3105.9814453125, 240.42501831054688)","(-0.9378189444541931, -0.9380488991737366, 0.9325229525566101, 0.932391345500946)",4.4,1765211148.9692233
1722,"(863.5676879882812, 3726.019287109375, 3142.817626953125, 269.41412353515625)","(-0.9397954344749451, -0.9398240447044373, 0.9336282014846802, 0.933663547039032)",4.4,1765211149.1843896
1723,"(768.7042236328125, 3794.487548828125, 3271.78759765625, 304.359619140625)","(-0.9409672617912292, -0.9988608360290527, 0.9357382655143738, 0.9350324273109436)",4.4,1765211149.4037116
1724,"(872.4027099609375, 3447.030517578125, 3239.40234375, 277.0243225097656)","(-0.9428115487098694, -0.9426533579826355, 0.9364976286888123, 0.9367835521697998)",4.4,1765211149.618104
1725,"(837.2716064453125, 3700.15869140625, 3441.71923828125, 341.231689453125)","(-0.9441869854927063, -0.9446842074394226, 0.9383706450462341, 0.9377362728118896)",4.4,1765211149.8371265
1726,"(783.7149658203125, 3598.83935546875, 3610.056884765625, 275.387451171875)","(-0.9464346766471863, -0.9458509683609009, 0.9391422271728516, 0.9388815760612488)",4.4,1765211150.05827
1727,"(677.517333984375, 3598.623291015625, 3895.30615234375, 255.35089111328125)","(-0.9468873143196106, -0.9468863010406494, 0.9403976202011108, 0.9401289224624634)",4.4,1765211150.2698061
1728,"(658.3783569335938, 4775.39892578125, 2556.23779296875, 338.99432373046875)","(-0.9499430060386658, -0.9503113627433777, 0.9432672262191772, 0.9429588317871094)",6.6,1765211150.704445
1729,"(602.1771850585938, 4696.8466796875, 2832.74609375, 335.7593994140625)","(-0.9003211259841919, -0.9994949698448181, 0.9441455602645874, 0.944076657295227)",6.6,1765211150.9241974
1730,"(596.0689697265625, 4464.890625, 2597.596923828125, 315.2921447753906)","(-0.9021215438842773, -0.9025292992591858, 0.9454096555709839, 0.9450148940086365)",6.6,1765211151.139902
1731,"(616.4793701171875, 4756.8642578125, 2745.49658203125, 327.38861083984375)","(-0.9040930271148682, -0.9039963483810425, 0.9470556378364563, 0.9465848803520203)",6.6,1765211151.3543928
1732,"(591.3237915039062, 4645.9375, 2706.7412109375, 330.3302001953125)","(-0.9056680202484131, -0.9056724309921265, 0.9484992027282715, 0.9480989575386047)",6.6,1765211151.5726347
1733,"(615.2698974609375, 4823.2744140625, 2807.53369140625, 349.9415283203125)","(-0.9070993661880493, -0.9074445366859436, 0.9010545015335083, 0.9007174372673035)",6.6,1765211151.7881124
1734,"(591.600830078125, 4719.794921875, 2707.76611328125, 342.703369140625)","(-0.9094657897949219, -0.9094847440719604, 0.9030358791351318, 0.9025009870529175)",6.6,1765211152.006345
1735,"(591.8922729492188, 4477.08642578125, 2641.870849609375, 328.61053466796875)","(-0.9111323952674866, -0.9115701913833618, 0.9045171737670898, 0.9040443897247314)",6.6,1765211152.224151
1736,"(618.1427001953125, 4743.9072265625, 2631.99462890625, 328.7216491699219)","(-0.9119125008583069, -0.9945740699768066, 0.9067909717559814, 0.9062600135803223)",6.6,1765211152.440892
1737,"(628.0018920898438, 4708.08740234375, 2723.5126953125, 326.709228515625)","(-0.9146464467048645, -0.9148377180099487, 0.9080843925476074, 0.9077038168907166)",6.6,1765211152.6579108
1738,"(643.4270629882812, 4877.1259765625, 2910.605224609375, 349.73138427734375)","(-0.9160003662109375, -0.9159877896308899, 0.9103037118911743, 0.909132719039917)",6.6,1765211152.8729954
1739,"(610.958740234375, 4540.412109375, 2749.403076171875, 332.15875244140625)","(-0.9175717234611511, -0.9179616570472717, 0.9115393161773682, 0.9114588499069214)",6.6,1765211153.091234
1740,"(616.0806884765625, 4719.689453125, 2585.269287109375, 319.30462646484375)","(-0.9200854897499084, -0.9194305539131165, 0.913283109664917, 0.9132435321807861)",6.6,1765211153.3138137
1741,"(621.3966674804688, 4862.7568359375, 2823.5693359375, 343.2279052734375)","(-0.9211413264274597, -0.9219425320625305, 0.9150147438049316, 0.9144293069839478)",6.6,1765211153.527339
1742,"(615.9662475585938, 4598.28271484375, 2870.279052734375, 324.3368225097656)","(-0.922724187374115, -0.9227185845375061, 0.9170450568199158, 0.9163763523101807)",6.6,1765211153.7427664
1743,"(610.4236450195312, 4645.2138671875, 2817.40234375, 329.6201477050781)","(-0.923947811126709, -0.9938924312591553, 0.9183893799781799, 0.9180927872657776)",6.6,1765211153.9587796
1744,"(629.6221923828125, 4635.8154296875, 2776.26904296875, 306.2222900390625)","(-0.9257817268371582, -0.9261816143989563, 0.9194157719612122, 0.9198001027107239)",6.6,1765211154.176776
1745,"(657.9489135742188, 4442.30078125, 3025.65087890625, 294.7283935546875)","(-0.927105724811554, -0.9272586703300476, 0.9214267134666443, 0.9216688871383667)",6.6,1765211154.3915114
1746,"(656.0404663085938, 4540.423828125, 2991.821044921875, 303.9084777832031)","(-0.9290357232093811, -0.929145097732544, 0.9227737784385681, 0.9228435754776001)",6.6,1765211154.6098855
1747,"(642.1686401367188, 4432.330078125, 2833.301513671875, 298.2988586425781)","(-0.9300855994224548, -0.9302138686180115, 0.9247318506240845, 0.9244214296340942)",6.6,1765211154.8291323
1748,"(654.1776733398438, 4543.341796875, 2967.376220703125, 298.304443359375)","(-0.9321798086166382, -0.9323707818984985, 0.9263073205947876, 0.9260297417640686)",6.6,1765211155.0435874
1749,"(653.4373779296875, 4393.6240234375, 2732.482421875, 278.26904296875)","(-0.9333068132400513, -0.9333208799362183, 0.9276529550552368, 0.9276217818260193)",6.6,1765211155.261358
1750,"(626.41748046875, 4860.7021484375, 2517.002197265625, 349.93853759765625)","(-0.9357752799987793, -0.9910450577735901, 0.9291899800300598, 0.9288783669471741)",6.6,1765211155.4775782
1751,"(595.7664794921875, 4721.763671875, 2849.3857421875, 322.52325439453125)","(-0.936839759349823, -0.9367010593414307, 0.931145966053009, 0.9303039312362671)",6.6,1765211155.695128
1752,"(343.73736572265625, 344.1508483886719, 337.23980712890625, 332.8172302246094)","(-0.9377234578132629, -0.9385699033737183, 0.9313622117042542, 0.9322775602340698)",6.6,1765211155.9723845
1753,"(620.1121826171875, 2812.998046875, 341.9154968261719, 329.6873779296875)","(-0.9395661354064941, -0.9400771856307983, 0.9326749444007874, 0.9336263537406921)",6.6,1765211156.1352744
1754,"(584.4522094726562, 4742.5380859375, 2799.85107421875, 333.4310607910156)","(-0.941409707069397, -0.9412863254547119, 0.9356368780136108, 0.9346795082092285)",6.6,1765211156.3466594
1755,"(588.656494140625, 4614.9208984375, 2790.105712890625, 311.53277587890625)","(-0.9418326020240784, -0.942516028881073, 0.9367563724517822, 0.936346709728241)",6.6,1765211156.5622003
1756,"(618.9974365234375, 4709.12744140625, 2700.82568359375, 316.86962890625)","(-0.9447259902954102, -0.9442349076271057, 0.9377570152282715, 0.9374891519546509)",6.6,1765211156.7800093
1757,"(588.1656494140625, 4946.20703125, 2643.97216796875, 337.10595703125)","(-0.9448344707489014, -0.945432186126709, 0.9396247863769531, 0.9387189149856567)",6.6,1765211157.0019932
1758,"(582.44140625, 4596.6083984375, 2731.420654296875, 325.8316650390625)","(-0.9469332098960876, -0.9473580718040466, 0.9408042430877686, 0.9405209422111511)",6.6,1765211157.2139566
1759,"(634.5868530273438, 4744.603515625, 2674.91357421875, 310.27740478515625)","(-0.9487204551696777, -0.9487717151641846, 0.9417186379432678, 0.9421602487564087)",6.6,1765211157.4319403
1760,"(558.7174072265625, 5197.24853515625, 2304.658447265625, 348.46954345703125)","(-0.9503666758537292, -0.9504362940788269, 0.9442330598831177, 0.9444153904914856)",8.2,1765211157.8652463
1761,"(571.304443359375, 4988.4912109375, 2349.1025390625, 301.7335205078125)","(-0.9014094471931458, -0.901080310344696, 0.9457175731658936, 0.9454131126403809)",8.2,1765211158.0830896
1762,"(555.7742919921875, 5051.50927734375, 2309.94677734375, 309.0274353027344)","(-0.9035419225692749, -0.9027051329612732, 0.9467833638191223, 0.946638822555542)",8.2,1765211158.2986202
1763,"(540.4706420898438, 5184.0478515625, 2302.3095703125, 310.75927734375)","(-0.9051722288131714, -0.9052897691726685, 0.9482141137123108, 0.9477097988128662)",8.2,1765211158.5167992
1764,"(548.258056640625, 5067.119140625, 2255.0537109375, 317.59466552734375)","(-0.9069690108299255, -0.9068593382835388, 0.9004392623901367, 0.9002038836479187)",8.2,1765211158.7323031
1765,"(547.0509033203125, 5162.2958984375, 2317.62890625, 313.564453125)","(-0.9089642763137817, -0.9079024791717529, 0.9020195603370667, 0.9016976356506348)",8.2,1765211158.9506183
1766,"(543.22216796875, 5373.2548828125, 2130.7607421875, 323.18206787109375)","(-0.9100603461265564, -0.910028874874115, 0.9040994048118591, 0.9038872718811035)",8.2,1765211159.1683369
1767,"(553.5450439453125, 5195.61328125, 2269.30126953125, 321.07244873046875)","(-0.9119218587875366, -0.9115727543830872, 0.9059257507324219, 0.9055678844451904)",8.2,1765211159.3838594
1768,"(604.1055908203125, 5016.916015625, 2480.43310546875, 376.04986572265625)","(-0.9140806198120117, -0.9134550094604492, 0.9076953530311584, 0.9075912237167358)",8.2,1765211159.6058726
1769,"(531.5972900390625, 5112.53369140625, 2418.275146484375, 354.3736572265625)","(-0.9156761169433594, -0.9156174063682556, 0.9094245433807373, 0.9092082381248474)",8.2,1765211159.8171813
1770,"(530.2970581054688, 5241.423828125, 2544.2998046875, 363.7894287109375)","(-0.9171059131622314, -0.9166868329048157, 0.9112869501113892, 0.9108985066413879)",8.2,1765211160.035407
1771,"(543.8389892578125, 4894.65185546875, 2620.10302734375, 352.58245849609375)","(-0.9193145632743835, -0.9185715317726135, 0.9126848578453064, 0.9125166535377502)",8.2,1765211160.2546616
1772,"(585.6433715820312, 5113.00390625, 2410.780517578125, 375.4420166015625)","(-0.9202199578285217, -0.9207158088684082, 0.9144229292869568, 0.9144064784049988)",8.2,1765211160.4687076
1773,"(575.8731689453125, 5322.748046875, 2349.81640625, 357.6874084472656)","(-0.9223818182945251, -0.9221466779708862, 0.9160708785057068, 0.9158086776733398)",8.2,1765211160.6869698
1774,"(633.1376953125, 5064.93359375, 2548.787353515625, 325.0892639160156)","(-0.9239041209220886, -0.9241828918457031, 0.9178320169448853, 0.9174351692199707)",8.2,1765211160.9039896
1775,"(626.4466552734375, 5081.9482421875, 2593.01123046875, 337.3538818359375)","(-0.9254983067512512, -0.9257132411003113, 0.9195278882980347, 0.9196063876152039)",8.2,1765211161.120397
1776,"(613.7463989257812, 4920.65625, 2358.4873046875, 331.6670837402344)","(-0.9267578125, -0.9268791079521179, 0.9209883213043213, 0.9680877923965454)",8.2,1765211161.3368983
1777,"(594.3992309570312, 5081.6240234375, 2386.35595703125, 300.16033935546875)","(-0.9284220337867737, -0.9289405345916748, 0.9224931001663208, 0.9222783446311951)",8.2,1765211161.5540013
1778,"(588.455322265625, 4911.1435546875, 2491.01123046875, 280.8481750488281)","(-0.9688940048217773, -0.9296694993972778, 0.9241577982902527, 0.9239707589149475)",8.2,1765211161.7718227
1779,"(561.896728515625, 5220.9765625, 2291.4833984375, 284.6857604980469)","(-0.9322156310081482, -0.9313298463821411, 0.9255644679069519, 0.9257087707519531)",8.2,1765211161.9893079
1780,"(569.002197265625, 5253.22412109375, 2408.0380859375, 303.9494934082031)","(-0.9334725737571716, -0.932869017124176, 0.9271877408027649, 0.927468478679657)",8.2,1765211162.205536
1781,"(537.157958984375, 5190.228515625, 2277.547119140625, 291.00048828125)","(-0.9350913763046265, -0.9341591000556946, 0.9291760921478271, 0.9282936453819275)",8.2,1765211162.4210327
1782,"(569.654296875, 5321.916015625, 2252.06884765625, 291.1515808105469)","(-0.9372532963752747, -0.9359138607978821, 0.9304807782173157, 0.9304262399673462)",8.2,1765211162.639004
1783,"(513.850830078125, 4963.30810546875, 2246.0771484375, 307.73651123046875)","(-0.9376693367958069, -0.9373911023139954, 0.9319919943809509, 0.9626188278198242)",8.2,1765211162.8570838
1784,"(429.7987060546875, 5676.9130859375, 1834.88818359375, 363.86968994140625)","(-0.9390870928764343, -0.9400455355644226, 0.9332139492034912, 0.9333795309066772)",8.2,1765211163.0726626
1785,"(580.181884765625, 5203.08203125, 2475.12109375, 286.7116394042969)","(-0.9616632461547852, -0.9398269057273865, 0.9344997406005859, 0.934673011302948)",8.2,1765211163.2904692
1786,"(562.026123046875, 5496.51171875, 2350.37548828125, 330.89947509765625)","(-0.9422566890716553, -0.9423352479934692, 0.9362462162971497, 0.9356845021247864)",8.2,1765211163.5064452
1787,"(541.1010131835938, 5262.22216796875, 2195.85888671875, 313.77850341796875)","(-0.943790078163147, -0.9426953792572021, 0.9376732707023621, 0.9369994401931763)",8.2,1765211163.7241733
1788,"(548.21337890625, 4964.6083984375, 1851.111572265625, 296.5899658203125)","(-0.9445269107818604, -0.9448349475860596, 0.9388387203216553, 0.9382574558258057)",8.2,1765211163.9431317
1789,"(554.35888671875, 5299.14453125, 2071.11865234375, 263.82318115234375)","(-0.9458255767822266, -0.9457743167877197, 0.9399958252906799, 0.9398601651191711)",8.2,1765211164.157444
1790,"(537.4163818359375, 5110.58642578125, 2056.8330078125, 267.632568359375)","(-0.9473508596420288, -0.9476421475410461, 0.9414789080619812, 0.9542379975318909)",8.2,1765211164.375706
1791,"(566.4898681640625, 5281.197265625, 2089.712890625, 240.53077697753906)","(-0.9496423602104187, -0.9485915899276733, 0.9428732395172119, 0.9425734281539917)",8.2,1765211164.5911472
1792,"(437.1271667480469, 5454.5458984375, 1772.681396484375, 262.04132080078125)","(-0.9045534133911133, -0.9041960835456848, 0.9485531449317932, 0.948457658290863)",10.0,1765211165.4610658
1793,"(482.1799011230469, 5783.5634765625, 1805.22216796875, 254.4964141845703)","(-0.9058271050453186, -0.9035577774047852, 0.9002488851547241, 0.949558675289154)",10.2,1765211165.6765146
1794,"(481.82012939453125, 5679.84130859375, 1856.7025146484375, 274.1925354003906)","(-0.9096596837043762, -0.9077573418617249, 0.9019562602043152, 0.9461908340454102)",10.3,1765211165.894298
1795,"(444.39923095703125, 5836.83935546875, 1771.2960205078125, 263.66082763671875)","(-0.9088414311408997, -0.9101813435554504, 0.9039427638053894, 0.902637779712677)",10.4,1765211166.1125157
1796,"(473.1407775878906, 5905.61181640625, 1833.813720703125, 269.52264404296875)","(-0.944194495677948, -0.911260187625885, 0.9525682926177979, 0.9058292508125305)",10.4,1765211166.3276126
1797,"(467.4177551269531, 5623.5810546875, 1720.1544189453125, 257.61212158203125)","(-0.9147459864616394, -0.9133513569831848, 0.9070543646812439, 0.906996488571167)",10.4,1765211166.5458326
1798,"(477.0137939453125, 5757.0869140625, 1862.277099609375, 276.3127136230469)","(-0.9148584008216858, -0.9133242964744568, 0.9097192287445068, 0.9089394807815552)",10.4,1765211166.7613351
1799,"(434.8944091796875, 5684.5830078125, 1903.961669921875, 281.013671875)","(-0.9180172085762024, -0.9169001579284668, 0.9107356071472168, 0.9105576276779175)",10.4,1765211166.9796119
1800,"(513.7860107421875, 5749.064453125, 1840.023193359375, 261.49664306640625)","(-0.9216555953025818, -0.918820858001709, 0.9126419425010681, 0.9118108749389648)",10.4,1765211167.1945765
1801,"(493.3023681640625, 5973.8994140625, 2041.3043212890625, 295.5916748046875)","(-0.9230659604072571, -0.9228980541229248, 0.9143229722976685, 0.9352483749389648)",10.4,1765211167.412884
1802,"(483.0198974609375, 5859.3603515625, 1864.3109130859375, 322.9218444824219)","(-0.9255077838897705, -0.923504650592804, 0.9142603874206543, 0.9137266874313354)",10.4,1765211167.6311193
1803,"(481.87646484375, 5896.16748046875, 2085.78759765625, 316.24334716796875)","(-0.9384422302246094, -0.9243569374084473, 0.9593417048454285, 0.9154202342033386)",10.4,1765211167.8461866
1804,"(416.7816162109375, 5724.9150390625, 1945.04296875, 316.4151611328125)","(-0.9274429082870483, -0.9259637594223022, 0.9174180626869202, 0.9172458052635193)",10.5,1765211168.0645075
1805,"(423.4495849609375, 6104.8125, 1867.8448486328125, 294.80859375)","(-0.9261091947555542, -0.9274656176567078, 0.9212150573730469, 0.9195854067802429)",10.5,1765211168.2810612
1806,"(427.1763916015625, 5731.2978515625, 1907.5814208984375, 289.09814453125)","(-0.9288150668144226, -0.926199734210968, 0.9218615889549255, 0.922497570514679)",10.5,1765211168.49827
1807,"(435.8468322753906, 5417.3359375, 1732.486083984375, 276.2279968261719)","(-0.9308978915214539, -0.9294846057891846, 0.9240450263023376, 0.9238103032112122)",10.5,1765211168.7159646
1808,"(481.212158203125, 5695.5390625, 1434.145751953125, 305.3282165527344)","(-0.9334061145782471, -0.9296925067901611, 0.9259323477745056, 0.9273152947425842)",10.5,1765211168.9364276
1809,"(449.4475402832031, 5920.154296875, 1489.144775390625, 355.098388671875)","(-0.9321999549865723, -0.9353299736976624, 0.9268192648887634, 0.9253440499305725)",10.5,1765211169.1501513
1810,"(463.6748046875, 5867.35546875, 1496.1690673828125, 336.02191162109375)","(-0.9243630766868591, -0.9363083243370056, 0.9677713513374329, 0.928497314453125)",10.5,1765211169.3648138
1811,"(451.41021728515625, 5715.0107421875, 1418.6240234375, 324.90155029296875)","(-0.9353461265563965, -0.9332301020622253, 0.9297091364860535, 0.9298949241638184)",10.5,1765211169.5830286
1812,"(398.9618225097656, 5985.3818359375, 1411.16943359375, 339.38653564453125)","(-0.9403224587440491, -0.9377615451812744, 0.9314070343971252, 0.9309402704238892)",10.5,1765211169.8012798
1813,"(475.9649963378906, 5974.6298828125, 1367.442626953125, 312.3787841796875)","(-0.9403783082962036, -0.9410155415534973, 0.931504487991333, 0.931160032749176)",10.5,1765211170.0167882
1814,"(450.28216552734375, 5901.810546875, 1493.8382568359375, 350.6980895996094)","(-0.9390408396720886, -0.9385659694671631, 0.9325212836265564, 0.9329365491867065)",10.5,1765211170.235714
1815,"(508.5705871582031, 5770.775390625, 1419.1715087890625, 340.28961181640625)","(-0.9449152946472168, -0.9404639601707458, 0.9359968900680542, 0.9170098304748535)",10.5,1765211170.4521716
1816,"(433.844482421875, 5795.83740234375, 1505.935546875, 376.1790771484375)","(-0.9445251226425171, -0.942219078540802, 0.9354027509689331, 0.9369147419929504)",10.5,1765211170.6686826
1817,"(525.706298828125, 5691.0712890625, 1405.5791015625, 304.0947265625)","(-0.9495847821235657, -0.944339394569397, 0.9391103386878967, 0.9375221729278564)",10.5,1765211170.8861961
1818,"(487.510009765625, 5672.357421875, 1599.7236328125, 352.74560546875)","(-0.9481632113456726, -0.9474035501480103, 0.9397723078727722, 0.9375474452972412)",10.5,1765211171.1016428
1819,"(423.4811706542969, 5816.517578125, 1548.552978515625, 305.3233337402344)","(-0.9470762014389038, -0.945639431476593, 0.9411799311637878, 0.941402792930603)",10.5,1765211171.319905
1820,"(419.13623046875, 5692.29541015625, 1558.018310546875, 290.3150634765625)","(-0.9492540955543518, -0.9485597610473633, 0.9426851272583008, 0.9423345923423767)",10.5,1765211171.5365987
1821,"(425.8351135253906, 5673.427734375, 1553.86328125, 278.717041015625)","(-0.9504143595695496, -0.9504566788673401, 0.943985104560852, 0.943777859210968)",10.5,1765211171.7531912
1822,"(409.630615234375, 5958.25537109375, 1480.7705078125, 303.8390808105469)","(-0.9006803631782532, -0.9001337885856628, 0.9448192715644836, 0.9449784755706787)",10.5,1765211171.9714255
1823,"(418.9974670410156, 5704.08203125, 1492.84130859375, 298.73468017578125)","(-0.9026238918304443, -0.9022042751312256, 0.9463268518447876, 0.9464544653892517)",10.5,1765211172.1869295
1824,"(359.7034912109375, 6042.17529296875, 1198.4681396484375, 311.14227294921875)","(-0.9047874212265015, -0.9055466055870056, 0.9477401375770569, 0.9479460716247559)",11.7,1765211172.6244683
1825,"(380.2629089355469, 6144.6533203125, 1194.9979248046875, 291.14703369140625)","(-0.9092051982879639, -0.9073529839515686, 0.9011686444282532, 0.901110827922821)",11.8,1765211172.8419359
1826,"(371.21246337890625, 6259.40234375, 1317.176513671875, 302.6278381347656)","(-1.001676321029663, -0.9083996415138245, 0.9031630754470825, 0.9032328128814697)",11.8,1765211173.053893
1827,"(401.960205078125, 6095.70654296875, 1208.598876953125, 288.5874328613281)","(-0.911342203617096, -0.9104107022285461, 0.9045649170875549, 0.9047085642814636)",11.8,1765211173.2728493
1828,"(399.90838623046875, 6662.11181640625, 1237.4969482421875, 329.38104248046875)","(-0.9140733480453491, -0.914535641670227, 0.9066130518913269, 0.9059302806854248)",11.8,1765211173.4900303
1829,"(387.90509033203125, 6310.6455078125, 1258.994384765625, 321.6346130371094)","(-0.9156290292739868, -0.9163475632667542, 0.9078538417816162, 0.907795250415802)",11.8,1765211173.7055864
1830,"(361.3056640625, 6426.88427734375, 1260.87109375, 324.2557373046875)","(-0.9156805276870728, -0.9159542918205261, 0.9100666642189026, 0.9098023176193237)",11.8,1765211173.923377
1831,"(358.9893798828125, 6560.9990234375, 1165.541015625, 343.08892822265625)","(-0.9163259267807007, -0.9957118034362793, 0.9119965434074402, 0.9117419123649597)",11.8,1765211174.1388695
1832,"(420.8818054199219, 6358.5283203125, 1212.6025390625, 325.8175048828125)","(-0.9222059845924377, -0.9196439385414124, 0.9135267734527588, 0.9130184054374695)",11.8,1765211174.3598363
1833,"(395.26141357421875, 5780.40576171875, 1293.72509765625, 332.4007568359375)","(-0.9242502450942993, -0.9230024814605713, 0.9146210551261902, 0.9137789607048035)",11.8,1765211174.5780277
1834,"(365.6668701171875, 6379.3857421875, 1253.3760986328125, 321.91705322265625)","(-0.9261518120765686, -0.9218040108680725, 0.9154475927352905, 0.9155035018920898)",11.8,1765211174.7903771
1835,"(378.662353515625, 5978.6103515625, 1230.5523681640625, 308.68316650390625)","(-0.927207887172699, -0.9267160892486572, 0.9171503782272339, 0.9166255593299866)",11.8,1765211175.0086057
1836,"(392.1448669433594, 6142.814453125, 1198.846923828125, 298.40130615234375)","(-0.9289331436157227, -0.9291459321975708, 0.9202277660369873, 0.918896496295929)",11.8,1765211175.2251709
1837,"(374.12506103515625, 6313.259765625, 1336.2138671875, 334.1348571777344)","(-0.9269568920135498, -0.9264475107192993, 0.9207024574279785, 0.9196639657020569)",11.8,1765211175.4431467
1838,"(366.35968017578125, 6235.71044921875, 1242.479736328125, 338.92352294921875)","(-0.9306998252868652, -0.9950706362724304, 0.9239278435707092, 0.9238561987876892)",11.8,1765211175.6601493
1839,"(383.79510498046875, 6047.5224609375, 1262.6270751953125, 335.86346435546875)","(-0.9333000183105469, -0.9325752258300781, 0.9243307709693909, 0.9240452647209167)",11.8,1765211175.8756878
1840,"(384.71307373046875, 6287.396484375, 1243.92236328125, 341.7589111328125)","(-0.9355716705322266, -0.9318695068359375, 0.9246914982795715, 0.9250869154930115)",11.8,1765211176.0935159
1841,"(410.166015625, 6272.40234375, 1251.868408203125, 315.7115478515625)","(-0.9323759078979492, -0.9332672357559204, 0.9288736581802368, 0.9292471408843994)",11.8,1765211176.3090005
1842,"(358.2485656738281, 6678.0810546875, 1292.0706787109375, 353.9483642578125)","(-0.9408609867095947, -0.9342052936553955, 0.9284810423851013, 0.927885890007019)",11.8,1765211176.527192
1843,"(374.5528564453125, 5917.7939453125, 1160.08154296875, 309.49114990234375)","(-0.9341240525245667, -0.9333608150482178, 0.9327971339225769, 0.9333248138427734)",11.8,1765211176.7454398
1844,"(383.6985168457031, 6242.05859375, 1240.627197265625, 339.2259521484375)","(-0.9378362894058228, -0.9380068778991699, 0.933695912361145, 0.9324801564216614)",11.8,1765211176.9611804
1845,"(380.5064697265625, 6538.646484375, 1246.874755859375, 344.7638854980469)","(-0.9429105520248413, -0.9988957643508911, 0.9338147640228271, 0.9328606128692627)",11.8,1765211177.1787164
1846,"(390.873046875, 6637.2763671875, 1280.2353515625, 353.0958557128906)","(-0.937778115272522, -0.9401113986968994, 0.9339863657951355, 0.9327479004859924)",11.8,1765211177.394238
1847,"(395.53387451171875, 6320.77587890625, 1274.5328369140625, 343.2799377441406)","(-0.9398198127746582, -0.9420537352561951, 0.9385805130004883, 0.9383262395858765)",11.8,1765211177.612111
1848,"(338.1365966796875, 5641.25146484375, 1288.166015625, 322.65216064453125)","(-0.9477046728134155, -0.9452520608901978, 0.9394609928131104, 0.9386956095695496)",11.8,1765211177.8337073
1849,"(370.5838623046875, 6066.6513671875, 1246.1376953125, 313.0187072753906)","(-0.9484875798225403, -0.9474347233772278, 0.9382822513580322, 0.9378489851951599)",11.8,1765211178.0490801
1850,"(346.1734313964844, 6026.9736328125, 1247.023681640625, 323.6048278808594)","(-0.9431981444358826, -0.9472833275794983, 0.9397791624069214, 0.9391316175460815)",11.8,1765211178.264714
1851,"(343.75311279296875, 341.1142578125, 337.29071044921875, 325.42431640625)","(-0.9512410759925842, -0.9505290389060974, 0.9413092732429504, 0.9436666965484619)",11.8,1765211178.550176
1852,"(6487.51611328125, 1301.498779296875, 343.2923583984375, 335.4426574707031)","(-0.9501729607582092, -0.9462509751319885, 0.9452794194221497, 0.9419859647750854)",11.8,1765211178.7120554
1853,"(350.06292724609375, 5897.158203125, 1173.119384765625, 325.1894226074219)","(-0.9013715386390686, -0.9495964646339417, 0.9427521824836731, 0.9433091878890991)",11.8,1765211178.917725
1854,"(356.68939208984375, 6585.53759765625, 1206.1207275390625, 341.5230407714844)","(-0.9019212126731873, -0.9000262022018433, 0.9460141062736511, 0.9468762874603271)",11.8,1765211179.1333702
1855,"(353.42132568359375, 5848.041015625, 1200.758056640625, 327.47064208984375)","(-0.905314564704895, -0.9020276665687561, 0.9467021226882935, 0.9476759433746338)",11.8,1765211179.3492777
1856,"(307.1332092285156, 7102.7470703125, 991.5974731445312, 342.3190612792969)","(-0.9075985550880432, -0.9034523963928223, 0.9022489190101624, 0.9022656083106995)",13.5,1765211179.789053
1857,"(338.6004638671875, 6605.77099609375, 931.69091796875, 284.85272216796875)","(-0.9061840176582336, -0.906400203704834, 0.9032092690467834, 0.9037655591964722)",13.7,1765211179.998602
1858,"(283.3216552734375, 6931.3037109375, 961.702880859375, 315.1861572265625)","(-0.9075519442558289, -1.001391053199768, 0.9052924513816833, 0.9044288992881775)",13.7,1765211180.2160032
1859,"(287.50372314453125, 6025.00732421875, 817.8507690429688, 263.7801513671875)","(-0.9140395522117615, -0.9143957495689392, 0.9068647623062134, 0.9063252806663513)",13.7,1765211180.4347591
1860,"(311.37762451171875, 7118.4052734375, 898.3276977539062, 293.5628662109375)","(-0.9118906259536743, -0.9136802554130554, 0.9069769382476807, 0.9069291353225708)",13.7,1765211180.649276
1861,"(322.3515625, 7117.63427734375, 921.0543212890625, 291.07159423828125)","(-0.9139277338981628, -0.9158855676651001, 0.9107941389083862, 0.9097121953964233)",13.7,1765211180.8675346
1862,"(301.7219543457031, 6653.41015625, 923.2445678710938, 308.0322570800781)","(-0.9143812656402588, -0.9268804788589478, 0.9109290242195129, 0.9104481339454651)",13.7,1765211181.0840673
1863,"(277.71875, 6703.94140625, 886.72900390625, 296.61444091796875)","(-0.9165884852409363, -0.922707736492157, 0.914812445640564, 0.9140051007270813)",13.8,1765211181.3039236
1864,"(289.58575439453125, 6064.95556640625, 861.0723266601562, 274.02734375)","(-0.9187614917755127, -0.9201887845993042, 0.9163938164710999, 0.9159640669822693)",13.8,1765211181.5190833
1865,"(276.0329895019531, 6910.2099609375, 900.2883911132812, 301.7449035644531)","(-0.9245798587799072, -0.9987978339195251, 0.916853666305542, 0.9161643981933594)",13.8,1765211181.735136
1866,"(300.519775390625, 6268.55908203125, 859.0545654296875, 286.369873046875)","(-0.9238148331642151, -0.9231666922569275, 0.9175569415092468, 0.9166306257247925)",13.8,1765211181.9536626
1867,"(299.1168212890625, 6878.669921875, 950.8414306640625, 300.1593933105469)","(-0.9269865155220032, -0.9219502806663513, 0.9197126030921936, 0.9210360646247864)",13.8,1765211182.1678443
1868,"(326.661865234375, 6400.509765625, 911.8255615234375, 297.1241455078125)","(-0.9245573878288269, -0.923775851726532, 0.9223978519439697, 0.9230214953422546)",13.8,1765211182.386132
1869,"(267.72589111328125, 6624.2333984375, 916.8990478515625, 318.96990966796875)","(-0.9280037879943848, -0.9339873194694519, 0.9242314696311951, 0.9224853515625)",13.8,1765211182.604316
1870,"(285.8674011230469, 6272.7197265625, 865.188720703125, 292.51226806640625)","(-0.9284892678260803, -0.9294045567512512, 0.9263445734977722, 0.9262007474899292)",13.8,1765211182.8209062
1871,"(289.71307373046875, 6906.494140625, 918.7889404296875, 289.5096435546875)","(-0.9314386248588562, -0.9301658272743225, 0.9265533685684204, 0.926051676273346)",13.8,1765211183.0376368
1872,"(265.0993957519531, 6697.1435546875, 952.1771240234375, 307.0067443847656)","(-0.9361319541931152, -0.9990234375, 0.9269831776618958, 0.9265615940093994)",13.8,1765211183.2542229
1873,"(276.5167236328125, 6315.90283203125, 886.0272827148438, 292.0570983886719)","(-0.9325978755950928, -0.93310546875, 0.9301002025604248, 0.9303799271583557)",13.8,1765211183.4739769
1874,"(280.4007568359375, 6568.939453125, 919.6053466796875, 280.40911865234375)","(-0.9356669783592224, -0.9347255825996399, 0.9315616488456726, 0.9315759539604187)",13.8,1765211183.6891835
1875,"(267.12060546875, 6282.494140625, 904.4052734375, 287.6861877441406)","(-0.9423261284828186, -0.9366502165794373, 0.9310436844825745, 0.9307625889778137)",13.8,1765211183.9046338
1876,"(276.0581970214844, 6136.5029296875, 870.0999145507812, 289.6047058105469)","(-0.9373248815536499, -0.939393162727356, 0.9356227517127991, 0.9355512857437134)",13.8,1765211184.1230035
1877,"(322.49029541015625, 6431.79296875, 919.5693359375, 299.040283203125)","(-0.943518340587616, -0.9393117427825928, 0.9338457584381104, 0.9337605237960815)",13.8,1765211184.33962
1878,"(277.23980712890625, 6695.4482421875, 1012.9534912109375, 329.2171936035156)","(-0.9459900856018066, -0.9429401159286499, 0.9377451539039612, 0.9375336766242981)",13.8,1765211184.556207
1879,"(301.2301025390625, 7265.6962890625, 858.4132080078125, 295.2781982421875)","(-0.9420261383056641, -0.9427576661109924, 0.939106822013855, 0.9387487769126892)",13.8,1765211184.77446
1880,"(284.28546142578125, 6656.1279296875, 946.422607421875, 315.3507080078125)","(-0.9412710666656494, -0.950192928314209, 0.9374634027481079, 0.9376032948493958)",13.8,1765211184.9900064
1881,"(276.375, 5999.4375, 971.978759765625, 301.2315673828125)","(-0.9481092095375061, -0.9434146881103516, 0.9386535882949829, 0.9384704828262329)",13.8,1765211185.207768
1882,"(261.07757568359375, 6165.08056640625, 913.6607666015625, 291.1863098144531)","(-0.9526190161705017, -0.9509428143501282, 0.9415273070335388, 0.9415609836578369)",13.8,1765211185.4234107
1883,"(271.68255615234375, 6352.275390625, 901.0809326171875, 301.99554443359375)","(-0.9480677247047424, -0.9450557827949524, 0.9427525401115417, 0.942474365234375)",13.8,1765211185.6415234
1884,"(285.88677978515625, 6224.5771484375, 916.29541015625, 301.14483642578125)","(-0.9016815423965454, -0.9515545964241028, 0.9444454908370972, 0.9443261027336121)",13.8,1765211185.856741
1885,"(271.6138000488281, 6551.3916015625, 909.98095703125, 305.7813720703125)","(-0.9460896253585815, -0.948596179485321, 0.9468942880630493, 0.9472470283508301)",13.8,1765211186.0748096
1886,"(251.09193420410156, 6597.8359375, 869.3585205078125, 309.5050964355469)","(-0.9045964479446411, -0.9004178643226624, 0.9447919130325317, 0.9443377256393433)",13.8,1765211186.2930863
1887,"(260.6823425292969, 6252.224609375, 850.429931640625, 292.8863525390625)","(-0.907093346118927, -0.9069517850875854, 0.9465057253837585, 0.9464878439903259)",13.8,1765211186.5092573
1888,"(204.71585083007812, 7196.6064453125, 604.4808959960938, 248.79339599609375)","(-0.9116623401641846, -0.9064972996711731, 0.9026167392730713, 0.9026864171028137)",15.4,1765211186.9431524
1889,"(232.51113891601562, 6865.0166015625, 635.7791137695312, 208.5570526123047)","(-0.9089258909225464, -0.9102843403816223, 0.9052456021308899, 0.9053419828414917)",15.4,1765211187.1605895
1890,"(218.91146850585938, 6864.35595703125, 762.2823486328125, 210.9396514892578)","(-0.9162172675132751, -0.9108231067657471, 0.9048987627029419, 0.9048513174057007)",15.4,1765211187.3779924
1891,"(199.43704223632812, 6636.171875, 733.4712524414062, 220.48716735839844)","(-0.911190390586853, -0.9185389280319214, 0.9091259241104126, 0.9092756509780884)",15.4,1765211187.59335
1892,"(222.73928833007812, 7401.58154296875, 866.802978515625, 244.40267944335938)","(-0.9147118330001831, -0.9183523654937744, 0.9088540077209473, 0.9088609218597412)",15.4,1765211187.81171
1893,"(177.82846069335938, 7024.69140625, 959.6962890625, 262.3201904296875)","(-0.9140937924385071, -0.9163904190063477, 0.9689708948135376, 0.9102362990379333)",15.4,1765211188.0272183
1894,"(202.9422149658203, 6642.51123046875, 798.84765625, 262.7986755371094)","(-0.9164261221885681, -0.9176083207130432, 0.9118865132331848, 0.9115827083587646)",15.4,1765211188.2487679
1895,"(198.80160522460938, 6868.3291015625, 765.4268798828125, 282.89324951171875)","(-0.9177458882331848, -0.9237021207809448, 0.9132307767868042, 0.9132530093193054)",15.4,1765211188.4632022
1896,"(204.96524047851562, 6549.21728515625, 861.73828125, 250.0588836669922)","(-0.9214093685150146, -0.9211865067481995, 0.9152138233184814, 0.9148695468902588)",15.4,1765211188.6788929
1897,"(240.6439208984375, 6930.2666015625, 881.6422729492188, 254.3704376220703)","(-0.9204496145248413, -0.9210577011108398, 0.9197144508361816, 0.9198132753372192)",15.4,1765211188.896571
1898,"(224.1051025390625, 6817.46435546875, 948.642578125, 283.8406066894531)","(-0.9292967915534973, -0.9299523234367371, 0.920438826084137, 0.9330855011940002)",15.4,1765211189.1121325
1899,"(221.38772583007812, 7421.2607421875, 947.4814453125, 271.83843994140625)","(-0.9248385429382324, -0.9250189065933228, 0.9227270483970642, 0.9227012395858765)",15.4,1765211189.3303216
1900,"(239.27047729492188, 6591.5205078125, 976.0220336914062, 249.3751220703125)","(-0.9970226883888245, -0.9357634782791138, 0.9217392206192017, 0.9214001297950745)",15.4,1765211189.548469
1901,"(195.09912109375, 6940.119140625, 939.459716796875, 261.0996398925781)","(-0.9273297786712646, -0.929547131061554, 0.9238876700401306, 0.9235578775405884)",15.4,1765211189.7636588
1902,"(178.45001220703125, 6597.63330078125, 894.9443359375, 237.38803100585938)","(-0.9366545677185059, -0.932491660118103, 0.9252035021781921, 0.9248095154762268)",15.4,1765211189.9819095
1903,"(191.9434051513672, 6498.20947265625, 871.6114501953125, 240.01206970214844)","(-0.9304910898208618, -0.9302477240562439, 0.928240954875946, 0.9282554388046265)",15.4,1765211190.197355
1904,"(195.57589721679688, 7097.38427734375, 863.1527099609375, 238.3866729736328)","(-0.9329628348350525, -0.9329466819763184, 0.9299391508102417, 0.929132878780365)",15.4,1765211190.4151576
1905,"(179.95437622070312, 6888.39208984375, 833.4742431640625, 247.57034301757812)","(-0.9413950443267822, -0.9381932616233826, 0.9297995567321777, 0.984844982624054)",15.4,1765211190.6333966
1906,"(197.34817504882812, 6365.36962890625, 844.5185546875, 227.6297607421875)","(-0.9343351125717163, -0.9342382550239563, 0.9339472651481628, 0.9340315461158752)",15.4,1765211190.8488536
1907,"(208.5695343017578, 6784.78759765625, 909.0785522460938, 236.4683380126953)","(-0.983686089515686, -0.9371994733810425, 0.9340309500694275, 0.9339081048965454)",15.4,1765211191.0666869
1908,"(186.00424194335938, 6242.552734375, 886.144287109375, 231.20437622070312)","(-0.9458243250846863, -0.9423370361328125, 0.9337552189826965, 0.9335139393806458)",15.4,1765211191.2822046
1909,"(221.9833526611328, 6700.224609375, 872.817626953125, 229.12722778320312)","(-0.9461174607276917, -0.9427464604377747, 0.9348121881484985, 0.9349067807197571)",15.4,1765211191.5006726
1910,"(186.65151977539062, 6746.8017578125, 883.0323486328125, 246.87112426757812)","(-0.9395601153373718, -0.9417397975921631, 0.9376522898674011, 0.9374605417251587)",15.4,1765211191.7186575
1911,"(191.49050903320312, 6754.17578125, 837.1236572265625, 245.51275634765625)","(-0.9413290619850159, -0.9431430101394653, 0.9405068755149841, 0.9407612681388855)",15.4,1765211191.9350948
1912,"(188.8142547607422, 6224.3486328125, 815.68359375, 252.3660888671875)","(-0.9455850124359131, -0.9472518563270569, 0.9411811828613281, 0.983092188835144)",15.4,1765211192.1519475
1913,"(192.91346740722656, 6599.5361328125, 878.7818603515625, 243.24163818359375)","(-0.9515148401260376, -0.9462113976478577, 0.9414183497428894, 0.9410596489906311)",15.4,1765211192.367468
1914,"(194.74961853027344, 6465.091796875, 884.9613647460938, 243.458251953125)","(-0.9878838062286377, -0.9459108710289001, 0.9425901174545288, 0.9427562355995178)",15.4,1765211192.585244
1915,"(216.91213989257812, 6495.2021484375, 849.8310546875, 232.0190887451172)","(-0.9509453773498535, -0.9488399624824524, 0.9436923861503601, 0.9440614581108093)",15.4,1765211192.800769
1916,"(206.03997802734375, 6600.2431640625, 899.9983520507812, 246.37905883789062)","(-0.9002093076705933, -0.9004122614860535, 0.9454873204231262, 0.9452268481254578)",15.4,1765211193.0201087
1917,"(220.9183349609375, 7172.9912109375, 837.5758056640625, 233.66848754882812)","(-0.9040740728378296, -0.9017481803894043, 0.9470078945159912, 0.9467588067054749)",15.4,1765211193.2372258
1918,"(195.33770751953125, 7184.685546875, 908.15185546875, 254.0142822265625)","(-0.9065804481506348, -0.9030587673187256, 0.9478741884231567, 0.9477329254150391)",15.4,1765211193.4531612
1919,"(228.3184051513672, 6682.31689453125, 901.96923828125, 250.09259033203125)","(-0.9062559008598328, -0.9048647284507751, 0.9004061818122864, 0.9779223203659058)",15.4,1765211193.670591
1920,"(124.92945098876953, 7368.0712890625, 697.264404296875, 205.47744750976562)","(-0.9089272618293762, -0.9131124019622803, 0.9067714810371399, 0.9067511558532715)",17.2,1765211194.3222215
1921,"(145.7916259765625, 6990.2060546875, 597.1007690429688, 177.04222106933594)","(-0.9117164611816406, -0.9132868647575378, 0.9061064720153809, 0.9060984253883362)",17.2,1765211194.538136
1922,"(149.2095947265625, 7333.38623046875, 652.7698364257812, 198.97828674316406)","(-0.9122008085250854, -0.919315755367279, 0.9084168672561646, 0.90855872631073)",17.3,1765211194.7598996
1923,"(132.43582153320312, 6813.9404296875, 652.833984375, 199.89837646484375)","(-0.916663408279419, -0.9189451336860657, 0.909652590751648, 0.9098712801933289)",17.3,1765211194.9727278
1924,"(201.28762817382812, 203.18431091308594, 198.36117553710938, 195.7904052734375)","(-0.9191219210624695, -0.915477454662323, 0.9131290316581726, 0.9106242656707764)",17.3,1765211195.235243
1925,"(119.59698486328125, 6576.9658203125, 626.82275390625, 197.25482177734375)","(-0.9231048822402954, -0.9164541959762573, 0.9151924252510071, 0.9144988059997559)",17.3,1765211195.407368
1926,"(137.48046875, 6878.271484375, 574.5958251953125, 184.0412139892578)","(-0.9722018241882324, -0.9239799380302429, 0.9173195958137512, 0.9175662398338318)",17.3,1765211195.6224487
1927,"(121.55628967285156, 6804.61083984375, 614.0989990234375, 193.7354278564453)","(-0.9270011782646179, -0.9199634194374084, 0.9176374077796936, 0.9172055125236511)",17.3,1765211195.840686
1928,"(135.74050903320312, 6923.9814453125, 586.1135864257812, 183.21942138671875)","(-0.9231476783752441, -0.9280099272727966, 0.9205797910690308, 0.9210572242736816)",17.3,1765211196.0562098
1929,"(150.89077758789062, 6813.75390625, 590.7713623046875, 190.22279357910156)","(-0.9277624487876892, -0.9274751543998718, 0.9189991354942322, 0.9193276762962341)",17.3,1765211196.275409
1930,"(153.9125518798828, 7278.19580078125, 661.1796875, 205.10787963867188)","(-0.9290185570716858, -0.9313997626304626, 0.9228352308273315, 0.9234964847564697)",17.3,1765211196.4922626
1931,"(140.22210693359375, 7019.05859375, 664.764404296875, 219.9346466064453)","(-0.9338124990463257, -0.9280232787132263, 0.9223040342330933, 0.961828887462616)",17.3,1765211196.7077324
1932,"(144.34754943847656, 7099.3857421875, 636.6756591796875, 198.04373168945312)","(-0.9350897073745728, -0.9372915029525757, 0.927737832069397, 0.9273656010627747)",17.3,1765211196.9273756
1933,"(130.76646423339844, 6866.53125, 666.353515625, 211.22854614257812)","(-0.960314929485321, -0.9370543360710144, 0.9284113645553589, 0.9281601309776306)",17.3,1765211197.1410544
1934,"(148.0461883544922, 7324.6171875, 591.1587524414062, 177.09524536132812)","(-0.9329751133918762, -0.9378488659858704, 0.927797794342041, 0.9278836846351624)",17.3,1765211197.3593242
1935,"(145.59938049316406, 7204.2666015625, 633.3614501953125, 199.07540893554688)","(-0.9319234490394592, -0.9381573796272278, 0.9289379715919495, 0.9288464784622192)",17.3,1765211197.577506
1936,"(148.275146484375, 7142.302734375, 644.3743896484375, 200.6355743408203)","(-0.9343690872192383, -0.942895233631134, 0.9328871369361877, 0.9319398999214172)",17.3,1765211197.7930012
1937,"(153.52679443359375, 7185.2177734375, 646.0927734375, 206.1376495361328)","(-0.9390274286270142, -0.9424421787261963, 0.9320521950721741, 0.9318497180938721)",17.3,1765211198.0118532
1938,"(154.47750854492188, 7358.3544921875, 663.4296875, 212.90606689453125)","(-0.9414637684822083, -0.9445175528526306, 0.9339872002601624, 0.9594724774360657)",17.3,1765211198.2262735
1939,"(141.328369140625, 7093.83203125, 653.4571533203125, 210.56698608398438)","(-0.9463862180709839, -0.9425984025001526, 0.9335700273513794, 0.9337000846862793)",17.3,1765211198.4451354
1940,"(141.44940185546875, 7119.5244140625, 651.5003662109375, 197.08494567871094)","(-0.9599158763885498, -0.9383161067962646, 0.9373143315315247, 0.9367440342903137)",17.3,1765211198.6597521
1941,"(148.82276916503906, 6899.12255859375, 599.5435180664062, 187.21121215820312)","(-0.9419930577278137, -0.9437811374664307, 0.9405381679534912, 0.9410027265548706)",17.3,1765211198.8778183
1942,"(136.8621063232422, 7404.1826171875, 601.57177734375, 203.79852294921875)","(-0.9453886151313782, -0.9406753182411194, 0.9400548934936523, 0.9387867450714111)",17.3,1765211199.096117
1943,"(137.87265014648438, 6836.4052734375, 596.9354248046875, 190.3340301513672)","(-0.9474443197250366, -0.9474011063575745, 0.9423618316650391, 0.9434273838996887)",17.3,1765211199.3116267
1944,"(126.1748275756836, 6810.298828125, 626.66845703125, 193.38214111328125)","(-0.9487206339836121, -0.9450058341026306, 0.9429047703742981, 0.9430508613586426)",17.3,1765211199.5304039
1945,"(127.4292984008789, 6934.15234375, 519.1350708007812, 187.1135711669922)","(-0.9465591907501221, -0.900539755821228, 0.9421161413192749, 0.9434441328048706)",17.3,1765211199.7457829
1946,"(136.3019561767578, 6691.7314453125, 567.516357421875, 190.34268188476562)","(-0.9467242956161499, -0.9045038819313049, 0.9431833624839783, 0.9428810477256775)",17.3,1765211199.9631882
1947,"(132.11276245117188, 6930.55419921875, 601.8983154296875, 201.75466918945312)","(-0.9018888473510742, -0.9019542932510376, 0.9439463019371033, 0.9440311789512634)",17.3,1765211200.1809824
1948,"(121.88099670410156, 6556.322265625, 557.903076171875, 194.3893280029297)","(-0.9016262888908386, -0.9016308188438416, 0.9485886096954346, 0.9477286338806152)",17.3,1765211200.3964577
1949,"(134.91400146484375, 6825.3583984375, 551.22216796875, 197.81451416015625)","(-0.9074211716651917, -0.902999758720398, 0.9480592608451843, 0.9473884701728821)",17.3,1765211200.614792
1950,"(131.7384033203125, 7076.8310546875, 625.0966796875, 209.17776489257812)","(-0.9057179093360901, -0.9070801734924316, 0.9015891551971436, 0.9014390707015991)",17.3,1765211200.830269
1951,"(7598.3173828125, 595.79443359375, 217.06463623046875, 213.40933227539062)","(-0.9113990068435669, -0.910718560218811, 0.9048835039138794, 0.9022405743598938)",17.3,1765211201.0744605
1952,"(93.014404296875, 7776.29931640625, 444.35546875, 209.77035522460938)","(-0.9155989289283752, -0.9120099544525146, 0.9102091193199158, 0.9092653393745422)",19.0,1765211201.7028337
1953,"(82.37525939941406, 7173.35205078125, 407.7754211425781, 210.78570556640625)","(-0.9167945981025696, -0.917975664138794, 0.9102381467819214, 0.9108953475952148)",19.0,1765211201.9151778
1954,"(87.61349487304688, 7366.66650390625, 418.35845947265625, 201.38099670410156)","(-0.9162288308143616, -0.9164723753929138, 0.9137393832206726, 0.9131900668144226)",19.0,1765211202.1342669
1955,"(85.13156127929688, 7414.30712890625, 445.83624267578125, 200.39578247070312)","(-0.9224323630332947, -0.9169166684150696, 0.9141135215759277, 0.9129842519760132)",19.0,1765211202.351139
1956,"(76.22857666015625, 6653.2021484375, 399.0091857910156, 193.4430694580078)","(-0.9191243648529053, -0.922870934009552, 0.9158865809440613, 0.9162340760231018)",19.0,1765211202.5667274
1957,"(85.03089904785156, 7348.685546875, 400.34747314453125, 192.356689453125)","(-0.9214143753051758, -0.9197937846183777, 0.9181491732597351, 0.9169697165489197)",19.0,1765211202.7848806
1958,"(82.883544921875, 7757.9580078125, 417.073974609375, 216.8669891357422)","(-0.928253173828125, -0.9264962673187256, 0.9171583652496338, 0.9173235297203064)",19.0,1765211203.0003986
1959,"(85.44845581054688, 7645.6611328125, 438.2594299316406, 220.03128051757812)","(-0.927229642868042, -0.9276742339134216, 0.921363115310669, 0.9218177199363708)",19.0,1765211203.2182271
1960,"(84.47938537597656, 8085.92578125, 413.7691345214844, 235.60995483398438)","(-0.9296424388885498, -0.9734081625938416, 0.9221851229667664, 0.9233084321022034)",19.0,1765211203.4376824
1961,"(84.77713012695312, 7870.3935546875, 426.8194580078125, 226.72091674804688)","(-0.9274550080299377, -0.9283761382102966, 0.925291121006012, 0.9244892001152039)",19.0,1765211203.651882
1962,"(84.00203704833984, 7306.15185546875, 445.06414794921875, 225.18807983398438)","(-0.9315826296806335, -0.929161012172699, 0.9261187314987183, 0.9256421327590942)",19.0,1765211203.8697278
1963,"(70.19056701660156, 7304.15380859375, 394.88775634765625, 205.07034301757812)","(-0.9342522621154785, -0.9318552613258362, 0.9267611503601074, 0.9262769222259521)",19.0,1765211204.0852506
1964,"(71.2083969116211, 6687.7138671875, 370.7896728515625, 192.70948791503906)","(-0.933091402053833, -0.9356482028961182, 0.9295200705528259, 0.9297823905944824)",19.0,1765211204.3034918
1965,"(67.89892578125, 6435.3359375, 384.3152770996094, 187.42295837402344)","(-0.9344967007637024, -0.9373518228530884, 0.9231919050216675, 0.9307478666305542)",19.0,1765211204.5217464
1966,"(80.5929183959961, 7602.49853515625, 371.513427734375, 197.43167114257812)","(-0.9381716847419739, -0.9424556493759155, 0.9324602484703064, 0.9325380325317383)",19.0,1765211204.7368731
1967,"(86.20574951171875, 8049.7939453125, 383.8716125488281, 230.7203369140625)","(-0.9364210367202759, -0.9747906923294067, 0.9340121150016785, 0.9335991740226746)",19.0,1765211204.9556327
1968,"(84.24004364013672, 7728.5087890625, 393.113037109375, 219.57000732421875)","(-0.9436376690864563, -0.9398238658905029, 0.9334760308265686, 0.9330260157585144)",19.0,1765211205.1705513
1969,"(87.06031799316406, 7875.1474609375, 416.55419921875, 230.5305938720703)","(-0.9422724843025208, -0.9434325098991394, 0.9361296892166138, 0.9369842410087585)",19.0,1765211205.3884366
1970,"(82.1832046508789, 7541.93212890625, 395.8592529296875, 217.22059631347656)","(-0.941400945186615, -0.9409613013267517, 0.9385051131248474, 0.9385033249855042)",19.0,1765211205.6037927
1971,"(80.51766967773438, 7634.83154296875, 399.5126953125, 216.39862060546875)","(-0.9461202025413513, -0.9426663517951965, 0.9381449222564697, 0.9376707077026367)",19.0,1765211205.8220854
1972,"(75.38984680175781, 7139.349609375, 427.6150817871094, 210.07127380371094)","(-0.9472739696502686, -0.9468083381652832, 0.9100174307823181, 0.9397221803665161)",19.0,1765211206.0403707
1973,"(81.68943786621094, 7621.1552734375, 406.460693359375, 223.3802947998047)","(-0.9467936754226685, -0.9477044939994812, 0.9412232637405396, 0.942014217376709)",19.0,1765211206.259484
1974,"(77.24957275390625, 7769.4794921875, 421.87750244140625, 232.46112060546875)","(-0.9475042819976807, -0.979982316493988, 0.9437352418899536, 0.9429378509521484)",19.0,1765211206.4736104
1975,"(71.04437255859375, 7284.6083984375, 384.141357421875, 211.53369140625)","(-0.9000093340873718, -0.9493672251701355, 0.9438743591308594, 0.9438681602478027)",19.0,1765211206.6895907
1976,"(68.17654418945312, 7099.0927734375, 366.86053466796875, 208.5973663330078)","(-0.9005089402198792, -0.9004746079444885, 0.9454658627510071, 0.9462035894393921)",19.0,1765211206.9069438
1977,"(76.18405151367188, 7072.40234375, 341.0975341796875, 190.4942626953125)","(-0.9034484624862671, -0.9010653495788574, 0.9482435584068298, 0.948166012763977)",19.0,1765211207.1251752
1978,"(80.76983642578125, 7770.375, 419.4756164550781, 227.97003173828125)","(-0.9063483476638794, -0.9038352966308594, 0.9468005895614624, 0.9465149641036987)",19.0,1765211207.3406348
1979,"(74.739501953125, 7640.9453125, 411.0997009277344, 234.38217163085938)","(-0.907355010509491, -0.9063909649848938, 0.9477884769439697, 0.9487228989601135)",19.0,1765211207.5589502
1980,"(74.10424041748047, 7616.6689453125, 399.83160400390625, 216.68751525878906)","(-0.9082436561584473, -0.9059389233589172, 0.901944637298584, 0.9017109274864197)",19.0,1765211207.7749825
1981,"(78.26988220214844, 7154.77099609375, 392.31427001953125, 217.40919494628906)","(-0.9095669388771057, -0.9826883673667908, 0.9033843278884888, 0.9034414887428284)",19.0,1765211207.9923093
1982,"(72.31997680664062, 7266.28271484375, 381.0062561035156, 208.68087768554688)","(-0.9118925929069519, -0.9098721146583557, 0.9052090644836426, 0.9049338102340698)",19.0,1765211208.2104983
1983,"(69.0877456665039, 7345.8369140625, 367.53094482421875, 209.3683319091797)","(-0.9137297868728638, -0.9125931262969971, 0.9069732427597046, 0.9069801568984985)",19.0,1765211208.4255702
1984,"(51.85954284667969, 7698.455078125, 318.85675048828125, 205.35475158691406)","(-0.9172242283821106, -0.9179528951644897, 0.9096347093582153, 0.9103009700775146)",20.8,1765211208.8606524
1985,"(50.443115234375, 7801.154296875, 307.29669189453125, 210.88272094726562)","(-0.916610598564148, -0.9175887703895569, 0.912841796875, 0.9128511548042297)",20.8,1765211209.0774443
1986,"(49.79064178466797, 7391.67431640625, 303.50726318359375, 196.72715759277344)","(-0.9208731651306152, -0.9183779954910278, 0.9143208265304565, 0.9134200811386108)",20.8,1765211209.295328
1987,"(47.83501052856445, 8118.98828125, 315.879638671875, 216.42933654785156)","(-0.9239189028739929, -0.9900654554367065, 0.9144307971000671, 0.913945734500885)",20.8,1765211209.5110977
1988,"(46.897438049316406, 7548.705078125, 314.3210144042969, 207.75990295410156)","(-0.9230348467826843, -0.9240000247955322, 0.916541337966919, 0.9172748923301697)",20.8,1765211209.7291079
1989,"(49.22721862792969, 8013.021484375, 317.667724609375, 210.41806030273438)","(-0.9235714673995972, -0.9243639707565308, 0.9193728566169739, 0.9194875359535217)",20.8,1765211209.945615
1990,"(47.72429656982422, 7622.3017578125, 312.57586669921875, 204.27096557617188)","(-0.9254897832870483, -0.9266878366470337, 0.9198818206787109, 0.9207411408424377)",20.8,1765211210.1623669
1991,"(45.77843475341797, 7772.3642578125, 298.62994384765625, 202.44473266601562)","(-0.930955171585083, -0.9270361065864563, 0.9217018485069275, 0.9209696054458618)",20.8,1765211210.3805912
1992,"(45.875144958496094, 7944.1083984375, 311.1551208496094, 208.64657592773438)","(-0.9281078577041626, -0.9293115139007568, 0.9238178730010986, 0.924220621585846)",20.8,1765211210.5961313
1993,"(41.83112335205078, 7506.3310546875, 289.72576904296875, 194.51318359375)","(-0.931292712688446, -0.929780900478363, 0.9252671003341675, 0.9244692921638489)",20.8,1765211210.813916
1994,"(43.874908447265625, 7092.51953125, 283.2823486328125, 184.7140655517578)","(-0.9302771687507629, -0.990443766117096, 0.9269297122955322, 0.9269504547119141)",20.8,1765211211.0293791
1995,"(41.56095886230469, 7473.02978515625, 266.21124267578125, 177.62867736816406)","(-0.9301586747169495, -0.9369078874588013, 0.9294935464859009, 0.9294208288192749)",20.8,1765211211.2476597
1996,"(48.86096954345703, 7276.9658203125, 257.80804443359375, 169.98416137695312)","(-0.9327582716941833, -0.9346286058425903, 0.9317501783370972, 0.9301996827125549)",20.8,1765211211.4629273
1997,"(46.86153030395508, 7569.5439453125, 286.12908935546875, 194.5782470703125)","(-0.9381599426269531, -0.9401852488517761, 0.931431233882904, 0.9329737424850464)",20.8,1765211211.680895
1998,"(46.44818878173828, 7551.7294921875, 289.1781005859375, 197.11477661132812)","(-0.9382531046867371, -0.9411298036575317, 0.9323675632476807, 0.9343919157981873)",20.8,1765211211.8992121
1999,"(47.83190155029297, 7789.06103515625, 297.60125732421875, 199.76504516601562)","(-0.9424601197242737, -0.9430206418037415, 0.9334585666656494, 0.9355476498603821)",20.8,1765211212.1158118
2000,"(47.526771545410156, 7686.68115234375, 292.50604248046875, 192.20028686523438)","(-0.9436866044998169, -0.9439418911933899, 0.9337321519851685, 0.934572160243988)",20.8,1765211212.3341663
2001,"(47.30308532714844, 8017.283203125, 283.77044677734375, 203.39593505859375)","(-0.9450808763504028, -1.0014779567718506, 0.936123251914978, 0.9384331703186035)",20.8,1765211212.548022
2002,"(43.37567901611328, 7565.990234375, 282.61566162109375, 192.31869506835938)","(-0.9435697197914124, -0.9460291862487793, 0.9368346333503723, 0.9377138018608093)",20.8,1765211212.766229
2003,"(48.45216369628906, 7207.23779296875, 278.5560302734375, 173.7403564453125)","(-0.943576455116272, -0.9443132877349854, 0.9405727982521057, 0.9403640031814575)",20.8,1765211212.9840696
2004,"(43.69288635253906, 7573.64453125, 284.4796142578125, 183.10711669921875)","(-0.9478046298027039, -0.9442059993743896, 0.9420459270477295, 0.9406614303588867)",20.8,1765211213.1995132
2005,"(42.02162170410156, 7364.3359375, 259.0707092285156, 173.11700439453125)","(-0.9451472163200378, -0.9490001797676086, 0.9417589902877808, 0.9420684576034546)",20.8,1765211213.417761
2006,"(47.80813980102539, 7738.037109375, 267.0643005371094, 158.17739868164062)","(-0.948556125164032, -0.953249454498291, 0.9449249505996704, 0.9452359080314636)",20.8,1765211213.6332014
2007,"(46.8638916015625, 7495.39453125, 287.1728515625, 172.96231079101562)","(-0.9014532566070557, -0.9479284286499023, 0.9458354115486145, 0.944191038608551)",20.8,1765211213.8510711
2008,"(47.025062561035156, 7442.66796875, 252.25396728515625, 169.06362915039062)","(-0.9015060067176819, -0.9016936421394348, 0.946414589881897, 0.9464907646179199)",20.8,1765211214.0693057
2009,"(48.40586471557617, 7321.9453125, 269.56243896484375, 168.6541748046875)","(-0.9049233794212341, -0.9014892578125, 0.9488058686256409, 0.9477342367172241)",20.8,1765211214.2848222
2010,"(47.18207550048828, 7211.25830078125, 261.9363708496094, 161.89654541015625)","(-0.9038029909133911, -0.9056126475334167, 0.9483976364135742, 0.9489782452583313)",20.8,1765211214.5036774
2011,"(54.740211486816406, 7120.751953125, 265.00323486328125, 166.45228576660156)","(-0.9061325788497925, -0.9069017767906189, 0.9018693566322327, 0.9001163840293884)",20.8,1765211214.7181559
2012,"(54.169612884521484, 7860.83447265625, 286.0912780761719, 179.83213806152344)","(-0.9109712839126587, -0.9071915149688721, 0.9035066962242126, 0.9021497964859009)",20.8,1765211214.9373703
2013,"(55.394954681396484, 7639.16845703125, 307.25421142578125, 173.61404418945312)","(-0.9118852019309998, -0.9126673340797424, 0.903677761554718, 0.9039873480796814)",20.8,1765211215.154196
2014,"(51.505096435546875, 7849.17529296875, 304.362548828125, 174.06964111328125)","(-0.9137505292892456, -0.9129469394683838, 0.9066336154937744, 0.9074578285217285)",20.8,1765211215.3697126
2015,"(45.19181823730469, 8074.830078125, 303.53485107421875, 178.7476806640625)","(-0.916048526763916, -0.9119828939437866, 0.9094460606575012, 0.9080896973609924)",20.8,1765211215.5879357
2016,"(22.918813705444336, 7025.15185546875, 209.7631072998047, 132.85516357421875)","(-0.9180788993835449, -0.9151658415794373, 0.9124937057495117, 0.9119277596473694)",22.7,1765211216.0216846
2017,"(20.661914825439453, 7588.5419921875, 201.32736206054688, 149.84353637695312)","(-0.9205637574195862, -0.9177451133728027, 0.9141392707824707, 0.9121803641319275)",22.7,1765211216.2420423
2018,"(24.103914260864258, 7444.072265625, 194.0068817138672, 133.75393676757812)","(-0.9207772612571716, -0.9190095067024231, 0.9164673089981079, 0.9169611930847168)",22.7,1765211216.4570215
2019,"(24.418468475341797, 7523.26708984375, 219.99525451660156, 147.277099609375)","(-0.9271933436393738, -0.9189226627349854, 0.918086588382721, 0.9153019785881042)",22.7,1765211216.6728332
2020,"(26.937572479248047, 7651.5380859375, 212.0966033935547, 141.22903442382812)","(-0.9248941540718079, -0.9246079921722412, 0.9170822501182556, 0.9175012111663818)",22.7,1765211216.8883398
2021,"(29.783931732177734, 7615.2421875, 237.37449645996094, 155.4740447998047)","(-0.9257512092590332, -0.9259294867515564, 0.919524073600769, 0.9219421148300171)",22.7,1765211217.1065013
2022,"(37.293888092041016, 7461.966796875, 242.66261291503906, 138.24786376953125)","(-0.9671265482902527, -0.9269108176231384, 0.9210608601570129, 0.9201080203056335)",22.7,1765211217.3223586
2023,"(46.10392379760742, 7687.115234375, 237.3270263671875, 142.8328857421875)","(-0.929118275642395, -0.9279463291168213, 0.9237135648727417, 0.9243701696395874)",22.7,1765211217.5426865
2024,"(49.09489440917969, 8292.4873046875, 226.05052185058594, 155.42440795898438)","(-0.9314051270484924, -0.9303428530693054, 0.9244083762168884, 0.9233608841896057)",22.7,1765211217.758273
2025,"(65.32418823242188, 7112.6591796875, 232.80319213867188, 145.22421264648438)","(-0.9315208196640015, -0.9309034943580627, 0.9255731105804443, 0.9278071522712708)",22.7,1765211217.9746218
2026,"(30.2803955078125, 7758.845703125, 325.0052490234375, 150.92359924316406)","(-0.9347503781318665, -0.9319636225700378, 0.9282660484313965, 0.9259002804756165)",22.7,1765211218.191475
2027,"(36.55879592895508, 6851.24658203125, 321.91876220703125, 125.91631317138672)","(-0.9404318332672119, -0.9377102851867676, 0.9273725152015686, 0.9983029961585999)",22.7,1765211218.4069455
2028,"(47.901512145996094, 8016.7685546875, 484.05609130859375, 145.6158447265625)","(-0.9393320679664612, -0.9359917640686035, 0.9306355118751526, 0.9289022088050842)",22.7,1765211218.6251013
2029,"(43.47944641113281, 7429.8330078125, 587.196533203125, 170.31588745117188)","(-0.9934198260307312, -0.9402997493743896, 0.9307171106338501, 0.9332560896873474)",22.7,1765211218.8429267
2030,"(30.384611129760742, 7608.1181640625, 488.46978759765625, 170.12156677246094)","(-0.9381892085075378, -0.939238429069519, 0.9338295459747314, 0.9347004294395447)",22.7,1765211219.0583665
2031,"(25.953073501586914, 7021.53271484375, 423.1053466796875, 157.4823760986328)","(-0.9447332620620728, -0.9367003440856934, 0.9361202120780945, 0.9347450733184814)",22.7,1765211219.2766984
2032,"(27.02619171142578, 7260.0615234375, 355.2110595703125, 145.34176635742188)","(-0.9404582381248474, -0.9420673251152039, 0.936183512210846, 0.9387389421463013)",22.7,1765211219.493155
2033,"(24.448766708374023, 6921.60888671875, 319.37054443359375, 146.83706665039062)","(-0.9436137676239014, -0.9500430226325989, 0.9380465745925903, 0.9360120296478271)",22.7,1765211219.7100573
2034,"(12.035587310791016, 6861.3525390625, 358.07318115234375, 138.66868591308594)","(-0.9500257968902588, -0.9443789720535278, 0.9401000738143921, 0.9895609021186829)",22.7,1765211219.9317253
2035,"(23.065324783325195, 6847.40869140625, 231.471435546875, 107.49885559082031)","(-0.941510021686554, -0.9507049322128296, 0.9391438364982605, 0.9431784152984619)",22.7,1765211220.1444106
2036,"(25.429580688476562, 7386.74609375, 133.05117797851562, 139.65652465820312)","(-0.9960121512413025, -0.9431257843971252, 0.9446467161178589, 0.9436565041542053)",22.7,1765211220.361989
2037,"(34.004215240478516, 7713.42333984375, 197.2292022705078, 171.065673828125)","(-0.9525755643844604, -0.9511623382568359, 0.9410014748573303, 0.9421126842498779)",22.7,1765211220.5770187
2038,"(50.68843460083008, 7983.75244140625, 247.44728088378906, 236.7935028076172)","(-0.9011130332946777, -0.9477644562721252, 0.9460105895996094, 0.9464460015296936)",22.7,1765211220.7978568
2039,"(76.29891204833984, 7575.2333984375, 144.89535522460938, 157.2854461669922)","(-0.9018837213516235, -0.901334822177887, 0.9464539289474487, 0.944202721118927)",22.7,1765211221.0145118
2040,"(42.658973693847656, 7552.236328125, 245.55014038085938, 112.96623229980469)","(-0.9033566117286682, -0.9043669700622559, 0.9458056092262268, 0.9476951360702515)",22.7,1765211221.2284963
2041,"(53.16130828857422, 7438.88037109375, 268.8891296386719, 99.97389221191406)","(-0.9076477289199829, -0.9057732224464417, 0.9495416283607483, 0.989653468132019)",22.7,1765211221.4473844
2042,"(61.15043640136719, 7954.63818359375, 204.00762939453125, 109.23594665527344)","(-0.9072975516319275, -0.9073880314826965, 0.9003481864929199, 0.9485442042350769)",22.7,1765211221.662287
2043,"(62.81212615966797, 7945.8671875, 216.9664306640625, 114.27236938476562)","(-0.9955087900161743, -0.906894326210022, 0.9035477042198181, 0.9030743837356567)",22.7,1765211221.8800683
2044,"(51.67005920410156, 7337.28515625, 234.74819946289062, 95.39372253417969)","(-0.911108672618866, -0.9108037948608398, 0.9039365649223328, 0.903900146484375)",22.7,1765211222.1021228
2045,"(45.76567840576172, 7132.1103515625, 219.293701171875, 113.42776489257812)","(-0.9139111042022705, -0.9104740023612976, 0.9062640070915222, 0.9062045216560364)",22.7,1765211222.3138678
2046,"(17.675289154052734, 7354.923828125, 157.45045471191406, 183.25119018554688)","(-0.9170917272567749, -0.913759171962738, 0.9079553484916687, 0.9077698588371277)",22.7,1765211222.5337198
2047,"(45.23744583129883, 8310.73828125, 142.9574737548828, 196.00250244140625)","(-0.9157792329788208, -0.9172526597976685, 0.9087216258049011, 0.9091187715530396)",22.7,1765211222.747187
2048,"(46.133445739746094, 7235.986328125, 405.2112121582031, 103.88091278076172)","(-0.9174197316169739, -0.9193166494369507, 0.9137319326400757, 0.9124640822410583)",24.9,1765211223.1836832
2049,"(49.648406982421875, 8165.74462890625, 388.74615478515625, 175.26739501953125)","(-0.9907116293907166, -0.9216177463531494, 0.9136679172515869, 0.9159793257713318)",24.9,1765211223.3987746
2050,"(23.57982635498047, 7495.078125, 399.23919677734375, 128.9394989013672)","(-0.920555055141449, -0.9211143255233765, 0.9166287183761597, 0.9167029857635498)",25.0,1765211223.6184583
2051,"(147.53578186035156, 144.26719665527344, 136.67111206054688, 126.08574676513672)","(-0.9246010780334473, -0.9258624911308289, 0.9169884324073792, 0.9193358421325684)",25.0,1765211223.9218554
2052,"(369.9706726074219, 160.2508544921875, 160.1771240234375, 155.8271942138672)","(-0.9249456524848938, -0.9267117381095886, 0.9189188480377197, 0.9201334118843079)",25.0,1765211224.089228
2053,"(19.099945068359375, 6468.0146484375, 396.4500427246094, 153.38229370117188)","(-0.9291611313819885, -0.9250142574310303, 0.9212207198143005, 0.9212532043457031)",25.0,1765211224.2692163
2054,"(20.214935302734375, 7097.1259765625, 365.0153503417969, 148.3167724609375)","(-0.9301117658615112, -0.9275552034378052, 0.9214379787445068, 0.9910285472869873)",25.0,1765211224.4839969
2055,"(24.85100746154785, 7203.5859375, 346.5058898925781, 122.12479400634766)","(-0.9317456483840942, -0.9883889555931091, 0.9257937669754028, 0.9226228594779968)",25.0,1765211224.702317
2056,"(26.26789093017578, 7210.81396484375, 357.40069580078125, 121.261474609375)","(-0.9848147630691528, -0.932196855545044, 0.9245273470878601, 0.9278252124786377)",25.0,1765211224.91727
2057,"(23.043289184570312, 6746.8974609375, 319.19183349609375, 125.74240112304688)","(-0.9391421675682068, -0.926734983921051, 0.9287585616111755, 0.9280761480331421)",25.0,1765211225.1355948
2058,"(26.176898956298828, 7587.33203125, 303.9517822265625, 124.10638427734375)","(-0.9340149760246277, -0.9387744665145874, 0.9290846586227417, 0.927000880241394)",25.0,1765211225.3509772
2059,"(23.22812271118164, 7285.740234375, 332.9139404296875, 147.0076141357422)","(-0.9393967986106873, -0.9353306889533997, 0.9318447709083557, 0.9303107261657715)",25.0,1765211225.5692887
2060,"(23.45487403869629, 6771.9296875, 330.15277099609375, 136.02456665039062)","(-0.9369003772735596, -0.937262773513794, 0.931395411491394, 0.9315707087516785)",25.0,1765211225.787095
2061,"(19.781082153320312, 7137.1943359375, 320.6541748046875, 139.10430908203125)","(-0.9455356001853943, -0.9379062056541443, 0.9347506761550903, 0.9820976257324219)",25.0,1765211226.0036328
2062,"(22.750965118408203, 6742.775390625, 288.95831298828125, 119.90898132324219)","(-0.9474174976348877, -0.9438499212265015, 0.9329653978347778, 0.9351236820220947)",25.0,1765211226.2208266
2063,"(21.576419830322266, 7139.3525390625, 294.2137145996094, 119.0347671508789)","(-0.9871919751167297, -0.9408040642738342, 0.9377796053886414, 0.9367294907569885)",25.0,1765211226.4363897
2064,"(19.779407501220703, 7180.681640625, 303.4737548828125, 127.18026733398438)","(-0.9418169856071472, -0.9415837526321411, 0.9366600513458252, 0.9388723969459534)",25.0,1765211226.6542892
2065,"(23.90313148498535, 7194.8984375, 278.4603271484375, 122.73724365234375)","(-0.9458938837051392, -0.9440643191337585, 0.9409108757972717, 0.9382198452949524)",25.0,1765211226.874672
2066,"(21.96685028076172, 7287.06640625, 326.50018310546875, 136.97805786132812)","(-0.9460611939430237, -0.9470190405845642, 0.9391263723373413, 0.9413079023361206)",25.0,1765211227.087997
2067,"(22.715335845947266, 7584.83251953125, 347.1131896972656, 143.5836639404297)","(-0.9503788352012634, -0.9444969892501831, 0.942597508430481, 0.9411683082580566)",25.0,1765211227.3056402
2068,"(25.556690216064453, 7056.3408203125, 355.05389404296875, 149.9119415283203)","(-0.9473381638526917, -0.9486750364303589, 0.9420545101165771, 0.9809882640838623)",25.0,1765211227.521159
2069,"(19.262784957885742, 7504.68212890625, 313.4166259765625, 129.18023681640625)","(-0.900272011756897, -0.9475553631782532, 0.9453041553497314, 0.9450222849845886)",25.0,1765211227.7394147
2070,"(24.487037658691406, 6716.8466796875, 351.8760070800781, 112.9561767578125)","(-0.9019858241081238, -0.9497451186180115, 0.9459577798843384, 0.9471767544746399)",25.0,1765211227.958121
2071,"(19.196430206298828, 7269.224609375, 377.11505126953125, 133.92308044433594)","(-0.9061923027038574, -0.9064095616340637, 0.9479846358299255, 0.9452193975448608)",25.0,1765211228.1726995
2072,"(21.247817993164062, 6945.287109375, 312.24725341796875, 116.34391021728516)","(-0.9055268168449402, -0.9024986028671265, 0.9497159123420715, 0.9471673965454102)",25.0,1765211228.3909595
2073,"(20.70966911315918, 7566.1328125, 347.8397216796875, 133.36257934570312)","(-0.9083831906318665, -0.9057169556617737, 0.900385320186615, 0.9007650017738342)",25.0,1765211228.6064758
2074,"(17.849180221557617, 7785.173828125, 342.6626892089844, 128.81533813476562)","(-0.909522294998169, -0.9072294235229492, 0.9028443098068237, 0.9016253352165222)",25.0,1765211228.8242738
2075,"(27.425418853759766, 8078.46875, 349.1827087402344, 145.94114685058594)","(-0.9103979468345642, -0.9094868302345276, 0.9043126106262207, 0.9036489129066467)",25.0,1765211229.0435565
2076,"(31.641796112060547, 7334.2939453125, 336.042236328125, 158.0734100341797)","(-0.9117010235786438, -0.9116236567497253, 0.9056459665298462, 0.9061374068260193)",25.0,1765211229.258141
2077,"(27.440689086914062, 7373.1298828125, 397.16326904296875, 158.90521240234375)","(-0.9151220321655273, -0.912354588508606, 0.9074050188064575, 0.9082901477813721)",25.0,1765211229.4758868
2078,"(26.835647583007812, 7513.0986328125, 391.090087890625, 137.6048126220703)","(-0.9146649837493896, -0.9153815507888794, 0.9099888801574707, 0.9089653491973877)",25.0,1765211229.6913183
2079,"(26.849790573120117, 7512.115234375, 418.2325744628906, 134.46597290039062)","(-0.9168685674667358, -0.917526125907898, 0.9098814725875854, 0.9114459753036499)",25.0,1765211229.9095519
2080,"(18.53391456604004, 6376.7646484375, 394.39422607421875, 88.01345825195312)","(-0.9197424054145813, -0.9179278016090393, 0.9151142835617065, 0.9150343537330627)",26.3,1765211230.3449938
2081,"(14.86092758178711, 6838.80859375, 413.9962158203125, 94.79108428955078)","(-0.9238616824150085, -0.9190637469291687, 0.9161864519119263, 0.9168172478675842)",26.3,1765211230.5612316
2082,"(14.680590629577637, 6491.31591796875, 392.33636474609375, 82.06166076660156)","(-0.9273979663848877, -0.9227994084358215, 0.9161915183067322, 0.9189600944519043)",26.3,1765211230.7766368
2083,"(16.005184173583984, 7470.408203125, 415.4900207519531, 88.00889587402344)","(-0.9281894564628601, -0.9275699853897095, 0.9197845458984375, 0.9180604815483093)",26.3,1765211230.994463
2084,"(15.914291381835938, 7011.416015625, 440.7082824707031, 105.79273986816406)","(-0.9260843396186829, -0.9327338337898254, 0.9218001961708069, 0.919646143913269)",26.3,1765211231.2100244
2085,"(16.966224670410156, 6762.66748046875, 448.88409423828125, 96.19784545898438)","(-0.933449923992157, -0.9304584264755249, 0.9240394830703735, 0.9224513173103333)",26.3,1765211231.4283786
2086,"(19.10803985595703, 6692.86376953125, 481.9232482910156, 91.4814224243164)","(-0.9280058741569519, -0.9301156401634216, 0.9229773879051208, 0.9231052398681641)",26.3,1765211231.6460562
2087,"(15.937012672424316, 6919.94873046875, 452.0025634765625, 92.57096099853516)","(-0.9328327775001526, -0.9303454756736755, 0.9263172745704651, 0.9265816807746887)",26.3,1765211231.8625774
2088,"(15.484764099121094, 6768.36328125, 411.340576171875, 83.24624633789062)","(-0.9375838041305542, -0.9321954250335693, 0.9252979159355164, 0.9279468059539795)",26.3,1765211232.0797486
2089,"(18.955028533935547, 6672.39111328125, 446.04058837890625, 82.00288391113281)","(-0.9386487603187561, -0.9369396567344666, 0.9594873189926147, 0.9277336597442627)",26.3,1765211232.2952666
2090,"(18.675148010253906, 7282.98779296875, 480.4907531738281, 101.52067565917969)","(-0.9416474103927612, -0.9411099553108215, 0.9300913214683533, 0.9283217787742615)",26.3,1765211232.5162227
2091,"(15.992440223693848, 7623.49169921875, 448.4764099121094, 105.0689697265625)","(-0.9338114261627197, -0.9383828639984131, 0.9341418147087097, 0.9297330975532532)",26.3,1765211232.7322598
2092,"(15.783123970031738, 6996.1181640625, 461.13153076171875, 98.32827758789062)","(-0.936285674571991, -0.9380369186401367, 0.9310346245765686, 0.9336767196655273)",26.3,1765211232.9472482
2093,"(14.630439758300781, 7186.7939453125, 469.04144287109375, 110.90034484863281)","(-0.938241183757782, -0.9416375756263733, 0.9330184459686279, 0.9352036118507385)",26.3,1765211233.16464
2094,"(10.508329391479492, 6790.20361328125, 439.0235595703125, 115.38203430175781)","(-0.9470009803771973, -0.9462366104125977, 0.9363803863525391, 0.9345127940177917)",26.3,1765211233.3800712
2095,"(8.74677848815918, 7045.24609375, 384.37152099609375, 126.7213363647461)","(-0.9477755427360535, -0.9500699639320374, 0.9386602640151978, 0.9370781779289246)",26.3,1765211233.6014283
2096,"(8.891891479492188, 7184.958984375, 412.28045654296875, 120.5184326171875)","(-0.9428008794784546, -0.939713716506958, 0.9573392868041992, 0.9403970241546631)",26.3,1765211233.8179865
2097,"(9.168359756469727, 6795.28515625, 393.5832824707031, 129.28350830078125)","(-0.9411846399307251, -0.9447222352027893, 0.9420806765556335, 0.9385423064231873)",26.3,1765211234.0316522
2098,"(7.501131057739258, 7014.0224609375, 388.37255859375, 127.51829528808594)","(-0.9490029811859131, -0.9515798091888428, 0.94107586145401, 0.940200924873352)",26.3,1765211234.249841
2099,"(15.352182388305664, 7234.5673828125, 370.28753662109375, 105.92364501953125)","(-0.9458104372024536, -0.9470353722572327, 0.9450840950012207, 0.9413116574287415)",26.3,1765211234.4653687
2100,"(27.240970611572266, 7272.30908203125, 362.15484619140625, 110.77137756347656)","(-0.901678740978241, -0.9038539528846741, 0.943739652633667, 0.9437068104743958)",26.3,1765211234.683348
2101,"(15.09607219696045, 7114.9912109375, 382.0291442871094, 93.41453552246094)","(-0.9034175872802734, -0.9079027771949768, 0.9435505270957947, 0.9478610157966614)",26.3,1765211234.9019835
2102,"(10.367413520812988, 6868.7685546875, 395.319091796875, 107.3388442993164)","(-0.9069960117340088, -0.9131247401237488, 0.9442241787910461, 0.9497993588447571)",26.3,1765211235.1168997
2103,"(10.708667755126953, 6798.240234375, 400.72344970703125, 113.02422332763672)","(-0.9052391648292542, -0.9068673253059387, 0.9503471851348877, 0.9453366994857788)",26.3,1765211235.3351803
2104,"(10.007736206054688, 6667.9990234375, 330.0875549316406, 101.20491027832031)","(-0.9109988212585449, -0.9043177366256714, 0.9481194019317627, 0.9020947813987732)",26.3,1765211235.5517006
2105,"(11.056297302246094, 6761.392578125, 327.6490478515625, 103.35614013671875)","(-0.9132857918739319, -0.9587085247039795, 0.9032490253448486, 0.9004961848258972)",26.3,1765211235.768455
2106,"(9.294534683227539, 6875.9765625, 338.02923583984375, 112.33927917480469)","(-0.9082199335098267, -0.9088290333747864, 0.905358612537384, 0.9037278890609741)",26.3,1765211235.9866889
2107,"(10.126485824584961, 6657.21923828125, 310.73614501953125, 101.54914093017578)","(-0.9116308689117432, -0.9127947688102722, 0.9044003486633301, 0.9054181575775146)",26.3,1765211236.2028093
2108,"(10.235621452331543, 6400.9150390625, 302.50872802734375, 102.7704086303711)","(-0.9133993983268738, -0.9131625294685364, 0.9058395624160767, 0.9085925817489624)",26.3,1765211236.419999
2109,"(11.396674156188965, 6775.4013671875, 327.5255126953125, 108.86418151855469)","(-0.9146863222122192, -0.9139019250869751, 0.907484769821167, 0.910116970539093)",26.3,1765211236.6370041
2110,"(12.028160095214844, 7024.6904296875, 340.28759765625, 110.32051086425781)","(-0.9193490147590637, -0.92708820104599, 0.9396897554397583, 0.9096134305000305)",26.3,1765211236.8537636
2111,"(9.924572944641113, 7010.0625, 321.74761962890625, 105.74992370605469)","(-0.9185202121734619, -0.9242649078369141, 0.9106585383415222, 0.9148694276809692)",26.3,1765211237.0688195
2112,"(37.880226135253906, 6832.55078125, 390.3739013671875, 115.11968994140625)","(-0.9187924265861511, -0.9227832555770874, 0.9141865372657776, 0.9181240200996399)",28.5,1765211237.5100212
2113,"(44.16584396362305, 6199.80126953125, 349.419921875, 91.11090087890625)","(-0.9214199185371399, -0.9233042001724243, 0.9192314147949219, 0.9159687757492065)",28.6,1765211237.7203422
2114,"(45.114898681640625, 6263.6279296875, 340.9914855957031, 85.69853210449219)","(-0.9254425168037415, -0.9260860085487366, 0.9199946522712708, 0.9181867837905884)",28.6,1765211237.943194
2115,"(48.53412628173828, 6042.1064453125, 334.5963134765625, 86.03840637207031)","(-0.9281392693519592, -0.9291489124298096, 0.9191561937332153, 0.9217433929443359)",28.6,1765211238.1565497
2116,"(48.63471221923828, 6771.119140625, 358.8006591796875, 87.83265686035156)","(-0.929480254650116, -0.9272792935371399, 0.926650881767273, 0.9230027794837952)",28.6,1765211238.3723083
2117,"(55.777671813964844, 6369.9853515625, 349.7442321777344, 88.37801361083984)","(-0.9339936375617981, -0.9371134042739868, 0.9256958961486816, 0.9226735830307007)",28.6,1765211238.5901542
2118,"(46.69097900390625, 6458.4794921875, 420.0749206542969, 107.51464080810547)","(-0.928688108921051, -0.9656435251235962, 0.9263485670089722, 0.9255239963531494)",28.6,1765211238.8056395
2119,"(48.10084533691406, 6459.60107421875, 349.14447021484375, 89.52095794677734)","(-0.9337050914764404, -0.9333343505859375, 0.926306962966919, 0.9270868897438049)",28.6,1765211239.0239003
2120,"(48.303096771240234, 6643.37109375, 374.41094970703125, 92.33857727050781)","(-0.9342997670173645, -0.9409369826316833, 0.930271565914154, 0.9271524548530579)",28.6,1765211239.2388868
2121,"(46.0128173828125, 6789.6904296875, 366.521484375, 91.57054901123047)","(-0.9386824369430542, -0.9372043013572693, 0.9312715530395508, 0.9279190301895142)",28.6,1765211239.4573271
2122,"(55.8710823059082, 6470.310546875, 341.2091064453125, 90.22509002685547)","(-0.9422028660774231, -0.9365246295928955, 0.9335532784461975, 0.9298916459083557)",28.6,1765211239.6789768
2123,"(44.425987243652344, 6934.81787109375, 419.1334533691406, 103.03974914550781)","(-0.9347328543663025, -0.9344667792320251, 0.9180678129196167, 0.9342707395553589)",28.6,1765211239.892065
2124,"(46.3770751953125, 6598.21484375, 358.3153381347656, 85.6381607055664)","(-0.9422580003738403, -0.9414874911308289, 0.9345672726631165, 0.9335543513298035)",28.6,1765211240.1087024
2125,"(51.1995849609375, 6620.2919921875, 358.22247314453125, 89.63822937011719)","(-0.9379615187644958, -0.9709996581077576, 0.9355759024620056, 0.936678409576416)",28.6,1765211240.3241913
2126,"(45.34666442871094, 6667.3623046875, 393.37982177734375, 97.89579772949219)","(-0.9395703673362732, -0.9002596735954285, 0.9372707009315491, 0.936644434928894)",28.6,1765211240.542957
2127,"(44.810325622558594, 6091.96240234375, 379.6083068847656, 88.95706176757812)","(-0.9413275122642517, -0.9413219094276428, 0.9412320852279663, 0.936002790927887)",28.6,1765211240.760267
2128,"(45.381019592285156, 6113.94482421875, 364.8993225097656, 85.9417724609375)","(-0.9465835094451904, -0.9490833878517151, 0.9394580721855164, 0.9405326843261719)",28.6,1765211240.9758525
2129,"(46.45542907714844, 6472.5107421875, 379.93182373046875, 90.76360321044922)","(-0.9481671452522278, -0.9468741416931152, 0.9390624165534973, 0.9442581534385681)",28.6,1765211241.1968584
2130,"(49.63665008544922, 6616.8291015625, 401.9310607910156, 95.30150604248047)","(-0.9432247281074524, -0.9446888566017151, 0.9096303582191467, 0.9402616620063782)",28.6,1765211241.4094799
2131,"(44.994384765625, 6310.291015625, 374.15911865234375, 89.85121154785156)","(-0.9535514712333679, -0.9516676664352417, 0.9410495758056641, 0.946100652217865)",28.6,1765211241.627331
2132,"(42.59465026855469, 6223.30078125, 358.8238830566406, 91.41780090332031)","(-0.9002127647399902, -0.9016454815864563, 0.9479529857635498, 0.9426004886627197)",28.6,1765211241.8455634
2133,"(53.2989501953125, 6641.443359375, 346.8863220214844, 87.84585571289062)","(-0.9036999344825745, -0.9029173851013184, 0.9435167908668518, 0.9494798183441162)",28.6,1765211242.0610964
2134,"(46.79534912109375, 6450.26025390625, 413.00921630859375, 103.52749633789062)","(-0.9023744463920593, -0.9011958837509155, 0.9451407194137573, 0.9506205916404724)",28.6,1765211242.2789176
2135,"(95.09654235839844, 95.01897430419922, 91.96324157714844, 91.35939025878906)","(-0.9047616124153137, -0.9045221209526062, 0.9007807374000549, 0.9474520087242126)",28.6,1765211242.571495
2136,"(6313.4111328125, 131.28521728515625, 95.47781372070312, 89.79181671142578)","(-0.9100816249847412, -0.9163816571235657, 0.9027107357978821, 0.901199221611023)",28.6,1765211242.7324371
2137,"(46.65284729003906, 6373.9638671875, 391.8906555175781, 92.6356201171875)","(-0.9084267616271973, -0.9091187715530396, 0.903677761554718, 0.90350341796875)",28.6,1765211242.9299548
2138,"(55.09284973144531, 6275.0703125, 352.06072998046875, 85.85455322265625)","(-0.911267101764679, -0.9091622829437256, 0.9060924649238586, 0.9041075706481934)",28.6,1765211243.1459494
2139,"(44.00613021850586, 6333.3701171875, 387.97015380859375, 103.14381408691406)","(-0.9119025468826294, -0.9116249084472656, 0.9081260561943054, 0.9061572551727295)",28.6,1765211243.3642175
2140,"(44.440574645996094, 6587.8193359375, 340.95892333984375, 86.16209411621094)","(-0.9159455299377441, -0.9159069657325745, 0.9069955348968506, 0.9100871682167053)",28.6,1765211243.5796688
2141,"(50.159767150878906, 6224.765625, 356.4615478515625, 87.14706420898438)","(-0.916739284992218, -0.9135442972183228, 0.9111925959587097, 0.909649670124054)",28.6,1765211243.7974508
2142,"(45.93267822265625, 6641.287109375, 374.80523681640625, 105.49684143066406)","(-0.9169701337814331, -0.9161230325698853, 0.911888837814331, 0.9129496216773987)",28.6,1765211244.0129998
2143,"(44.24671936035156, 6742.8193359375, 349.3902587890625, 88.65892028808594)","(-0.922045111656189, -0.9182425141334534, 0.9127838015556335, 0.9149315357208252)",28.6,1765211244.231202
2144,"(90.35755920410156, 6166.38671875, 424.2418212890625, 72.33464050292969)","(-0.9215394854545593, -0.9226984977722168, 0.9168986678123474, 0.9178813099861145)",30.1,1765211244.6681495
2145,"(90.79971313476562, 5773.0986328125, 433.23602294921875, 70.81458282470703)","(-0.9266061186790466, -0.9265467524528503, 0.9190558791160583, 0.9187495112419128)",30.3,1765211244.882747
2146,"(90.56906127929688, 6065.4365234375, 434.9910888671875, 61.66874313354492)","(-0.9242010116577148, -0.9230669736862183, 0.993666410446167, 0.9215566515922546)",30.3,1765211245.0993664
2147,"(93.60037231445312, 5852.68994140625, 437.20611572265625, 66.63810729980469)","(-0.9286561012268066, -0.9285343289375305, 0.9223507642745972, 0.921348512172699)",30.3,1765211245.3161669
2148,"(109.43162536621094, 6688.322265625, 403.56884765625, 72.9277572631836)","(-0.9318876266479492, -0.9281460642814636, 0.9225371479988098, 0.9247211217880249)",30.3,1765211245.534386
2149,"(98.84680938720703, 5957.5595703125, 479.99078369140625, 82.42578125)","(-0.932046115398407, -0.9330493807792664, 0.9252138137817383, 0.9261574745178223)",30.3,1765211245.7498455
2150,"(99.00389099121094, 6231.974609375, 436.91668701171875, 70.93992614746094)","(-0.9332250952720642, -0.931058943271637, 0.9264888763427734, 0.9270774722099304)",30.3,1765211245.9693112
2151,"(113.38581848144531, 6031.18310546875, 427.2049255371094, 73.85311889648438)","(-0.936476469039917, -0.9310069680213928, 0.9282059073448181, 0.9857600927352905)",30.3,1765211246.1831334
2152,"(104.56953430175781, 5874.62451171875, 473.1092834472656, 78.64933776855469)","(-0.9351201057434082, -0.9369881749153137, 0.9299295544624329, 0.9299851655960083)",30.3,1765211246.4013498
2153,"(103.64197540283203, 6035.1845703125, 464.143798828125, 69.5048828125)","(-0.9950701594352722, -0.9364625811576843, 0.9306332468986511, 0.9320752620697021)",30.3,1765211246.6191812
2154,"(112.37554931640625, 6390.6591796875, 440.68670654296875, 70.41873931884766)","(-0.9410004615783691, -0.9396304488182068, 0.9316115975379944, 0.9336561560630798)",30.3,1765211246.83466
2155,"(93.83714294433594, 6284.7568359375, 472.9229736328125, 76.6846694946289)","(-0.9403979778289795, -0.9415017366409302, 0.934843897819519, 0.9337040781974792)",30.3,1765211247.0528908
2156,"(99.31777954101562, 6259.9248046875, 412.5605773925781, 67.56777954101562)","(-0.9426882863044739, -0.9409174919128418, 0.9336540699005127, 0.9374132752418518)",30.3,1765211247.268411
2157,"(100.24270629882812, 6339.6787109375, 428.8914794921875, 67.90084075927734)","(-0.941331148147583, -0.9402731657028198, 0.9362624883651733, 0.9371557235717773)",30.3,1765211247.4863303
2158,"(89.42353057861328, 6035.5712890625, 419.2535400390625, 71.30441284179688)","(-0.9463760852813721, -0.9435858726501465, 0.939132809638977, 0.989447832107544)",30.3,1765211247.7044437
2159,"(97.78660583496094, 6147.806640625, 423.1796569824219, 64.29115295410156)","(-0.9477989673614502, -0.9462127685546875, 0.9373764395713806, 0.9419215321540833)",30.3,1765211247.9199898
2160,"(102.04029846191406, 5957.8671875, 457.9912109375, 68.04450988769531)","(-0.9989071488380432, -0.9473118185997009, 0.9390766024589539, 0.9436817765235901)",30.3,1765211248.1378393
2161,"(99.47000122070312, 6286.353515625, 437.609130859375, 66.65579223632812)","(-0.9458486437797546, -0.9458523392677307, 0.9418582320213318, 0.9428960084915161)",30.3,1765211248.3539712
2162,"(93.66722869873047, 5876.0185546875, 441.65814208984375, 66.62820434570312)","(-0.9513173699378967, -0.950825572013855, 0.9445298910140991, 0.9431602954864502)",30.3,1765211248.5717485
2163,"(93.94366455078125, 6124.6123046875, 392.1197509765625, 59.939918518066406)","(-0.9510120749473572, -0.9008976817131042, 0.943179726600647, 0.9471538662910461)",30.3,1765211248.789836
2164,"(94.35935974121094, 5977.97412109375, 437.38763427734375, 68.14263153076172)","(-0.9020853638648987, -0.9005241394042969, 0.9464495182037354, 0.9460451006889343)",30.3,1765211249.0048716
2165,"(109.16477966308594, 6073.62255859375, 399.44073486328125, 67.60733032226562)","(-0.905377984046936, -0.9018524885177612, 0.9468456506729126, 0.9929505586624146)",30.3,1765211249.2231114
2166,"(102.03608703613281, 5886.392578125, 475.655517578125, 74.60026550292969)","(-0.9063039422035217, -0.9081050753593445, 0.9495757818222046, 0.9483907222747803)",30.3,1765211249.441752
2167,"(99.87560272216797, 6300.2890625, 445.6180114746094, 69.02991485595703)","(-0.9982823729515076, -0.9070377349853516, 0.9018007516860962, 0.9011608362197876)",30.3,1765211249.6607056
2168,"(95.45499420166016, 5912.1748046875, 415.77630615234375, 65.23178100585938)","(-0.9092134833335876, -0.9079484343528748, 0.9032695889472961, 0.9034903049468994)",30.3,1765211249.871882
2169,"(98.8393783569336, 6303.466796875, 424.80999755859375, 64.81712341308594)","(-0.9099431037902832, -0.9120312333106995, 0.9040021300315857, 0.9060218930244446)",30.3,1765211250.090177
2170,"(92.50982666015625, 5917.2314453125, 413.54608154296875, 63.34135437011719)","(-0.9134841561317444, -0.9133217334747314, 0.9069908857345581, 0.9065477848052979)",30.3,1765211250.3100178
2171,"(102.99990844726562, 6508.96728515625, 418.1246337890625, 64.618408203125)","(-0.9151132702827454, -0.9140848517417908, 0.9086195230484009, 0.908741295337677)",30.3,1765211250.5234003
2172,"(104.5453109741211, 6145.9892578125, 434.946044921875, 68.633544921875)","(-0.9160794019699097, -0.9140416383743286, 0.9087023138999939, 0.997421145439148)",30.3,1765211250.742349
2173,"(97.79389190673828, 6140.94580078125, 428.88604736328125, 66.53841400146484)","(-0.9167615175247192, -0.916033148765564, 0.9125313758850098, 0.9112302660942078)",30.3,1765211250.9574568
2174,"(96.19913482666016, 6511.56298828125, 427.3826904296875, 64.90726470947266)","(-1.0022454261779785, -0.9188309907913208, 0.9127006530761719, 0.9146893620491028)",30.3,1765211251.1749768
2175,"(93.56170654296875, 5682.1748046875, 405.95770263671875, 60.035438537597656)","(-0.9212989211082458, -0.9196814894676208, 0.9162362217903137, 0.9141913652420044)",30.3,1765211251.3931887
2176,"(155.63052368164062, 5684.6455078125, 471.3677062988281, 60.682884216308594)","(-0.9260009527206421, -0.9256606698036194, 0.919446587562561, 0.9178366661071777)",31.9,1765211251.8269641
2177,"(162.385009765625, 6184.388671875, 493.7411804199219, 61.32493591308594)","(-0.9243341088294983, -0.9234510660171509, 0.9188466668128967, 0.92165607213974)",32.0,1765211252.0420334
2178,"(172.47372436523438, 5952.9228515625, 509.89154052734375, 65.93836975097656)","(-0.927857518196106, -0.9264916181564331, 0.9215602874755859, 0.9922795295715332)",32.0,1765211252.2603676
2179,"(187.2430419921875, 6001.80224609375, 503.6436767578125, 64.73908233642578)","(-0.9310528039932251, -0.9280602931976318, 0.9229677319526672, 0.9237943291664124)",32.1,1765211252.4821017
2180,"(174.283935546875, 5868.4599609375, 580.1934814453125, 74.38607788085938)","(-1.00063157081604, -0.9324510097503662, 0.923433780670166, 0.9267575144767761)",32.1,1765211252.6946926
2181,"(158.37814331054688, 6196.2666015625, 510.2214660644531, 63.32421112060547)","(-0.9327402710914612, -0.9318309426307678, 0.925688624382019, 0.9270486235618591)",32.1,1765211252.9118383
2182,"(177.45663452148438, 5967.1708984375, 507.85272216796875, 62.906044006347656)","(-0.9338672161102295, -0.9322278499603271, 0.9279050827026367, 0.9282969832420349)",32.1,1765211253.1273823
2183,"(181.66551208496094, 5951.1103515625, 520.2817993164062, 67.53509521484375)","(-0.9347956776618958, -0.934221625328064, 0.9290461540222168, 0.930091917514801)",32.1,1765211253.345563
2184,"(168.48025512695312, 5957.47265625, 539.923583984375, 69.24130249023438)","(-0.9360818266868591, -0.9378505349159241, 0.9303726553916931, 0.9323033690452576)",32.1,1765211253.5634162
2185,"(162.86041259765625, 5682.6923828125, 520.3547973632812, 67.2695541381836)","(-0.939955472946167, -0.9395248889923096, 0.9329406023025513, 0.9922717809677124)",32.1,1765211253.7789729
2186,"(171.2880096435547, 5930.7001953125, 493.9402770996094, 63.21501541137695)","(-0.9393582940101624, -0.9383854866027832, 0.9328415393829346, 0.9351268410682678)",32.1,1765211253.998229
2187,"(203.0166015625, 6127.24267578125, 535.5034790039062, 67.80281829833984)","(-0.9972813725471497, -0.9421722292900085, 0.9350966811180115, 0.9353659152984619)",32.1,1765211254.2122645
2188,"(177.91781616210938, 5902.9697265625, 556.2094116210938, 70.92947387695312)","(-0.9418634176254272, -0.9399039149284363, 0.9343805909156799, 0.939176619052887)",32.1,1765211254.4334877
2189,"(162.76300048828125, 6145.2001953125, 512.1937255859375, 67.81395721435547)","(-0.9445928931236267, -0.9435101747512817, 0.9382112622261047, 0.9378045797348022)",32.1,1765211254.6486351
2190,"(171.9481201171875, 6081.86328125, 499.3004455566406, 64.27640533447266)","(-0.9453244209289551, -0.9487749934196472, 0.937656044960022, 0.9416259527206421)",32.1,1765211254.8642714
2191,"(169.05355834960938, 5911.5234375, 517.4951782226562, 64.64967346191406)","(-0.9472643733024597, -0.9445288777351379, 0.941024899482727, 0.9404314756393433)",32.1,1765211255.0819283
2192,"(171.0999755859375, 5958.36083984375, 512.366943359375, 66.43929290771484)","(-0.9466342329978943, -0.9507765173912048, 0.9419596791267395, 0.9928721785545349)",32.1,1765211255.2975998
2193,"(175.616455078125, 6161.35595703125, 506.8189392089844, 65.63575744628906)","(-0.9494662284851074, -0.9499910473823547, 0.9436112642288208, 0.9433756470680237)",32.1,1765211255.5168505
2194,"(174.84710693359375, 5524.9580078125, 542.89013671875, 65.77922821044922)","(-0.9988880753517151, -0.9002717137336731, 0.9438186883926392, 0.9456509351730347)",32.1,1765211255.7314758
2195,"(192.56759643554688, 5926.853515625, 506.14776611328125, 62.82349395751953)","(-0.9014602899551392, -0.9004812836647034, 0.9451810717582703, 0.9471375346183777)",32.1,1765211255.951083
2196,"(164.61398315429688, 6050.44189453125, 528.6121826171875, 69.76251220703125)","(-0.9029977321624756, -0.9041697978973389, 0.9454971551895142, 0.94894939661026)",32.1,1765211256.1672623
2197,"(167.185546875, 5804.47119140625, 525.8065795898438, 68.48643493652344)","(-0.9054619669914246, -0.9034649133682251, 0.9483382701873779, 0.9485008716583252)",32.1,1765211256.384255
2198,"(171.50262451171875, 5723.05859375, 508.6856689453125, 62.367156982421875)","(-0.9076873064041138, -0.9071454405784607, 0.900536298751831, 0.9017134308815002)",32.1,1765211256.6019173
2199,"(162.58326721191406, 5958.0771484375, 494.1806640625, 69.90921020507812)","(-0.9094106554985046, -0.909377932548523, 0.9033913016319275, 0.9024184942245483)",32.1,1765211256.8160663
2200,"(176.19906616210938, 5810.95166015625, 488.6019287109375, 62.069236755371094)","(-0.9111743569374084, -0.9109860062599182, 0.9043626189231873, 0.9052560925483704)",32.1,1765211257.034314
2201,"(197.89215087890625, 5918.9609375, 534.8701171875, 65.08544921875)","(-0.9140126705169678, -0.9105543494224548, 0.9050678014755249, 0.9079461097717285)",32.1,1765211257.252086
2202,"(175.15867614746094, 5857.474609375, 623.67041015625, 73.26211547851562)","(-0.9140691161155701, -0.9111047387123108, 0.9071094989776611, 0.9095255136489868)",32.1,1765211257.4694648
2203,"(258.3433532714844, 6196.4931640625, 642.4739990234375, 67.3834228515625)","(-0.9156610369682312, -0.9156846404075623, 0.9090356826782227, 0.9109696745872498)",32.1,1765211257.6858408
2204,"(194.52392578125, 6143.8466796875, 550.1575927734375, 88.70382690429688)","(-0.9189227819442749, -0.9171426892280579, 0.9110327959060669, 0.9121991395950317)",32.1,1765211257.9012322
2205,"(153.0193634033203, 5983.18408203125, 536.91064453125, 63.76927947998047)","(-0.9175925850868225, -0.9169621467590332, 0.9132054448127747, 0.9137243628501892)",32.1,1765211258.1191852
2206,"(169.70150756835938, 6141.86474609375, 479.9189758300781, 62.693416595458984)","(-0.9204787015914917, -0.921260416507721, 0.9146728515625, 0.9154840111732483)",32.1,1765211258.3373668
2207,"(169.8479461669922, 6412.8896484375, 541.3084716796875, 59.985069274902344)","(-0.9207097291946411, -0.9198119044303894, 0.9160515666007996, 0.9172108173370361)",32.1,1765211258.5531087
2208,"(312.613525390625, 5391.068359375, 710.559814453125, 51.36244201660156)","(-0.9257423877716064, -0.9257714748382568, 0.9190584421157837, 0.9205259084701538)",33.9,1765211258.9862456
2209,"(274.5457763671875, 5453.69482421875, 738.881103515625, 44.990028381347656)","(-0.9281359314918518, -0.9271617531776428, 0.9210946559906006, 0.9222720265388489)",33.9,1765211259.2049925
2210,"(300.8361511230469, 5483.544921875, 712.9426879882812, 42.1065673828125)","(-0.930077314376831, -0.9272480607032776, 0.9219824075698853, 0.9240792393684387)",33.9,1765211259.422273
2211,"(272.550537109375, 5622.9921875, 736.7617797851562, 46.63639831542969)","(-0.9305604100227356, -0.9295191764831543, 0.9231398105621338, 0.9262021780014038)",33.9,1765211259.6376412
2212,"(246.45101928710938, 5985.0771484375, 696.6773681640625, 39.83374786376953)","(-0.9335141181945801, -0.9319002032279968, 0.9260291457176208, 0.9266822338104248)",33.9,1765211259.8559341
2213,"(274.3216552734375, 5693.9453125, 617.4204711914062, 38.225181579589844)","(-0.9344009160995483, -0.9324530959129333, 0.9266874194145203, 0.9291289448738098)",33.9,1765211260.0735927
2214,"(278.4580383300781, 5732.9892578125, 699.9443359375, 54.343223571777344)","(-0.9347208142280579, -0.9339396953582764, 0.9282513856887817, 0.9303420782089233)",33.9,1765211260.290154
2215,"(304.09588623046875, 6144.55078125, 619.5618896484375, 51.798072814941406)","(-0.9373291730880737, -0.9358917474746704, 0.9303341507911682, 0.9315114617347717)",33.9,1765211260.507892
2216,"(317.58447265625, 6055.4970703125, 681.2813110351562, 49.86581802368164)","(-0.9378098845481873, -0.9386338591575623, 0.930312991142273, 0.9343836903572083)",33.9,1765211260.7229948
2217,"(302.185546875, 5763.24072265625, 667.6647338867188, 41.018104553222656)","(-0.9400651454925537, -0.9410029053688049, 0.9326996803283691, 0.9344249963760376)",33.9,1765211260.94329
2218,"(254.09671020507812, 5647.2138671875, 601.456298828125, 35.406925201416016)","(-0.9426129460334778, -0.9409602880477905, 0.9343082308769226, 0.9359700083732605)",33.9,1765211261.156388
2219,"(294.9874572753906, 5587.09375, 534.4432983398438, 34.202171325683594)","(-0.9416515827178955, -0.9420644640922546, 0.9353404641151428, 0.937981367111206)",33.9,1765211261.3746352
2220,"(277.6585693359375, 5496.486328125, 557.1483154296875, 33.68286895751953)","(-0.9447835683822632, -0.9433737397193909, 0.980739951133728, 0.9384782314300537)",33.9,1765211261.592814
2221,"(275.1234436035156, 5705.8134765625, 542.3859252929688, 37.94660949707031)","(-0.9463454484939575, -0.9443975687026978, 0.9380914568901062, 0.940388560295105)",33.9,1765211261.8078477
2222,"(265.202880859375, 5771.6728515625, 493.8126525878906, 36.91721725463867)","(-0.9471007585525513, -0.9473643898963928, 0.940208375453949, 0.9411458373069763)",33.9,1765211262.026077
2223,"(290.4742126464844, 5714.9013671875, 521.8914184570312, 35.191802978515625)","(-0.9482609629631042, -0.9469241499900818, 0.941389799118042, 0.942842423915863)",33.9,1765211262.2430727
2224,"(282.5352478027344, 5692.8662109375, 541.0899658203125, 37.011741638183594)","(-0.9486159086227417, -0.9494772553443909, 0.942737877368927, 0.9436547160148621)",33.9,1765211262.4619653
2225,"(278.76544189453125, 5258.3193359375, 532.5922241210938, 38.28137969970703)","(-0.9504860043525696, -0.9476460218429565, 0.9440783858299255, 0.9448707103729248)",33.9,1765211262.6748924
2226,"(280.461669921875, 5544.75732421875, 556.8944091796875, 36.18817901611328)","(-0.9009916186332703, -0.9009337425231934, 0.9449237585067749, 0.946840763092041)",33.9,1765211262.8932085
2227,"(257.7799987792969, 5399.1064453125, 579.4857177734375, 33.35261535644531)","(-0.9029878973960876, -0.9033364653587341, 0.9761858582496643, 0.9478356838226318)",33.9,1765211263.1114104
2228,"(277.3797302246094, 5869.7734375, 661.2092895507812, 37.691280364990234)","(-0.9046895503997803, -0.9051574468612671, 0.9475420713424683, 0.9491279721260071)",33.9,1765211263.328314
2229,"(269.4524841308594, 5761.25048828125, 683.22802734375, 32.665000915527344)","(-0.9068304300308228, -0.9063547253608704, 0.9003462195396423, 0.9016128778457642)",33.9,1765211263.5446439
2230,"(260.8386535644531, 5625.318359375, 675.992431640625, 30.02751922607422)","(-0.9088654518127441, -0.908526599407196, 0.902092695236206, 0.9034901261329651)",33.9,1765211263.7602046
2231,"(281.51654052734375, 5851.1982421875, 689.19970703125, 30.310546875)","(-0.9110682606697083, -0.9092071652412415, 0.90351402759552, 0.9056706428527832)",33.9,1765211263.978084
2232,"(284.1356201171875, 5631.0712890625, 704.3096923828125, 34.05171203613281)","(-0.9150082468986511, -0.9109910726547241, 0.9057570099830627, 0.9069193005561829)",33.9,1765211264.1962502
2233,"(268.0262756347656, 5674.0185546875, 563.617431640625, 23.86688995361328)","(-0.9141256809234619, -0.9125869274139404, 0.9088459610939026, 0.907232940196991)",33.9,1765211264.411731
2234,"(284.5257263183594, 5695.98291015625, 691.4615478515625, 34.28339385986328)","(-0.9161767959594727, -0.9160126447677612, 0.9714651703834534, 0.9106070399284363)",33.9,1765211264.630007
2235,"(290.28924560546875, 5780.6455078125, 659.921142578125, 41.924293518066406)","(-0.9179047346115112, -0.9177945256233215, 0.9108186960220337, 0.9123645424842834)",33.9,1765211264.8528895
2236,"(303.6817626953125, 5922.51708984375, 662.2816162109375, 42.89226531982422)","(-0.9195023775100708, -0.919490396976471, 0.9129509925842285, 0.9135133028030396)",33.9,1765211265.0638416
2237,"(280.98065185546875, 5522.73095703125, 628.334228515625, 39.74750518798828)","(-0.920905351638794, -0.9210361838340759, 0.9139759540557861, 0.915945827960968)",34.0,1765211265.2814965
2238,"(302.1917724609375, 6013.826171875, 626.1080322265625, 41.820396423339844)","(-0.9227321743965149, -0.9216194152832031, 0.9165340065956116, 0.9168418645858765)",34.0,1765211265.4965584
2239,"(290.78302001953125, 5868.4931640625, 669.1135864257812, 43.86170959472656)","(-0.9226633310317993, -0.9228829741477966, 0.9187968373298645, 0.9183343648910522)",34.0,1765211265.7148268
2240,"(410.4748840332031, 5636.1474609375, 721.8409423828125, 35.547019958496094)","(-0.9258502721786499, -0.92784583568573, 0.9668549299240112, 0.9212026000022888)",35.5,1765211266.148641
2241,"(423.71746826171875, 5378.41943359375, 706.7055053710938, 35.1118278503418)","(-0.9286145567893982, -0.930316150188446, 0.9226949214935303, 0.9234575033187866)",35.6,1765211266.366409
2242,"(429.85650634765625, 5670.24560546875, 763.5382080078125, 33.86738204956055)","(-0.9298684597015381, -0.9289048910140991, 0.9242104887962341, 0.9253243803977966)",35.6,1765211266.5818305
2243,"(403.0076904296875, 5359.353515625, 745.4381103515625, 35.47392272949219)","(-0.9316859841346741, -0.9335917830467224, 0.9259649515151978, 0.9265196919441223)",35.6,1765211266.80012
2244,"(408.875244140625, 5688.02392578125, 756.478759765625, 35.194419860839844)","(-0.9334644079208374, -0.9314745664596558, 0.9274865984916687, 0.9284282326698303)",35.6,1765211267.015164
2245,"(409.37738037109375, 5628.755859375, 737.1651000976562, 35.98102569580078)","(-0.9343327879905701, -0.9380463361740112, 0.9286438822746277, 0.9298547506332397)",35.6,1765211267.234529
2246,"(389.35888671875, 5425.7724609375, 715.7921142578125, 32.92417907714844)","(-0.936099648475647, -0.935115396976471, 0.9301251769065857, 0.9316121935844421)",35.6,1765211267.451941
2247,"(374.9208679199219, 5718.9033203125, 773.3278198242188, 33.0224723815918)","(-0.9341105818748474, -0.9377679824829102, 0.9597564935684204, 0.9327726364135742)",35.6,1765211267.6671922
2248,"(406.5386962890625, 5444.7578125, 687.3425903320312, 31.184349060058594)","(-0.9396252036094666, -0.9373912215232849, 0.932375431060791, 0.933755099773407)",35.6,1765211267.884936
2249,"(421.42510986328125, 5676.546875, 736.9961547851562, 34.83884048461914)","(-0.9411410689353943, -0.9418373107910156, 0.9347862005233765, 0.9363080263137817)",35.6,1765211268.1004488
2250,"(414.86090087890625, 5454.54248046875, 693.4307861328125, 31.745344161987305)","(-0.941551923751831, -0.9420241713523865, 0.9365334510803223, 0.9366835355758667)",35.6,1765211268.3189006
2251,"(421.6544494628906, 5228.5068359375, 728.2391967773438, 32.315528869628906)","(-0.9433999061584473, -0.943790853023529, 0.937615156173706, 0.9382184147834778)",35.6,1765211268.5337465
2252,"(407.7230224609375, 5435.04541015625, 715.307861328125, 32.69972610473633)","(-0.9459642171859741, -0.9450429677963257, 0.9388632774353027, 0.9399482011795044)",35.6,1765211268.7543988
2253,"(401.35430908203125, 5452.9375, 679.8864135742188, 31.807178497314453)","(-0.9472065567970276, -0.9469574093818665, 0.9399803876876831, 0.9418905973434448)",35.6,1765211268.9702983
2254,"(409.8497619628906, 5554.66455078125, 732.2153930664062, 33.167335510253906)","(-0.9484356045722961, -0.9480264782905579, 0.9522562623023987, 0.9430248737335205)",35.6,1765211269.1856477
2255,"(413.45574951171875, 5378.9052734375, 706.9530029296875, 32.06031036376953)","(-0.9501332640647888, -0.9498884677886963, 0.9427076578140259, 0.9442919492721558)",35.6,1765211269.4036384
2256,"(398.8477478027344, 5783.56884765625, 688.8036499023438, 34.33911895751953)","(-0.9469298124313354, -0.9516682028770447, 0.9439444541931152, 0.9452507495880127)",35.6,1765211269.6190956
2257,"(402.72442626953125, 5399.83984375, 697.1028442382812, 30.940399169921875)","(-0.900651216506958, -0.9004001021385193, 0.9462983012199402, 0.9459897875785828)",35.6,1765211269.8376534
2258,"(417.81903076171875, 5470.73681640625, 739.061767578125, 31.84020233154297)","(-0.9029761552810669, -0.9028035998344421, 0.9469696879386902, 0.9473692774772644)",35.6,1765211270.0582087
2259,"(404.05914306640625, 5375.05322265625, 743.5416870117188, 33.088844299316406)","(-0.9043834805488586, -0.9045165181159973, 0.9473152160644531, 0.949486494064331)",35.6,1765211270.2707076
2260,"(396.71453857421875, 5577.04443359375, 723.1754150390625, 33.01626968383789)","(-0.9050780534744263, -0.9056516289710999, 0.9001069068908691, 0.9012573957443237)",35.6,1765211270.4889874
2261,"(404.52777099609375, 5682.740234375, 757.5750732421875, 32.074031829833984)","(-0.9082438945770264, -0.908305287361145, 0.9447441101074219, 0.9027791619300842)",35.6,1765211270.7074146
2262,"(413.6068420410156, 5354.7890625, 732.842529296875, 32.56793212890625)","(-0.9097133278846741, -0.9100897312164307, 0.9037350416183472, 0.9052363038063049)",35.6,1765211270.9222124
2263,"(411.7821044921875, 5524.03466796875, 698.6981201171875, 32.45086669921875)","(-0.9113202691078186, -0.9115139842033386, 0.905738890171051, 0.9068062901496887)",35.6,1765211271.1409364
2264,"(414.61688232421875, 5386.28759765625, 721.9935302734375, 33.29107666015625)","(-0.9132296442985535, -0.9134660363197327, 0.9073867201805115, 0.9084972739219666)",35.6,1765211271.3559473
2265,"(407.7477722167969, 5407.939453125, 729.0567626953125, 32.367000579833984)","(-0.9159182906150818, -0.9153232574462891, 0.9088758826255798, 0.9102995991706848)",35.6,1765211271.5737994
2266,"(404.0269470214844, 5395.5, 698.4119873046875, 33.20106887817383)","(-0.9177427291870117, -0.9173457026481628, 0.9108726382255554, 0.9123693704605103)",35.6,1765211271.7897243
2267,"(420.4910583496094, 5624.8720703125, 694.6400146484375, 32.163612365722656)","(-0.9190068244934082, -0.9180452227592468, 0.9118608236312866, 0.9141119122505188)",35.6,1765211272.0085456
2268,"(435.032470703125, 5357.5, 754.5668334960938, 32.572261810302734)","(-0.9205852150917053, -0.9210888147354126, 0.914568305015564, 0.9152121543884277)",35.6,1765211272.2252579
2269,"(422.5216979980469, 5485.87890625, 714.0867919921875, 32.49882507324219)","(-0.9219900965690613, -0.9221028089523315, 0.9158571362495422, 0.9173946380615234)",35.6,1765211272.4422264
2270,"(404.37933349609375, 5623.68310546875, 723.4102172851562, 33.137298583984375)","(-0.9238944053649902, -0.9254426956176758, 0.9174192547798157, 0.9186125993728638)",35.6,1765211272.6594362
2271,"(406.2940673828125, 5585.107421875, 711.9426879882812, 32.798885345458984)","(-0.9263033270835876, -0.9236226677894592, 0.9190964102745056, 0.9206212162971497)",35.6,1765211272.8745027
2272,"(598.9168701171875, 5409.2353515625, 778.8790283203125, 37.727779388427734)","(-0.9282761812210083, -0.9282989501953125, 0.9221212267875671, 0.9237960577011108)",37.5,1765211273.3110716
2273,"(597.2915649414062, 5169.24609375, 821.5020141601562, 39.01160430908203)","(-0.9302693009376526, -0.9301939010620117, 0.9239054918289185, 0.9248252511024475)",37.6,1765211273.5261548
2274,"(641.51171875, 4976.9248046875, 860.4217529296875, 38.919761657714844)","(-0.9316369891166687, -0.9315927028656006, 0.9254875183105469, 0.9267355799674988)",37.6,1765211273.7439349
2275,"(615.780029296875, 5074.71826171875, 852.1513671875, 39.440486907958984)","(-0.933125376701355, -0.9325946569442749, 0.9266214966773987, 0.9284192323684692)",37.6,1765211273.9610891
2276,"(608.4418334960938, 5155.8837890625, 834.6900024414062, 39.82965850830078)","(-0.9348596334457397, -0.9347700476646423, 0.9282588958740234, 0.9294911026954651)",37.6,1765211274.177637
2277,"(667.5398559570312, 4967.85400390625, 844.3461303710938, 34.56903839111328)","(-0.9985734224319458, -0.9361410737037659, 0.9295673966407776, 0.9313429594039917)",37.6,1765211274.3931963
2278,"(658.2396850585938, 5110.9951171875, 842.423828125, 35.833595275878906)","(-0.9373993873596191, -0.9373362064361572, 0.9312494993209839, 0.9327684044837952)",37.6,1765211274.6109943
2279,"(596.7239379882812, 5324.04736328125, 842.221435546875, 41.905784606933594)","(-0.9388852119445801, -0.9390566945075989, 0.9327479004859924, 0.9340305328369141)",37.6,1765211274.82918
2280,"(643.37158203125, 5020.41259765625, 910.251220703125, 42.995487213134766)","(-0.9406533241271973, -0.9408815503120422, 0.9343840479850769, 0.9357001781463623)",37.6,1765211275.0446417
2281,"(615.54052734375, 5156.91064453125, 891.2271728515625, 38.78456115722656)","(-0.9420728087425232, -0.9426888823509216, 0.935600221157074, 0.9369352459907532)",37.6,1765211275.2625701
2282,"(604.7904052734375, 5128.83056640625, 842.300048828125, 31.268566131591797)","(-0.9436769485473633, -0.9157987236976624, 0.9366086721420288, 0.9738039970397949)",37.6,1765211275.478065
2283,"(622.003173828125, 4670.37060546875, 900.76025390625, 25.18020248413086)","(-0.9452072381973267, -0.9453513026237488, 0.9378834366798401, 0.9397441148757935)",37.6,1765211275.6988468
2284,"(694.8685302734375, 4603.7548828125, 967.3003540039062, 29.27613067626953)","(-0.9806993007659912, -0.946498453617096, 0.9392898082733154, 0.9410431981086731)",37.6,1765211275.914135
2285,"(656.4119873046875, 4836.630859375, 997.3778076171875, 38.199974060058594)","(-0.9480166435241699, -0.9483189582824707, 0.9415507912635803, 0.9420954585075378)",37.6,1765211276.1295376
2286,"(632.698974609375, 4855.7900390625, 1011.26220703125, 43.37371063232422)","(-0.9495311975479126, -0.9498742818832397, 0.9430186748504639, 0.9433281421661377)",37.6,1765211276.3477743
2287,"(620.3504028320312, 4882.71923828125, 894.698486328125, 38.41461181640625)","(-0.9508786797523499, -0.9513978958129883, 0.9439667463302612, 0.9451181888580322)",37.6,1765211276.5634289
2288,"(650.5120239257812, 4829.58251953125, 927.2720336914062, 42.775184631347656)","(-0.9010071754455566, -0.9014416337013245, 0.9450675845146179, 0.9464739561080933)",37.6,1765211276.781095
2289,"(621.974609375, 5049.1884765625, 901.2149047851562, 45.48450469970703)","(-0.9029878973960876, -0.9042856693267822, 0.9460783004760742, 0.9795630574226379)",37.6,1765211276.9993756
2290,"(565.2926025390625, 4891.1240234375, 915.5567016601562, 32.154640197753906)","(-0.9039954543113708, -0.904328465461731, 0.9469693899154663, 0.9494893550872803)",37.6,1765211277.2991061
2291,"(4648.095703125, 32.29304504394531, 32.45549774169922, 29.08655548095703)","(-0.906776487827301, -0.9073306918144226, 0.9007968306541443, 0.9009935855865479)",37.6,1765211277.4553704
2292,"(551.9078979492188, 5018.3623046875, 577.9620361328125, 16.410184860229492)","(-0.9077480435371399, -0.908100426197052, 0.9017519354820251, 0.9026904702186584)",37.6,1765211277.648122
2293,"(501.4625244140625, 4793.2685546875, 871.48095703125, 9.67918586730957)","(-0.9098028540611267, -0.9102750420570374, 0.9033470153808594, 0.9048337936401367)",37.6,1765211277.8663623
2294,"(490.6607666015625, 5082.458984375, 639.8991088867188, 45.454322814941406)","(-0.911708414554596, -0.9113787412643433, 0.9049672484397888, 0.9067140817642212)",37.6,1765211278.084587
2295,"(608.5089111328125, 5382.501953125, 767.8282470703125, 55.78197479248047)","(-0.913009524345398, -0.9135696887969971, 0.9068847894668579, 0.9080342054367065)",37.6,1765211278.2996526
2296,"(611.6708984375, 5075.24072265625, 816.78076171875, 49.088226318359375)","(-0.9145224094390869, -0.9146276712417603, 0.908427357673645, 0.9831632375717163)",37.6,1765211278.5178738
2297,"(609.75732421875, 5075.98046875, 829.74365234375, 62.40874481201172)","(-0.9166007041931152, -0.9169671535491943, 0.9103801250457764, 0.9113231301307678)",37.6,1765211278.7344146
2298,"(637.5392456054688, 5667.7939453125, 578.974365234375, 73.69696044921875)","(-0.9185500741004944, -0.9178624153137207, 0.9120699167251587, 0.9128942489624023)",37.6,1765211278.9526153
2299,"(735.596435546875, 5302.48974609375, 465.1943359375, 29.996789932250977)","(-0.9209396839141846, -0.9205318093299866, 0.9136912822723389, 0.9149792194366455)",37.6,1765211279.1694095
2300,"(705.9827270507812, 5480.2734375, 522.8995361328125, 54.096588134765625)","(-0.9222787022590637, -0.9217643737792969, 0.9152138233184814, 0.9166198968887329)",37.6,1765211279.384866
2301,"(749.5518798828125, 4243.32275390625, 639.532958984375, 39.70692443847656)","(-0.9235597848892212, -0.9233468174934387, 0.9167565107345581, 0.9181785583496094)",37.6,1765211279.603119
2302,"(733.1578369140625, 5037.21142578125, 691.7266845703125, 40.40204620361328)","(-0.9248632788658142, -0.9254189729690552, 0.9187433123588562, 0.9195672869682312)",37.6,1765211279.818352
2303,"(813.6129150390625, 4811.7900390625, 720.7029418945312, 75.63687133789062)","(-0.9265751838684082, -0.9268012046813965, 0.9200546741485596, 0.986371636390686)",37.6,1765211280.0366209
2304,"(3908.524169921875, 825.3978271484375, 189.33326721191406, 175.515380859375)","(-0.9165831804275513, -0.9167406558990479, 0.9102687835693359, 0.9102013111114502)",39.5,1765211327.5946262
2305,"(1126.5205078125, 3825.74365234375, 836.80419921875, 178.1442108154297)","(-0.9176378846168518, -0.9176173806190491, 0.9891307353973389, 0.9121310114860535)",39.6,1765211327.7754548
2306,"(1127.9326171875, 3926.570556640625, 778.6878051757812, 171.81683349609375)","(-0.9192770719528198, -0.9194170832633972, 0.9138960242271423, 0.9139697551727295)",39.6,1765211327.9932666
2307,"(1231.769287109375, 3363.223876953125, 642.8772583007812, 87.31413269042969)","(-0.9218168258666992, -0.9211971163749695, 0.915238618850708, 0.9154740571975708)",39.6,1765211328.2115014
2308,"(1204.98828125, 3731.38134765625, 1102.898193359375, 63.96862030029297)","(-0.9224954843521118, -0.9226213097572327, 0.9174703359603882, 0.9183175563812256)",39.6,1765211328.429805
2309,"(1135.080810546875, 3664.93017578125, 580.6859741210938, 49.529052734375)","(-0.9250457882881165, -0.9251093864440918, 0.9184780120849609, 0.9183472394943237)",39.6,1765211328.6461318
2310,"(1397.0062255859375, 3708.343505859375, 1021.4237060546875, 74.59553527832031)","(-0.9260751008987427, -0.9260084629058838, 0.9202492237091064, 0.9200149774551392)",39.6,1765211328.8639982
2311,"(1530.464599609375, 3236.4150390625, 636.2998657226562, 78.822021484375)","(-0.9281679391860962, -0.92841637134552, 0.921828031539917, 0.9215528964996338)",39.6,1765211329.0785403
2312,"(1515.2406005859375, 3245.303955078125, 415.6107177734375, 49.12298583984375)","(-0.9290114641189575, -0.929071843624115, 0.9241688251495361, 0.9224241971969604)",39.6,1765211329.2963362
2313,"(1649.0855712890625, 3256.0771484375, 455.4822998046875, 50.010169982910156)","(-0.9306625127792358, -0.9307529330253601, 0.9250858426094055, 0.9240128993988037)",39.6,1765211329.512937
2314,"(1510.74560546875, 3500.41259765625, 208.6236572265625, 57.97795867919922)","(-0.9325002431869507, -0.932237982749939, 0.9267604947090149, 0.9256352782249451)",39.6,1765211329.730175
2315,"(1179.57666015625, 3868.31884765625, 300.5670166015625, 34.66631317138672)","(-0.9337368011474609, -0.933845579624176, 0.928585410118103, 0.9271948933601379)",39.6,1765211329.948149
2316,"(1233.638916015625, 3635.84228515625, 435.2108154296875, 61.21456527709961)","(-0.93505859375, -0.9352412819862366, 0.92977374792099, 0.9290927052497864)",39.6,1765211330.165973
2317,"(1127.452392578125, 3301.93505859375, 364.1837158203125, 66.58621215820312)","(-0.936721920967102, -0.9364675283432007, 0.9309261441230774, 0.9308264851570129)",39.6,1765211330.3817909
2318,"(1208.6988525390625, 3094.350830078125, 447.30340576171875, 149.45159912109375)","(-0.9386694431304932, -0.9384631514549255, 0.9322540163993835, 0.9325839877128601)",39.6,1765211330.5971773
2319,"(1118.513916015625, 3752.689453125, 243.90159606933594, 110.04449462890625)","(-0.9397566318511963, -0.9394683837890625, 0.933809220790863, 0.9341738820075989)",39.6,1765211330.8149483
2320,"(857.0673217773438, 3725.76806640625, 412.8590087890625, 8.984489440917969)","(-0.9412944316864014, -0.9418227672576904, 0.9355077743530273, 0.9335129261016846)",39.6,1765211331.030468
2321,"(1182.335693359375, 4281.3017578125, 596.0247802734375, 1.3874518871307373)","(-0.9423263072967529, -0.9421190023422241, 0.9370577931404114, 0.9355148077011108)",39.6,1765211331.248693
2322,"(1144.98974609375, 3979.52880859375, 756.9949951171875, 22.67207908630371)","(-0.9588228464126587, -0.9446072578430176, 0.9381600618362427, 0.9393801689147949)",39.6,1765211331.4640527
2323,"(916.5215454101562, 4057.58251953125, 678.7862548828125, 27.530078887939453)","(-0.9453186988830566, -0.9457427263259888, 0.939376711845398, 0.9405902624130249)",39.6,1765211331.684707
2324,"(1079.89453125, 4191.0595703125, 803.6549072265625, 35.961265563964844)","(-0.9469881057739258, -0.9470136165618896, 0.9407475590705872, 0.9418134093284607)",39.6,1765211331.901319
2325,"(931.3721313476562, 4620.9365234375, 731.3870239257812, 86.23081970214844)","(-0.9482744932174683, -0.9486133456230164, 0.942108154296875, 0.942877471446991)",39.6,1765211332.1157086
2326,"(1040.712158203125, 4149.3115234375, 1225.4638671875, 135.70162963867188)","(-0.9496318101882935, -0.949548065662384, 0.9433578848838806, 0.9437553286552429)",39.6,1765211332.3341281
2327,"(861.6644897460938, 5168.4658203125, 865.6602783203125, 109.49720001220703)","(-0.9507530927658081, -0.9057208895683289, 0.9446988701820374, 0.9454746246337891)",39.6,1765211332.548991
2328,"(1175.1199951171875, 4495.2607421875, 1165.37109375, 63.81688690185547)","(-0.9018867611885071, -0.9019476175308228, 0.9464995265007019, 0.9467986226081848)",39.6,1765211332.7672896
2329,"(1112.93212890625, 4149.9130859375, 923.986083984375, 62.530921936035156)","(-0.9036288261413574, -0.9036419987678528, 0.9474735260009766, 0.9479454755783081)",39.6,1765211332.9851356
2330,"(1135.272216796875, 4081.17041015625, 957.4644165039062, 52.41847229003906)","(-0.90543133020401, -0.9055377840995789, 0.9487255215644836, 0.9005337357521057)",39.6,1765211333.2005448
2331,"(1123.7867431640625, 4131.23583984375, 1234.67919921875, 26.056621551513672)","(-0.9071797132492065, -0.9071598052978516, 0.901110827922821, 0.9029711484909058)",39.6,1765211333.4228337
2332,"(1084.482421875, 4156.6826171875, 1017.6223754882812, 27.38147735595703)","(-0.909123957157135, -0.9091233015060425, 0.9027584791183472, 0.9042450189590454)",39.6,1765211333.635012
2333,"(1014.833251953125, 4127.33984375, 1097.4052734375, 34.97888946533203)","(-0.9106578230857849, -0.9110757112503052, 0.9046748280525208, 0.9060599207878113)",39.6,1765211333.8539236
2334,"(1013.5332641601562, 4663.6572265625, 948.3607177734375, 44.190345764160156)","(-0.9124012589454651, -0.9776487350463867, 0.9065198302268982, 0.9079487323760986)",39.6,1765211334.0704803
2335,"(1124.5477294921875, 4139.15966796875, 1208.4296875, 34.9245491027832)","(-0.9147267937660217, -0.9144154191017151, 0.9084027409553528, 0.9095346927642822)",39.6,1765211334.290221
2336,"(1282.6956787109375, 4154.55810546875, 1172.03515625, 21.003711700439453)","(-0.9181562662124634, -0.9182879328727722, 0.9117109775543213, 0.9127476811408997)",40.8,1765211334.7192986
2337,"(1297.214599609375, 4080.7099609375, 1184.2738037109375, 30.067668914794922)","(-0.9197812080383301, -0.9197444915771484, 0.9133488535881042, 0.9148514270782471)",40.9,1765211334.9381998
2338,"(1248.2481689453125, 3899.654541015625, 1178.4698486328125, 30.555238723754883)","(-0.9212891459465027, -0.9214562177658081, 0.914794921875, 0.9160550236701965)",41.0,1765211335.1556354
2339,"(1358.171142578125, 4208.6513671875, 1249.830078125, 32.74420166015625)","(-0.9227835536003113, -0.9234552979469299, 0.9164609909057617, 0.9175549149513245)",41.0,1765211335.3707569
2340,"(1273.685791015625, 4256.0888671875, 1222.50146484375, 33.76288986206055)","(-0.9244301319122314, -0.9717553853988647, 0.9182184934616089, 0.9192577600479126)",41.0,1765211335.5902648
2341,"(1302.186767578125, 4296.39599609375, 1126.0982666015625, 39.190673828125)","(-0.9260073900222778, -0.9260926246643066, 0.9199827313423157, 0.9210528135299683)",41.0,1765211335.8044233
2342,"(1249.55322265625, 4141.1240234375, 1152.1209716796875, 37.23383331298828)","(-0.9272436499595642, -0.927782416343689, 0.9216698408126831, 0.9224936962127686)",41.0,1765211336.022262
2343,"(1176.82568359375, 3952.6171875, 1144.703369140625, 45.766754150390625)","(-0.9294273257255554, -0.9294936656951904, 0.9232820868492126, 0.9243777394294739)",41.0,1765211336.2405217
2344,"(1274.8974609375, 4111.05126953125, 1217.34423828125, 43.6308479309082)","(-0.9311974048614502, -0.9309821128845215, 0.9246088862419128, 0.9255619049072266)",41.0,1765211336.456983
2345,"(1228.908203125, 4111.54833984375, 1243.8104248046875, 41.51085662841797)","(-0.9320937395095825, -0.9332692623138428, 0.9269456267356873, 0.9276388883590698)",41.0,1765211336.6742313
2346,"(1237.4373779296875, 4377.537109375, 1237.324462890625, 42.390174865722656)","(-0.9334946870803833, -0.9338475465774536, 0.9284079074859619, 0.9288874268531799)",41.0,1765211336.8894048
2347,"(1215.913330078125, 4181.52587890625, 1224.8182373046875, 38.59086990356445)","(-0.9346103072166443, -0.9649043083190918, 0.9293972849845886, 0.930012047290802)",41.0,1765211337.1077287
2348,"(1206.938232421875, 3955.371337890625, 1166.7021484375, 37.70435333251953)","(-0.9368888735771179, -0.9367604851722717, 0.9306308627128601, 0.9317071437835693)",41.0,1765211337.325853
2349,"(1282.8388671875, 4273.09130859375, 1262.7359619140625, 40.76590347290039)","(-0.9379103183746338, -0.9379520416259766, 0.9327042102813721, 0.9331973195075989)",41.0,1765211337.5409448
2350,"(1184.91064453125, 3860.63037109375, 1193.33349609375, 39.343421936035156)","(-0.9398155808448792, -0.9399020075798035, 0.9337747097015381, 0.9345461130142212)",41.0,1765211337.7593467
2351,"(1276.038330078125, 3943.1953125, 1250.401123046875, 40.747108459472656)","(-0.941008448600769, -0.9408127069473267, 0.934934675693512, 0.9360940456390381)",41.0,1765211337.9746644
2352,"(1212.637451171875, 4002.98828125, 1240.35595703125, 40.29567337036133)","(-0.9425449371337891, -0.9426836371421814, 0.9364973306655884, 0.937539279460907)",41.0,1765211338.1964505
2353,"(1258.5859375, 3901.481689453125, 1223.7708740234375, 38.856163024902344)","(-0.9443403482437134, -0.9444225430488586, 0.9377560615539551, 0.9387215971946716)",41.0,1765211338.4106276
2354,"(1248.459228515625, 4127.107421875, 1269.86962890625, 39.72532653808594)","(-0.9450699090957642, -0.9573317766189575, 0.9394304752349854, 0.9399150013923645)",41.0,1765211338.6261842
2355,"(1248.72119140625, 3976.55615234375, 1209.530029296875, 37.16234588623047)","(-0.9467282891273499, -0.9471824169158936, 0.9408364295959473, 0.9417741298675537)",41.0,1765211338.8443801
2356,"(1287.333251953125, 4065.21533203125, 1288.764404296875, 39.927154541015625)","(-0.9476107954978943, -0.9477907419204712, 0.942242443561554, 0.9426048994064331)",41.0,1765211339.0594485
2357,"(1217.060546875, 3793.4306640625, 1217.64599609375, 38.78623962402344)","(-0.9488792419433594, -0.9490481615066528, 0.9432873129844666, 0.9440557956695557)",41.0,1765211339.277706
2358,"(1284.268798828125, 4001.49560546875, 1113.322509765625, 38.649436950683594)","(-0.9000226259231567, -0.9002297520637512, 0.9444506168365479, 0.9455327987670898)",41.0,1765211339.4933074
2359,"(1213.9622802734375, 3937.656494140625, 1228.0152587890625, 39.77228546142578)","(-0.9014540314674377, -0.9015908241271973, 0.9458813071250916, 0.9465892910957336)",41.0,1765211339.7125547
2360,"(1235.611572265625, 3889.167724609375, 1237.66748046875, 38.50291442871094)","(-0.9036595225334167, -0.9037153720855713, 0.9473736882209778, 0.9482378363609314)",41.0,1765211339.933584
2361,"(1266.02490234375, 4098.47021484375, 1261.94775390625, 41.08832550048828)","(-0.9052527546882629, -0.9499916434288025, 0.9485292434692383, 0.9496689438819885)",41.0,1765211340.1453397
2362,"(1243.1951904296875, 3972.24609375, 1236.652587890625, 40.32756805419922)","(-0.9076250791549683, -0.9076577425003052, 0.9007846117019653, 0.9022257924079895)",41.0,1765211340.363086
2363,"(1261.44677734375, 3964.456787109375, 1263.716552734375, 38.31085205078125)","(-0.9564375281333923, -0.9088050127029419, 0.9024848937988281, 0.9038980603218079)",41.0,1765211340.5782418
2364,"(1245.44287109375, 3955.519287109375, 1247.5765380859375, 39.27785110473633)","(-0.9106668829917908, -0.9107080101966858, 0.9045050144195557, 0.9059140086174011)",41.0,1765211340.796353
2365,"(1196.8197021484375, 3857.232421875, 1192.9356689453125, 40.336273193359375)","(-0.9121468663215637, -0.9122915863990784, 0.9062345623970032, 0.9073426127433777)",41.0,1765211341.0156314
2366,"(1234.156005859375, 4056.591552734375, 1243.251220703125, 44.791893005371094)","(-0.9139605164527893, -0.9141663312911987, 0.9082839488983154, 0.9089249968528748)",41.0,1765211341.2300253
2367,"(1229.65234375, 3996.7734375, 1282.4412841796875, 42.24565124511719)","(-0.9158022999763489, -0.9163872599601746, 0.9100494384765625, 0.9109261631965637)",41.0,1765211341.4481587
2368,"(1517.482421875, 3536.404541015625, 1367.7445068359375, 46.35151672363281)","(-0.9188135862350464, -0.9191474318504333, 0.9131665825843811, 0.9137393236160278)",43.0,1765211341.8815923
2369,"(1643.4320068359375, 3418.89990234375, 1428.826416015625, 41.788509368896484)","(-0.9213462471961975, -0.9218863248825073, 0.9150130748748779, 0.916166365146637)",43.2,1765211342.0998673
2370,"(1558.69384765625, 3385.887939453125, 1418.6533203125, 41.405616760253906)","(-0.9220372438430786, -0.9224807024002075, 0.9163886308670044, 0.9173571467399597)",43.3,1765211342.315312
2371,"(1548.41015625, 3467.34130859375, 1421.73486328125, 44.73159408569336)","(-0.9242798686027527, -0.9249430298805237, 0.9183133244514465, 0.9193828105926514)",43.3,1765211342.5366342
2372,"(1523.008544921875, 3394.736572265625, 1393.473388671875, 44.752140045166016)","(-0.9253458380699158, -0.9256016612052917, 0.919704794883728, 0.920529842376709)",43.3,1765211342.7485688
2373,"(1559.30126953125, 3407.15478515625, 1415.0799560546875, 43.115699768066406)","(-0.9271754026412964, -0.9279259443283081, 0.9216223955154419, 0.922561764717102)",43.3,1765211342.966471
2374,"(1478.275390625, 3379.273193359375, 1351.888916015625, 46.958595275878906)","(-0.928529679775238, -0.9285654425621033, 0.9227445721626282, 0.9239343404769897)",43.3,1765211343.1846366
2375,"(1550.953125, 3405.79296875, 1417.644775390625, 41.96067810058594)","(-0.9305424094200134, -0.9308516979217529, 0.9248143434524536, 0.9258415102958679)",43.3,1765211343.4005156
2376,"(1554.82177734375, 3234.57373046875, 1438.727783203125, 40.50270080566406)","(-0.9317179322242737, -0.9321901202201843, 0.9262953996658325, 0.9270845651626587)",43.3,1765211343.6179824
2377,"(1570.72900390625, 3317.123291015625, 1393.3133544921875, 40.319847106933594)","(-0.9340500235557556, -0.9341643452644348, 0.9271749258041382, 0.928554892539978)",43.3,1765211343.8339672
2378,"(1561.322265625, 3348.42822265625, 1436.3017578125, 42.82994842529297)","(-0.934429943561554, -0.9349762797355652, 0.9293686151504517, 0.9297081828117371)",43.3,1765211344.0532932
2379,"(1699.726318359375, 3246.096923828125, 1507.296875, 39.43377685546875)","(-0.9371546506881714, -0.9373401999473572, 0.9305099844932556, 0.9316153526306152)",43.3,1765211344.266896
2380,"(1593.4432373046875, 3283.58447265625, 1454.81689453125, 39.08638000488281)","(-0.9375370144844055, -0.9376212954521179, 0.9318305253982544, 0.9328092336654663)",43.3,1765211344.4850893
2381,"(1578.3055419921875, 3526.41845703125, 1405.457763671875, 40.99577331542969)","(-0.9392026662826538, -0.9400827884674072, 0.9335552453994751, 0.9347366690635681)",43.3,1765211344.7033882
2382,"(1614.775146484375, 3311.870361328125, 1416.8638916015625, 39.65095520019531)","(-0.9412649869918823, -0.9410197734832764, 0.9347038269042969, 0.9361022710800171)",43.3,1765211344.9188113
2383,"(1612.10791015625, 3332.6962890625, 1453.7978515625, 38.87150573730469)","(-0.9421190023422241, -0.9422636032104492, 0.9363868236541748, 0.9370626211166382)",43.3,1765211345.1365747
2384,"(1624.453857421875, 3457.784912109375, 1344.84716796875, 38.29010772705078)","(-0.9440052509307861, -0.9964554309844971, 0.9375852346420288, 0.9387707114219666)",43.3,1765211345.3520834
2385,"(1558.20556640625, 3286.63134765625, 1384.85986328125, 36.631263732910156)","(-0.9445361495018005, -0.9452386498451233, 0.9390568137168884, 0.9399661421775818)",43.3,1765211345.5703747
2386,"(1631.02587890625, 3246.09814453125, 1457.7528076171875, 39.54412841796875)","(-0.9461290836334229, -0.9464392066001892, 0.9408084750175476, 0.9416801333427429)",43.3,1765211345.7881434
2387,"(1617.270263671875, 3370.33984375, 1411.32080078125, 38.36918258666992)","(-0.9477410316467285, -0.9486534595489502, 0.9418104887008667, 0.9432048201560974)",43.3,1765211346.0036004
2388,"(1594.86181640625, 3326.2646484375, 1420.3751220703125, 37.1453857421875)","(-0.9485661387443542, -0.948702335357666, 0.9431052207946777, 0.943784236907959)",43.3,1765211346.2223556
2389,"(1562.29443359375, 3452.9287109375, 1476.26318359375, 36.913055419921875)","(-0.9502703547477722, -0.9000494480133057, 0.9916715621948242, 0.9453620910644531)",43.3,1765211346.4391844
2390,"(1545.375244140625, 3413.51416015625, 1431.135498046875, 39.290672302246094)","(-0.9009109735488892, -0.9012765288352966, 0.9458362460136414, 0.9465084075927734)",43.3,1765211346.6551833
2391,"(1437.3017578125, 3439.5703125, 1317.427978515625, 42.524085998535156)","(-0.9027883410453796, -0.9029639363288879, 0.9469254016876221, 0.9477248787879944)",43.3,1765211346.8734305
2392,"(1580.89111328125, 3394.66796875, 1409.338134765625, 38.8721923828125)","(-0.9050124883651733, -0.905371904373169, 0.9481794834136963, 0.9002124667167664)",43.3,1765211347.0889595
2393,"(1653.9093017578125, 3302.6484375, 1493.61865234375, 41.63908004760742)","(-0.9069438576698303, -0.9068192839622498, 0.9003767371177673, 0.9020929336547852)",43.3,1765211347.3067348
2394,"(1585.3114013671875, 3398.073486328125, 1479.1124267578125, 37.42763900756836)","(-0.9082465171813965, -0.9084817171096802, 0.9027299284934998, 0.9035333395004272)",43.3,1765211347.5224488
2395,"(1633.994140625, 3362.11767578125, 1462.350341796875, 36.051422119140625)","(-0.9107133150100708, -0.9109509587287903, 0.9040862321853638, 0.905643880367279)",43.3,1765211347.740431
2396,"(1526.745849609375, 3179.9296875, 1526.517822265625, 34.72120666503906)","(-0.9122883677482605, -0.912327229976654, 0.9808596968650818, 0.9071055054664612)",43.3,1765211347.9591494
2397,"(1593.71533203125, 3345.857421875, 1431.7650146484375, 35.79798889160156)","(-0.9138284921646118, -0.9138967990875244, 0.907672107219696, 0.9090648293495178)",43.3,1765211348.173821
2398,"(1575.111328125, 3557.330810546875, 1431.44873046875, 35.702903747558594)","(-0.9157032370567322, -0.9160508513450623, 0.9095746278762817, 0.9106573462486267)",43.3,1765211348.392033
2399,"(1604.602783203125, 3306.2919921875, 1400.1978759765625, 37.322425842285156)","(-0.9170346856117249, -0.9171952605247498, 0.9112161993980408, 0.9122447371482849)",43.3,1765211348.6075382
2400,"(1858.4288330078125, 3193.30419921875, 1470.89208984375, 45.10832214355469)","(-0.9187383651733398, -0.9191734194755554, 0.9131712913513184, 0.9141220450401306)",44.5,1765211348.8264685
2401,"(1814.162109375, 2918.179443359375, 1433.7373046875, 41.25977325439453)","(-0.9213792085647583, -0.9212073683738708, 0.9142700433731079, 0.9157099723815918)",44.7,1765211349.0437376
2402,"(1562.781982421875, 46.512062072753906, 45.55989074707031, 44.8831672668457)","(-0.9230324029922485, -0.9237027764320374, 0.9172112941741943, 0.9173627495765686)",44.7,1765211349.304471
2403,"(1667.7841796875, 2975.6337890625, 1593.2105712890625, 44.89262771606445)","(-0.9238126873970032, -0.9238525629043579, 0.9846132397651672, 0.9186097979545593)",44.7,1765211349.4773564
2404,"(1861.5181884765625, 3128.75146484375, 1510.9775390625, 42.352691650390625)","(-0.9252118468284607, -0.9255239367485046, 0.9198070168495178, 0.9210401773452759)",44.7,1765211349.6924045
2405,"(1890.945556640625, 3064.31640625, 1507.312744140625, 42.039649963378906)","(-0.9277487397193909, -0.9275786280632019, 0.9208837747573853, 0.9225297570228577)",44.7,1765211349.9106216
2406,"(1774.941162109375, 2903.39453125, 1407.27392578125, 39.4884147644043)","(-0.9287822842597961, -0.9287802577018738, 0.922575056552887, 0.923797607421875)",44.7,1765211350.128957
2407,"(1801.1307373046875, 3017.61474609375, 1436.563720703125, 40.44443130493164)","(-0.9299623370170593, -0.9302136898040771, 0.9242559671401978, 0.9254840612411499)",44.7,1765211350.3445907
2408,"(1745.7952880859375, 2918.605224609375, 1406.778076171875, 39.0373420715332)","(-0.9319015145301819, -0.9318418502807617, 0.9258334040641785, 0.927181601524353)",44.7,1765211350.5622919
2409,"(1863.7342529296875, 3027.56640625, 1492.963623046875, 38.611549377441406)","(-0.9333441853523254, -0.9340322017669678, 0.9275346398353577, 0.9290254712104797)",44.7,1765211350.7787943
2410,"(1824.50732421875, 3039.22509765625, 1428.607177734375, 38.80817413330078)","(-0.9351956248283386, -0.9352909326553345, 0.9288867712020874, 0.930127739906311)",44.7,1765211350.996096
2411,"(1822.3201904296875, 2891.52978515625, 1410.8377685546875, 37.42439270019531)","(-0.936532199382782, -0.9364229440689087, 0.9302003979682922, 0.9315084218978882)",44.7,1765211351.211003
2412,"(1852.372314453125, 3046.6064453125, 1485.77099609375, 39.375389099121094)","(-0.937576413154602, -0.9379225969314575, 0.9320895075798035, 0.9328612089157104)",44.7,1765211351.4293933
2413,"(1805.39306640625, 2930.45458984375, 1400.515625, 37.37772750854492)","(-0.9389220476150513, -0.9395830631256104, 0.9335017204284668, 0.934568464756012)",44.7,1765211351.6474893
2414,"(1878.002197265625, 3135.343505859375, 1478.613525390625, 38.359466552734375)","(-0.9400994777679443, -0.9407823085784912, 0.9351720809936523, 0.9363080263137817)",44.7,1765211351.862555
2415,"(1858.146728515625, 3047.84033203125, 1478.591552734375, 36.458675384521484)","(-0.9417619109153748, -0.9431439638137817, 0.9366450905799866, 0.9377536177635193)",44.7,1765211352.080753
2416,"(1861.15576171875, 3118.91943359375, 1432.39013671875, 36.29045867919922)","(-0.9426231384277344, -0.9434426426887512, 0.9380630850791931, 0.9392975568771362)",44.7,1765211352.2975721
2417,"(1805.0701904296875, 3089.548828125, 1501.32080078125, 34.9141845703125)","(-0.9442077875137329, -0.9441227316856384, 0.9906443953514099, 0.9400687217712402)",44.7,1765211352.514607
2418,"(1764.01025390625, 2906.51806640625, 1407.7872314453125, 33.811302185058594)","(-0.945877194404602, -0.9459058046340942, 0.9406397938728333, 0.941352128982544)",44.7,1765211352.733526
2419,"(1831.806884765625, 2981.5068359375, 1458.1470947265625, 35.61090087890625)","(-0.9472048878669739, -0.9476010203361511, 0.9420922994613647, 0.9431228041648865)",44.7,1765211352.9483285
2420,"(1748.3658447265625, 2846.993408203125, 1406.948974609375, 35.47527313232422)","(-0.9481500387191772, -0.9489072561264038, 0.9433588981628418, 0.9439104795455933)",44.7,1765211353.1661365
2421,"(1796.6202392578125, 2974.0625, 1431.423583984375, 33.53120422363281)","(-0.9495391845703125, -0.9503365755081177, 0.9445546865463257, 0.9456409215927124)",44.7,1765211353.3811162
2422,"(1792.1611328125, 2893.154296875, 1449.1177978515625, 34.97407913208008)","(-0.900908350944519, -0.9011672735214233, 0.946071207523346, 0.9469984769821167)",44.7,1765211353.5993586
2423,"(1765.2364501953125, 2933.388916015625, 1415.678955078125, 35.28245162963867)","(-0.9025196433067322, -0.9026389718055725, 0.9472538232803345, 0.9483258724212646)",44.7,1765211353.81877
2424,"(1779.73828125, 2952.53564453125, 1487.7288818359375, 35.39358139038086)","(-0.9041420221328735, -0.9046834707260132, 0.9924581050872803, 0.9002867937088013)",44.7,1765211354.0330415
2425,"(1758.0869140625, 2821.39208984375, 1411.05859375, 33.86540603637695)","(-0.9063243269920349, -0.9062690138816833, 0.9008492827415466, 0.9019559621810913)",44.7,1765211354.2509077
2426,"(1827.716064453125, 2901.265869140625, 1429.252685546875, 34.52445983886719)","(-0.9082812070846558, -0.9079212546348572, 0.9022724032402039, 0.903333306312561)",44.7,1765211354.4672601
2427,"(1774.948486328125, 2883.986083984375, 1389.80419921875, 35.052486419677734)","(-0.9096998572349548, -0.9096238613128662, 0.9041414260864258, 0.9051036238670349)",44.7,1765211354.6850014
2428,"(1841.750244140625, 2918.60009765625, 1464.777099609375, 35.31990051269531)","(-0.911748468875885, -0.9121672511100769, 0.9058613181114197, 0.9075493812561035)",44.7,1765211354.9024904
2429,"(1824.13720703125, 2981.133056640625, 1458.5880126953125, 36.52398681640625)","(-0.9133341312408447, -0.9132900834083557, 0.9075471758842468, 0.9090653657913208)",44.7,1765211355.1180828
2430,"(1753.52685546875, 2925.32861328125, 1398.007080078125, 36.501625061035156)","(-0.9154558777809143, -0.9156012535095215, 0.9092709422111511, 0.9106106758117676)",44.7,1765211355.3362417
2431,"(1773.2449951171875, 3084.9755859375, 1493.5447998046875, 35.026390075683594)","(-0.9167730808258057, -0.9167557954788208, 0.9932931065559387, 0.9124166965484619)",44.7,1765211355.5527477
2432,"(2091.98828125, 2640.29296875, 1485.352294921875, 37.70901107788086)","(-0.9206945896148682, -0.9215157628059387, 0.9143661260604858, 0.9159476161003113)",46.4,1765211355.9878
2433,"(2102.8076171875, 2604.4033203125, 1535.03271484375, 38.5836181640625)","(-0.9220860600471497, -0.9227344989776611, 0.9162644743919373, 0.917589545249939)",46.5,1765211356.2033203
2434,"(2095.899169921875, 2464.14111328125, 1541.13134765625, 37.219581604003906)","(-0.9235517978668213, -0.9234411716461182, 0.9177956581115723, 0.9190272092819214)",46.5,1765211356.4210887
2435,"(2070.677978515625, 2448.76953125, 1502.8564453125, 37.065093994140625)","(-0.925295352935791, -0.925317108631134, 0.9195685386657715, 0.9207161068916321)",46.5,1765211356.6364992
2436,"(2083.941162109375, 2587.5703125, 1506.1009521484375, 38.38470458984375)","(-0.9267404675483704, -0.9272946119308472, 0.9209656715393066, 0.9224788546562195)",46.5,1765211356.8547864
2437,"(2164.044921875, 2508.3876953125, 1593.508056640625, 37.041229248046875)","(-0.9283057451248169, -0.9284051656723022, 0.9226691722869873, 0.9239819645881653)",46.5,1765211357.0711699
2438,"(2104.8642578125, 2493.50537109375, 1490.4287109375, 36.151573181152344)","(-0.9299630522727966, -0.9301852583885193, 0.9241065979003906, 0.9253515601158142)",46.5,1765211357.2881348
2439,"(2019.4217529296875, 2585.5009765625, 1458.103271484375, 37.005924224853516)","(-0.931520938873291, -0.931700587272644, 0.9258474111557007, 0.9270071983337402)",46.5,1765211357.5075371
2440,"(2043.17431640625, 2495.875244140625, 1475.315673828125, 36.64076232910156)","(-0.932904064655304, -0.93308025598526, 0.9273757338523865, 0.9284098148345947)",46.5,1765211357.7223117
2441,"(2125.04931640625, 2570.0732421875, 1514.1143798828125, 36.35810089111328)","(-0.9346450567245483, -0.9350121021270752, 0.9286757707595825, 0.9299713373184204)",46.5,1765211357.9407823
2442,"(2068.85400390625, 2689.4384765625, 1458.993896484375, 37.930824279785156)","(-0.9359603524208069, -0.9362735748291016, 0.930213212966919, 0.9312718510627747)",46.5,1765211358.1555169
2443,"(2051.10986328125, 2551.720703125, 1449.3514404296875, 35.9984245300293)","(-0.9376915693283081, -0.9372056722640991, 0.9319344758987427, 0.9329681396484375)",46.5,1765211358.3734522
2444,"(2209.94921875, 2515.94580078125, 1573.735107421875, 35.15971374511719)","(-0.9387811422348022, -0.9395016431808472, 0.9333742260932922, 0.9345742464065552)",46.5,1765211358.591647
2445,"(2109.923583984375, 2549.874755859375, 1537.2137451171875, 35.64087677001953)","(-0.9401971697807312, -0.9401684403419495, 0.9349550604820251, 0.9360337853431702)",46.5,1765211358.8071084
2446,"(1573.5078125, 1546.02294921875, 1522.376708984375, 35.17736053466797)","(-0.942034125328064, -0.9419706463813782, 0.936298668384552, 0.9370812177658081)",46.5,1765211359.0887554
2447,"(2170.193359375, 1564.7275390625, 36.851356506347656, 36.293418884277344)","(-0.9439641237258911, -0.9438202977180481, 0.9388745427131653, 0.9385165572166443)",46.5,1765211359.2439158
2448,"(2158.51220703125, 2568.953125, 1571.2886962890625, 36.53978729248047)","(-0.9443686008453369, -0.944879949092865, 0.9393095970153809, 0.9403464794158936)",46.5,1765211359.4597015
2449,"(2013.3192138671875, 2599.2900390625, 1459.4300537109375, 38.862831115722656)","(-0.9458065032958984, -0.9458701610565186, 0.94028240442276, 0.9413352608680725)",46.5,1765211359.6764622
2450,"(2079.84716796875, 2480.639404296875, 1494.427978515625, 38.63615417480469)","(-0.9472593069076538, -0.9472793936729431, 0.9415814876556396, 0.942481279373169)",46.5,1765211359.8923979
2451,"(2195.7744140625, 2567.39453125, 1541.1961669921875, 39.516998291015625)","(-0.948559582233429, -0.9489042162895203, 0.9428173303604126, 0.9436410069465637)",46.5,1765211360.1098428
2452,"(2097.835693359375, 2495.572021484375, 1560.554931640625, 42.04915237426758)","(-0.9497806429862976, -0.9497833251953125, 0.944281816482544, 0.97983318567276)",46.5,1765211360.3268251
2453,"(2104.53662109375, 2457.2333984375, 1514.1181640625, 38.05591583251953)","(-0.9004979133605957, -0.9008287191390991, 0.9456546902656555, 0.9466237425804138)",46.5,1765211360.5447276
2454,"(2219.50732421875, 2418.787353515625, 1596.858154296875, 37.25184631347656)","(-0.9027682542800903, -0.9028018116950989, 0.9467456340789795, 0.9477024078369141)",46.5,1765211360.761757
2455,"(2133.45166015625, 2581.722412109375, 1573.33984375, 40.060791015625)","(-0.9044098854064941, -0.9045165181159973, 0.9484221339225769, 0.900220513343811)",46.5,1765211360.9767852
2456,"(2060.19091796875, 2466.28515625, 1691.761962890625, 41.589927673339844)","(-0.9065123796463013, -0.9065219759941101, 0.9002894163131714, 0.9016146063804626)",46.5,1765211361.195448
2457,"(2188.617431640625, 2183.171875, 1630.578125, 37.752811431884766)","(-0.9082534313201904, -0.9082439541816711, 0.90206378698349, 0.9033713936805725)",46.5,1765211361.4105313
2458,"(2137.7822265625, 2439.62109375, 1616.03564453125, 43.801246643066406)","(-0.9101027846336365, -0.91010582447052, 0.9037581086158752, 0.9052477478981018)",46.5,1765211361.6284792
2459,"(2032.3729248046875, 2674.7197265625, 1530.593017578125, 40.553672790527344)","(-0.9116972088813782, -0.995070219039917, 0.9059712290763855, 0.9069481492042542)",46.5,1765211361.8465745
2460,"(2213.9130859375, 2539.033447265625, 1629.8212890625, 37.905975341796875)","(-0.9133545756340027, -0.9136360287666321, 0.9075507521629333, 0.9086394309997559)",46.5,1765211362.0621822
2461,"(2231.767578125, 2527.271484375, 1662.1107177734375, 34.72068786621094)","(-0.9149847030639648, -0.915399968624115, 0.9090925455093384, 0.910256564617157)",46.5,1765211362.2803764
2462,"(2212.77734375, 2456.75830078125, 1575.006103515625, 36.476959228515625)","(-0.9168116450309753, -0.9166647791862488, 0.9109506011009216, 0.9122126698493958)",46.5,1765211362.4965813
2463,"(2198.363037109375, 2636.338134765625, 1602.481201171875, 50.203025817871094)","(-0.9185115694999695, -0.9193173050880432, 0.9125183820724487, 0.9134767651557922)",46.5,1765211362.7136557
2464,"(2505.59912109375, 2098.9599609375, 1631.700439453125, 48.02377700805664)","(-0.9224694967269897, -0.9228896498680115, 0.9158921837806702, 0.9172590970993042)",48.5,1765211363.1469977
2465,"(2424.7978515625, 2071.318603515625, 1607.2177734375, 49.86629104614258)","(-0.9230541586875916, -0.9920558929443359, 0.918181300163269, 0.9193800687789917)",48.5,1765211363.365197
2466,"(2560.5458984375, 1871.68896484375, 1625.624267578125, 47.1966552734375)","(-0.9252806901931763, -0.925321102142334, 0.9191733002662659, 0.920164167881012)",48.5,1765211363.5806375
2467,"(2581.591796875, 1987.763671875, 1664.6365966796875, 46.34070587158203)","(-0.926586925983429, -0.9266176223754883, 0.9210748672485352, 0.9220540523529053)",48.5,1765211363.7985654
2468,"(2494.5849609375, 1833.80126953125, 1567.9942626953125, 46.87274169921875)","(-0.9281811118125916, -0.9283798933029175, 0.922589898109436, 0.9234575629234314)",48.5,1765211364.0140417
2469,"(2477.985107421875, 1918.8023681640625, 1627.727294921875, 43.913414001464844)","(-0.9296452403068542, -0.9302927255630493, 0.9241786003112793, 0.925396740436554)",48.5,1765211364.2325053
2470,"(2333.417724609375, 1829.309814453125, 1483.89306640625, 38.59771728515625)","(-0.9308884143829346, -0.931442379951477, 0.9259791374206543, 0.9270943999290466)",48.5,1765211364.4526324
2471,"(2420.90087890625, 1933.875244140625, 1548.64794921875, 44.83831787109375)","(-0.9325616359710693, -0.9333813190460205, 0.927396833896637, 0.9287065863609314)",48.5,1765211364.6655085
2472,"(2498.711669921875, 1853.369384765625, 1625.390380859375, 53.10694885253906)","(-0.9342461228370667, -0.9896712899208069, 0.9289788007736206, 0.9298291802406311)",48.5,1765211364.8838654
2473,"(2543.365234375, 1747.346923828125, 1570.166748046875, 46.78050231933594)","(-0.9357030987739563, -0.9362204074859619, 0.930698812007904, 0.931110680103302)",48.5,1765211365.0992503
2474,"(2557.47119140625, 1851.778076171875, 1645.42626953125, 53.408912658691406)","(-0.9376041293144226, -0.937986433506012, 0.931766927242279, 0.9326704740524292)",48.5,1765211365.3170593
2475,"(2429.5302734375, 1762.26171875, 1539.0361328125, 52.502166748046875)","(-0.9387944340705872, -0.939629316329956, 0.9331777095794678, 0.934424638748169)",48.5,1765211365.5354419
2476,"(2548.947021484375, 1820.8905029296875, 1612.97021484375, 53.58437728881836)","(-0.940161943435669, -0.9409729242324829, 0.934630274772644, 0.935924232006073)",48.5,1765211365.7508683
2477,"(2507.66650390625, 1837.649658203125, 1571.168212890625, 52.88709259033203)","(-0.9415964484214783, -0.9416892528533936, 0.9362939596176147, 0.9370424151420593)",48.5,1765211365.9696076
2478,"(2521.259765625, 1883.12890625, 1603.2679443359375, 53.334251403808594)","(-0.9430708289146423, -0.9433953762054443, 0.9375181198120117, 0.9382626414299011)",48.5,1765211366.1841574
2479,"(2550.22802734375, 1932.7274169921875, 1626.05029296875, 57.39353942871094)","(-0.9444305300712585, -0.9858587384223938, 0.9388449192047119, 0.9397058486938477)",48.5,1765211366.4025033
2480,"(2507.82568359375, 1920.2701416015625, 1593.4384765625, 54.865623474121094)","(-0.945387601852417, -0.9459088444709778, 0.940383791923523, 0.9410911202430725)",48.5,1765211366.6206315
2481,"(2556.14599609375, 1978.69189453125, 1650.101806640625, 57.437644958496094)","(-0.9470959305763245, -0.9473917484283447, 0.9414092302322388, 0.9421529173851013)",48.5,1765211366.8357239
2482,"(2449.95556640625, 1959.646240234375, 1600.4984130859375, 54.696903228759766)","(-0.9485458731651306, -0.9488615989685059, 0.9427973628044128, 0.943824827671051)",48.5,1765211367.0540724
2483,"(2523.34375, 1978.515380859375, 1636.2200927734375, 55.595794677734375)","(-0.9499806761741638, -0.9498969316482544, 0.9440667629241943, 0.9449665546417236)",48.5,1765211367.269477
2484,"(2438.409912109375, 2086.04052734375, 1614.122314453125, 57.79690170288086)","(-0.9004953503608704, -0.9010976552963257, 0.9453893899917603, 0.9463591575622559)",48.5,1765211367.487712
2485,"(2365.8369140625, 2116.88134765625, 1654.0703125, 59.7811393737793)","(-0.9024356007575989, -0.9026321172714233, 0.9467996954917908, 0.9473130702972412)",48.5,1765211367.705504
2486,"(2461.470703125, 2132.60498046875, 1635.472900390625, 57.771339416503906)","(-0.9043470621109009, -0.9810352921485901, 0.9480751156806946, 0.9488555788993835)",48.5,1765211367.922038
2487,"(2384.048828125, 1984.6500244140625, 1573.705322265625, 52.80535888671875)","(-0.9062771797180176, -0.9061915278434753, 0.9489472508430481, 0.9012926816940308)",48.5,1765211368.1393871
2488,"(2522.4208984375, 2031.6282958984375, 1602.13330078125, 52.49510955810547)","(-0.9077268242835999, -0.9082162380218506, 0.9020959734916687, 0.9033541083335876)",48.5,1765211368.3549538
2489,"(2477.611328125, 1911.2236328125, 1587.263427734375, 58.399288177490234)","(-0.9097586274147034, -0.909662663936615, 0.9038115739822388, 0.90457683801651)",48.5,1765211368.5725434
2490,"(2454.096435546875, 2076.98046875, 1546.625244140625, 67.32197570800781)","(-0.9115630388259888, -0.9118546843528748, 0.905410885810852, 0.9064602851867676)",48.5,1765211368.790827
2491,"(2493.423828125, 2147.02490234375, 1632.438232421875, 63.971702575683594)","(-0.913192629814148, -0.9130984544754028, 0.9075890183448792, 0.9084593653678894)",48.5,1765211369.00625
2492,"(2452.32373046875, 2000.193115234375, 1569.083740234375, 64.43692016601562)","(-0.9149342179298401, -0.9149029850959778, 0.9092844128608704, 0.9103219509124756)",48.5,1765211369.2241523
2493,"(2493.833740234375, 2204.591796875, 1655.2515869140625, 72.03271484375)","(-0.9166358113288879, -0.9753478765487671, 0.9110102653503418, 0.91205894947052)",48.5,1765211369.4468238
2494,"(2438.177490234375, 2041.053955078125, 1559.5504150390625, 69.48583221435547)","(-0.9185531139373779, -0.9184226989746094, 0.9123802781105042, 0.91336590051651)",48.5,1765211369.6578925
2495,"(2567.77197265625, 2090.3662109375, 1659.05908203125, 67.50910949707031)","(-0.9199726581573486, -0.9205423593521118, 0.9143795967102051, 0.9151872992515564)",48.5,1765211369.8729267
2496,"(2642.72705078125, 1740.149169921875, 1515.8944091796875, 71.88104248046875)","(-0.923322319984436, -0.9235497117042542, 0.9175227284431458, 0.9185419082641602)",50.2,1765211370.3094132
2497,"(78.48271179199219, 77.0168228149414, 75.76081848144531, 73.41127014160156)","(-0.9262533783912659, -0.9260346293449402, 0.9199821352958679, 0.9198740124702454)",50.5,1765211370.5937328
2498,"(1720.4168701171875, 1749.826904296875, 74.87803649902344, 74.13822937011719)","(-0.9264967441558838, -0.9264383912086487, 0.921754002571106, 0.9217216968536377)",50.5,1765211370.7554107
2499,"(2820.259521484375, 1711.03466796875, 1617.91748046875, 71.0861587524414)","(-0.9283047318458557, -0.9690802097320557, 0.9221715927124023, 0.9231672883033752)",50.5,1765211370.9591627
2500,"(2814.509765625, 1669.613037109375, 1680.910888671875, 62.55180358886719)","(-0.9295266270637512, -0.9296382665634155, 0.9240665435791016, 0.9249139428138733)",50.5,1765211371.1765559
2501,"(2878.385009765625, 1559.9908447265625, 1677.8778076171875, 58.043846130371094)","(-0.9313138723373413, -0.9312960505485535, 0.9255236387252808, 0.9262719750404358)",50.5,1765211371.3942845
2502,"(2844.22607421875, 1611.7568359375, 1682.183837890625, 60.08936309814453)","(-0.9327069520950317, -0.9333046078681946, 0.9270734190940857, 0.9280585646629333)",50.5,1765211371.6102288
2503,"(2789.1513671875, 1571.43310546875, 1707.24609375, 60.37873458862305)","(-0.9341802597045898, -0.9343299865722656, 0.928769588470459, 0.9294356107711792)",50.5,1765211371.8285067
2504,"(2736.716552734375, 1608.05810546875, 1797.021240234375, 60.851890563964844)","(-0.935727596282959, -0.9358932971954346, 0.930060088634491, 0.9309157729148865)",50.5,1765211372.0434732
2505,"(2839.786376953125, 1520.568115234375, 1642.8634033203125, 70.3914794921875)","(-0.9373259544372559, -0.9377276301383972, 0.9314458966255188, 0.9323387145996094)",50.5,1765211372.26125
2506,"(2774.99365234375, 1572.970703125, 1623.0689697265625, 67.49775695800781)","(-0.9380229115486145, -0.9387036561965942, 0.9334319829940796, 0.9339918494224548)",50.5,1765211372.4795337
2507,"(2777.534912109375, 1727.6826171875, 1657.00439453125, 67.47531127929688)","(-0.9397803544998169, -0.9405739307403564, 0.9346081018447876, 0.9356775283813477)",50.5,1765211372.6954012
2508,"(2917.34326171875, 1647.878662109375, 1695.348876953125, 63.51103210449219)","(-0.9409201145172119, -0.9420280456542969, 0.9364088773727417, 0.937053382396698)",50.5,1765211372.913357
2509,"(2895.6181640625, 1524.5638427734375, 1678.3564453125, 70.34107971191406)","(-0.9435355067253113, -0.9443479180335999, 0.9372476935386658, 0.9387935400009155)",50.5,1765211373.1283567
2510,"(2899.8173828125, 1562.735595703125, 1705.25634765625, 67.03517150878906)","(-0.9437110424041748, -0.9450007081031799, 0.9391880035400391, 0.9400924444198608)",50.5,1765211373.3465946
2511,"(3037.486328125, 1485.218994140625, 1783.67529296875, 62.7863655090332)","(-0.9443866610527039, -0.9452008605003357, 0.9407637119293213, 0.9412293434143066)",50.5,1765211373.564447
2512,"(2913.854736328125, 1523.233642578125, 1707.4019775390625, 63.09946823120117)","(-0.9466366767883301, -0.9471654295921326, 0.942150890827179, 0.9427644610404968)",50.5,1765211373.7798672
2513,"(2813.361328125, 1568.0103759765625, 1712.26416015625, 63.063331604003906)","(-0.9489176869392395, -0.9497976899147034, 0.9426579475402832, 0.9437803030014038)",50.5,1765211373.9981155
2514,"(2891.79150390625, 1500.5970458984375, 1680.4937744140625, 63.5536003112793)","(-0.9492578506469727, -0.9509468078613281, 0.9442400336265564, 0.9455729722976685)",50.5,1765211374.2135587
2515,"(2889.861328125, 1526.39599609375, 1720.6734619140625, 64.69219970703125)","(-0.9498263597488403, -0.9002282619476318, 0.946161687374115, 0.9466122388839722)",50.5,1765211374.4347765
2516,"(2691.326171875, 1521.451904296875, 1584.0247802734375, 67.42291259765625)","(-0.9020118713378906, -0.9022819995880127, 0.9462818503379822, 0.9470279812812805)",50.5,1765211374.649717
2517,"(2871.87353515625, 1446.6689453125, 1647.970947265625, 68.13013458251953)","(-0.9042802453041077, -0.9038859009742737, 0.94778972864151, 0.9483723044395447)",50.5,1765211374.8650923
2518,"(2944.9384765625, 1523.733154296875, 1810.389404296875, 61.66963195800781)","(-0.9058610200881958, -0.906164824962616, 0.9001203775405884, 0.9011738300323486)",50.5,1765211375.0829933
2519,"(2819.86669921875, 1430.830322265625, 1678.052001953125, 67.15007781982422)","(-0.9080535769462585, -0.9077563881874084, 0.9016698002815247, 0.9022537469863892)",50.5,1765211375.2994587
2520,"(3015.634765625, 1463.287109375, 1795.6549072265625, 77.48857116699219)","(-0.9092730283737183, -0.9099343419075012, 0.9036625027656555, 0.9045080542564392)",50.5,1765211375.5167103
2521,"(2955.6025390625, 1513.3656005859375, 1826.85546875, 64.66452026367188)","(-0.9441537261009216, -0.9112609028816223, 0.9527775049209595, 0.9060407280921936)",50.5,1765211375.732293
2522,"(2749.69921875, 1680.54052734375, 1722.2781982421875, 64.48931121826172)","(-0.9129321575164795, -0.9130290150642395, 0.9070085883140564, 0.9080497622489929)",50.5,1765211375.9508867
2523,"(2656.837890625, 1702.39404296875, 1647.3935546875, 68.11737060546875)","(-0.9147182106971741, -0.9148304462432861, 0.908800482749939, 0.9095529913902283)",50.5,1765211376.1682835
2524,"(2796.64013671875, 1638.1395263671875, 1674.0283203125, 65.98451232910156)","(-0.9164600968360901, -0.9165666103363037, 0.9105194807052612, 0.9117105007171631)",50.5,1765211376.3837664
2525,"(2825.6572265625, 1664.7252197265625, 1704.45751953125, 68.94427490234375)","(-0.9185162782669067, -0.9187617897987366, 0.9125032424926758, 0.9133249521255493)",50.5,1765211376.6015332
2526,"(2864.122802734375, 1636.0262451171875, 1676.10595703125, 71.92927551269531)","(-0.9196507334709167, -0.9197700023651123, 0.9143697619438171, 0.9365666508674622)",50.5,1765211376.8180504
2527,"(2851.050537109375, 1647.92724609375, 1731.4866943359375, 64.04798889160156)","(-0.9218640923500061, -0.9219434261322021, 0.9154755473136902, 0.916276216506958)",50.5,1765211377.0353854
2528,"(2965.0390625, 1507.840576171875, 1789.66796875, 67.68733215332031)","(-0.924654483795166, -0.9245315194129944, 0.9193466901779175, 0.9199016094207764)",51.7,1765211377.471196
2529,"(3010.90380859375, 1440.873779296875, 1756.906494140625, 67.42233276367188)","(-0.9263360500335693, -0.9266304969787598, 0.92031329870224, 0.9214169383049011)",51.8,1765211377.6868918
2530,"(2955.413330078125, 1416.833984375, 1641.651611328125, 63.81889343261719)","(-0.9280983209609985, -0.9277477860450745, 0.9225063920021057, 0.9230780005455017)",51.8,1765211377.9024093
2531,"(3015.690185546875, 1476.26953125, 1746.97216796875, 68.17878723144531)","(-0.9293287992477417, -0.9296648502349854, 0.9240837097167969, 0.9248578548431396)",51.8,1765211378.1201842
2532,"(2880.81494140625, 1407.263916015625, 1696.048828125, 72.02883911132812)","(-0.9309915900230408, -0.9309512972831726, 0.9255529642105103, 0.9262089729309082)",51.8,1765211378.3384755
2533,"(2986.133544921875, 1397.250732421875, 1744.3359375, 67.05410766601562)","(-0.9329501986503601, -0.9328193068504333, 0.9269078373908997, 0.9280565977096558)",51.8,1765211378.5546358
2534,"(3167.2509765625, 1479.078125, 1818.648193359375, 70.41351318359375)","(-0.9241653680801392, -0.9340006113052368, 0.96744304895401, 0.9295326471328735)",51.8,1765211378.7718318
2535,"(2968.9990234375, 1427.921142578125, 1744.9052734375, 67.42338562011719)","(-0.9359404444694519, -0.9356298446655273, 0.9299082159996033, 0.9305557012557983)",51.8,1765211378.9872742
2536,"(3021.35546875, 1428.52880859375, 1774.819580078125, 70.47666931152344)","(-0.9376437067985535, -0.9374439716339111, 0.9312923550605774, 0.9321424961090088)",51.8,1765211379.2054985
2537,"(2908.115966796875, 1421.2572021484375, 1706.021240234375, 67.45906829833984)","(-0.9385080933570862, -0.9385368824005127, 0.9331194758415222, 0.9335469007492065)",51.8,1765211379.4237182
2538,"(2966.34619140625, 1466.548828125, 1729.77099609375, 68.61540985107422)","(-0.9401483535766602, -0.940252959728241, 0.9342578649520874, 0.9349969625473022)",51.8,1765211379.638866
2539,"(2863.1455078125, 1444.248046875, 1782.422119140625, 71.98162078857422)","(-0.9412927627563477, -0.9411873817443848, 0.9359201788902283, 0.9155091047286987)",51.8,1765211379.8570116
2540,"(3050.3271484375, 1468.218994140625, 1800.8642578125, 68.47087860107422)","(-0.9427093267440796, -0.9425429701805115, 0.9370955228805542, 0.9382851719856262)",51.8,1765211380.072528
2541,"(3103.322265625, 1439.221435546875, 1779.8193359375, 68.7535171508789)","(-0.9132022261619568, -0.9446278214454651, 0.9728626012802124, 0.9391102194786072)",51.8,1765211380.2905538
2542,"(2919.842041015625, 1432.42333984375, 1737.425537109375, 67.52786254882812)","(-0.9454599618911743, -0.9454670548439026, 0.9400059580802917, 0.9407824277877808)",51.8,1765211380.509068
2543,"(2988.541748046875, 1452.444091796875, 1784.087646484375, 68.40088653564453)","(-0.9468522667884827, -0.9471212029457092, 0.9410896301269531, 0.9420368671417236)",51.8,1765211380.7254088
2544,"(2882.19970703125, 1359.56689453125, 1707.16015625, 67.8287353515625)","(-0.9488860368728638, -0.948227047920227, 0.9426378607749939, 0.9435234069824219)",51.8,1765211380.9443789
2545,"(2978.92431640625, 1454.664306640625, 1775.199462890625, 69.794189453125)","(-0.9493350386619568, -0.9494718313217163, 0.944114625453949, 0.9448637962341309)",51.8,1765211381.1574786
2546,"(2985.910400390625, 1398.06982421875, 1744.7490234375, 70.55807495117188)","(-0.9003640413284302, -0.9007371664047241, 0.9448144435882568, 0.9032494425773621)",51.8,1765211381.3755898
2547,"(2902.11865234375, 1429.2198486328125, 1729.80224609375, 71.61189270019531)","(-0.9019378423690796, -0.9020205736160278, 0.9466498494148254, 0.9473294019699097)",51.8,1765211381.5938056
2548,"(3072.6123046875, 1502.5439453125, 1840.2305908203125, 71.58998107910156)","(-0.9007840156555176, -0.9040327668190002, 0.9785537123680115, 0.948662519454956)",51.8,1765211381.8089008
2549,"(2885.68408203125, 1422.3023681640625, 1714.2689208984375, 67.30323791503906)","(-0.9057227373123169, -0.9060099124908447, 0.9486327171325684, 0.9006122946739197)",51.8,1765211382.027141
2550,"(2996.250732421875, 1457.29638671875, 1766.6531982421875, 70.00651550292969)","(-0.9075113534927368, -0.9076010584831238, 0.9016005992889404, 0.9024608135223389)",51.8,1765211382.2439876
2551,"(2956.80810546875, 1471.80126953125, 1750.90576171875, 70.03034973144531)","(-0.9093155264854431, -0.9094750285148621, 0.9034523963928223, 0.904201090335846)",51.8,1765211382.4619544
2552,"(3000.83935546875, 1446.3262939453125, 1791.8250732421875, 67.94928741455078)","(-0.911082923412323, -0.9109551906585693, 0.9053645730018616, 0.9062288403511047)",51.8,1765211382.6759665
2553,"(2956.671630859375, 1424.079345703125, 1747.796142578125, 66.62094116210938)","(-0.91279137134552, -0.9131256341934204, 0.9067375063896179, 0.9074188470840454)",51.8,1765211382.894259
2554,"(2930.4521484375, 1481.7454833984375, 1714.71533203125, 67.0125732421875)","(-0.9144025444984436, -0.9149429798126221, 0.908879816532135, 0.9095990657806396)",51.8,1765211383.112405
2555,"(2948.3779296875, 1498.2889404296875, 1836.47412109375, 70.11196899414062)","(-0.9162837862968445, -0.9161742329597473, 0.9829126000404358, 0.9114580750465393)",51.8,1765211383.327945
2556,"(2988.60791015625, 1416.669677734375, 1732.3779296875, 65.65966033935547)","(-0.9182350635528564, -0.9183663725852966, 0.9119892716407776, 0.9127484560012817)",51.8,1765211383.5458212
2557,"(3067.09619140625, 1519.8487548828125, 1722.098388671875, 67.7264633178711)","(-0.919710099697113, -0.9198963046073914, 0.913958728313446, 0.9149097800254822)",51.8,1765211383.7625132
2558,"(2918.93505859375, 1439.586669921875, 1727.384765625, 66.71949768066406)","(-0.9214376211166382, -0.9213704466819763, 0.915555477142334, 0.9162775874137878)",51.8,1765211383.9796543
2559,"(2989.0078125, 1414.492431640625, 1757.8843994140625, 66.38713836669922)","(-0.9232277274131775, -0.9233481884002686, 0.9169222712516785, 0.9179090857505798)",51.8,1765211384.1972713
2560,"(3276.92431640625, 1155.3302001953125, 1811.09130859375, 81.29928588867188)","(-0.9267317056655884, -0.9264428019523621, 0.9205306768417358, 0.9211531281471252)",53.9,1765211384.6336036
2561,"(3241.0830078125, 1177.871826171875, 1916.6650390625, 74.1866455078125)","(-0.9278750419616699, -0.9277846813201904, 0.9869635701179504, 0.922943115234375)",53.9,1765211384.8466914
2562,"(3277.9833984375, 1100.4482421875, 1801.2755126953125, 74.71299743652344)","(-0.9292945861816406, -0.9298341870307922, 0.9235501885414124, 0.9245625138282776)",53.9,1765211385.0643635
2563,"(3175.41064453125, 1130.66943359375, 1759.558349609375, 75.4747085571289)","(-0.930926501750946, -0.9310047626495361, 0.9252739548683167, 0.9258437752723694)",53.9,1765211385.2838056
2564,"(3193.308837890625, 1119.0277099609375, 1847.99462890625, 75.5615234375)","(-0.9325485825538635, -0.9326245784759521, 0.926845908164978, 0.9275067448616028)",53.9,1765211385.4999433
2565,"(3278.323974609375, 1085.1064453125, 1782.3583984375, 73.78321075439453)","(-0.9343476295471191, -0.9341234564781189, 0.9284971952438354, 0.9291768670082092)",53.9,1765211385.71591
2566,"(3285.76611328125, 1075.5418701171875, 1795.284423828125, 79.05558776855469)","(-0.9359025359153748, -0.9359780550003052, 0.9298318028450012, 0.9304542541503906)",53.9,1765211385.9321113
2567,"(3217.912841796875, 1115.5479736328125, 1778.191650390625, 77.63288879394531)","(-0.9371063113212585, -0.9367787837982178, 0.9315590858459473, 0.9322641491889954)",53.9,1765211386.1496894
2568,"(3334.778564453125, 1066.1253662109375, 1844.9014892578125, 73.19520568847656)","(-0.9386882185935974, -0.9387365579605103, 0.9325923919677734, 0.9334917664527893)",53.9,1765211386.367527
2569,"(3275.079833984375, 1062.6468505859375, 1755.130126953125, 71.23406982421875)","(-0.940220296382904, -0.9398259520530701, 0.9339855313301086, 0.9349074959754944)",53.9,1765211386.582914
2570,"(3159.220703125, 1128.9666748046875, 1818.010009765625, 75.40518188476562)","(-0.9413597583770752, -0.9412986636161804, 0.9357537031173706, 0.9364629983901978)",53.9,1765211386.8011665
2571,"(3225.12744140625, 1076.275146484375, 1734.918212890625, 73.50316619873047)","(-0.9430685639381409, -0.9429323077201843, 0.9369938969612122, 0.9377650022506714)",53.9,1765211387.0170686
2572,"(3293.5126953125, 1115.310546875, 1852.29052734375, 73.65968322753906)","(-0.9439795017242432, -0.9439432621002197, 0.938698947429657, 0.9393588900566101)",53.9,1765211387.2348788
2573,"(3149.311279296875, 1139.2962646484375, 1707.6630859375, 75.87657165527344)","(-0.9454621076583862, -0.9460008144378662, 0.9397953152656555, 0.940599799156189)",53.9,1765211387.4535532
2574,"(3261.6982421875, 1109.02197265625, 1786.429931640625, 74.44637298583984)","(-0.9473601579666138, -0.9473745226860046, 0.9410138726234436, 0.9417685270309448)",53.9,1765211387.66987
2575,"(3396.36376953125, 1069.27392578125, 1869.3125, 76.09233093261719)","(-0.9482453465461731, -0.9482255578041077, 0.9426273703575134, 0.9434393048286438)",53.9,1765211387.8860195
2576,"(3284.2412109375, 1089.10107421875, 1799.0196533203125, 73.01638793945312)","(-0.9499380588531494, -0.9498109817504883, 0.9435650110244751, 0.94432532787323)",53.9,1765211388.10153
2577,"(3295.09912109375, 1146.764404296875, 1835.4024658203125, 75.13795471191406)","(-0.9504506587982178, -0.9004048705101013, 0.9451854825019836, 0.9457647800445557)",53.9,1765211388.3198078
2578,"(3405.912109375, 1110.0970458984375, 1935.1842041015625, 71.24800109863281)","(-0.9962503910064697, -0.9018874764442444, 0.9463907480239868, 0.9470185041427612)",53.9,1765211388.5353467
2579,"(3279.57275390625, 1094.6361083984375, 1797.0516357421875, 73.77371978759766)","(-0.903872013092041, -0.9040035009384155, 0.9476205110549927, 0.9481494426727295)",53.9,1765211388.7536216
2580,"(3160.70458984375, 1194.378173828125, 1737.78515625, 76.79557800292969)","(-0.9056559205055237, -0.9060137271881104, 0.949031412601471, 0.9004871249198914)",53.9,1765211388.971322
2581,"(3253.106689453125, 1116.33837890625, 1796.7752685546875, 76.58799743652344)","(-0.9075199365615845, -0.9077406525611877, 0.9015550017356873, 0.9024385809898376)",53.9,1765211389.187448
2582,"(3259.8779296875, 1144.27099609375, 1812.43115234375, 75.86449432373047)","(-0.9092072248458862, -0.9094647765159607, 0.9032385349273682, 0.9040523171424866)",53.9,1765211389.4046283
2583,"(3278.885009765625, 1171.8446044921875, 1689.12158203125, 76.49690246582031)","(-0.9110086560249329, -0.978023111820221, 0.9051533341407776, 0.9059756398200989)",53.9,1765211389.6213648
2584,"(3308.291259765625, 1120.391845703125, 1797.3294677734375, 73.99339294433594)","(-0.9130171537399292, -0.9129248857498169, 0.9067832827568054, 0.9075357913970947)",53.9,1765211389.8383436
2585,"(3436.53857421875, 1078.1719970703125, 1910.033447265625, 72.35420989990234)","(-0.914569079875946, -0.9150804281234741, 0.908577024936676, 0.9094608426094055)",53.9,1765211390.056147
2586,"(3261.42578125, 1092.076171875, 1811.369384765625, 73.5880126953125)","(-0.916130006313324, -0.916392982006073, 0.9102160334587097, 0.9112069606781006)",53.9,1765211390.271642
2587,"(3300.84375, 1098.9752197265625, 1773.6954345703125, 74.50373840332031)","(-0.9181928038597107, -0.918239951133728, 0.9121808409690857, 0.9127665162086487)",53.9,1765211390.4899223
2588,"(3222.102294921875, 1094.386962890625, 1716.04345703125, 71.34022521972656)","(-0.9195721745491028, -0.9198893904685974, 0.9135444164276123, 0.9145181775093079)",53.9,1765211390.7053816
2589,"(3279.767578125, 1108.759521484375, 1773.35986328125, 73.45272064208984)","(-0.921536922454834, -0.9216629266738892, 0.9154019355773926, 0.9162244200706482)",53.9,1765211390.9232767
2590,"(3118.3623046875, 1181.1417236328125, 1755.452392578125, 78.16470336914062)","(-0.9229357242584229, -0.9976243376731873, 0.9171008467674255, 0.9181192517280579)",53.9,1765211391.1441267
2591,"(3282.398681640625, 1093.523193359375, 1776.7578125, 74.81268310546875)","(-0.9247104525566101, -0.9249181747436523, 0.9183893203735352, 0.91942298412323)",53.9,1765211391.3581653
2592,"(3552.088623046875, 869.7708740234375, 1862.07275390625, 89.7297134399414)","(-0.9275727272033691, -0.9280297756195068, 0.9220028519630432, 0.9229709506034851)",55.8,1765211391.791361
2593,"(3558.93017578125, 820.4810180664062, 1827.912353515625, 78.04707336425781)","(-0.9297631978988647, -0.9294867515563965, 0.9232602715492249, 0.9239621162414551)",55.9,1765211392.0084975
2594,"(3430.775390625, 802.1680908203125, 1758.222412109375, 76.63816833496094)","(-0.9315744638442993, -0.931328535079956, 0.9252254366874695, 0.9259462356567383)",55.9,1765211392.2268152
2595,"(3575.41748046875, 865.2598876953125, 1881.178955078125, 81.85414123535156)","(-0.9329858422279358, -0.9327916502952576, 0.9265392422676086, 0.9272289872169495)",55.9,1765211392.44289
2596,"(3394.703125, 899.7271728515625, 1908.497314453125, 82.63764190673828)","(-0.9336956143379211, -0.997031033039093, 0.9287819266319275, 0.9293244481086731)",55.9,1765211392.6601086
2597,"(3535.72607421875, 849.6573486328125, 1811.6112060546875, 82.40808868408203)","(-0.935688853263855, -0.9360175132751465, 0.929627537727356, 0.9304338097572327)",55.9,1765211392.8808897
2598,"(3582.76416015625, 865.299072265625, 1833.182861328125, 76.87042999267578)","(-0.9372956156730652, -0.9369895458221436, 0.9309322237968445, 0.9319403767585754)",55.9,1765211393.0934005
2599,"(3457.810546875, 848.88671875, 1799.1549072265625, 73.7511215209961)","(-0.9384839534759521, -0.9386759996414185, 0.9329659938812256, 0.9335443377494812)",55.9,1765211393.311575
2600,"(3589.73095703125, 860.13623046875, 1846.482666015625, 73.38401794433594)","(-0.9402638077735901, -0.9403689503669739, 0.934130847454071, 0.9346575140953064)",55.9,1765211393.5276427
2601,"(3421.247314453125, 834.3157958984375, 1848.825439453125, 78.34848022460938)","(-0.9412209987640381, -0.941138505935669, 0.9356484413146973, 0.9364362955093384)",55.9,1765211393.7457309
2602,"(3493.37646484375, 890.7476806640625, 1865.08935546875, 77.14271545410156)","(-0.9428346753120422, -0.9427618384361267, 0.9369668364524841, 0.9376071095466614)",55.9,1765211393.9606125
2603,"(3551.862548828125, 851.4451904296875, 1814.7657470703125, 76.30406951904297)","(-0.9441642761230469, -0.9972452521324158, 0.9384881854057312, 0.9389261603355408)",55.9,1765211394.1786482
2604,"(3460.86083984375, 827.5756225585938, 1807.950927734375, 76.59391784667969)","(-0.945512056350708, -0.9454299211502075, 0.9397993683815002, 0.9405179619789124)",55.9,1765211394.396845
2605,"(3596.0576171875, 886.684814453125, 1892.066162109375, 80.02656555175781)","(-0.946904718875885, -0.946661651134491, 0.9412660598754883, 0.9420148134231567)",55.9,1765211394.6119156
2606,"(3411.747802734375, 810.3781127929688, 1767.2264404296875, 77.74217224121094)","(-0.9482248425483704, -0.948178768157959, 0.9425118565559387, 0.9432353377342224)",55.9,1765211394.8301837
2607,"(3618.388671875, 844.9575805664062, 1864.225341796875, 77.66746520996094)","(-0.95017009973526, -0.9498915076255798, 0.9436355233192444, 0.9442325830459595)",55.9,1765211395.0456533
2608,"(3547.96142578125, 855.6638793945312, 1858.279541015625, 79.6109390258789)","(-0.9003824591636658, -0.9002827405929565, 0.9449464082717896, 0.9456411004066467)",55.9,1765211395.2638893
2609,"(3525.544921875, 852.343994140625, 1845.8818359375, 77.12652587890625)","(-0.9017841815948486, -0.9018241763114929, 0.9467548131942749, 0.9475705027580261)",55.9,1765211395.4792888
2610,"(3543.555419921875, 881.7432250976562, 1857.86962890625, 77.40156555175781)","(-0.9035856127738953, -0.995589017868042, 0.9477930665016174, 0.9483827948570251)",55.9,1765211395.6977081
2611,"(3411.71337890625, 817.42578125, 1726.275390625, 73.47837829589844)","(-0.9056650400161743, -0.9054847955703735, 0.9490176439285278, 0.9003087282180786)",55.9,1765211395.9154649
2612,"(3602.2568359375, 863.908447265625, 1823.513671875, 77.52085876464844)","(-0.9075548648834229, -0.9077010750770569, 0.9012786149978638, 0.9022647142410278)",55.9,1765211396.1310482
2613,"(3628.53466796875, 872.5423583984375, 1852.4310302734375, 75.54630279541016)","(-0.9097273349761963, -0.9095285534858704, 0.9028844833374023, 0.9039501547813416)",55.9,1765211396.3487782
2614,"(3624.37451171875, 866.42822265625, 1772.2353515625, 75.9475326538086)","(-0.9110565185546875, -0.9116737842559814, 0.904504120349884, 0.9050628542900085)",55.9,1765211396.564575
2615,"(3511.548583984375, 873.8187866210938, 1821.12646484375, 76.71687316894531)","(-0.9124850630760193, -0.9127927422523499, 0.9071815609931946, 0.907711386680603)",55.9,1765211396.7837863
2616,"(3590.93603515625, 849.8021240234375, 1905.5499267578125, 73.80374145507812)","(-0.9151813983917236, -0.9149697422981262, 0.9082292318344116, 0.9092385768890381)",55.9,1765211397.0003226
2617,"(3594.26171875, 886.3737182617188, 1847.8779296875, 77.42910766601562)","(-0.9163176417350769, -0.9951339960098267, 0.9098932147026062, 0.9104869961738586)",55.9,1765211397.2157576
2618,"(3497.55224609375, 839.2507934570312, 1772.5262451171875, 75.11184692382812)","(-0.9183120131492615, -0.9183544516563416, 0.9116963744163513, 0.9124056100845337)",55.9,1765211397.4348252
2619,"(3618.834716796875, 853.83056640625, 1843.55615234375, 74.71235656738281)","(-0.9200548529624939, -0.9197036027908325, 0.9136937260627747, 0.9144489169120789)",55.9,1765211397.6491678
2620,"(3597.094970703125, 844.53759765625, 1862.559814453125, 77.0763168334961)","(-0.9212799072265625, -0.9211879372596741, 0.915390133857727, 0.9164534211158752)",55.9,1765211397.8677907
2621,"(3428.921142578125, 845.3232421875, 1812.6456298828125, 78.12667846679688)","(-0.9225562214851379, -0.9227477312088013, 0.9173556566238403, 0.9178903102874756)",55.9,1765211398.0855927
2622,"(3443.26318359375, 845.1670532226562, 1813.162109375, 78.62138366699219)","(-0.9246598482131958, -0.9247174859046936, 0.9186556935310364, 0.9195535182952881)",55.9,1765211398.3046095
2623,"(3478.52880859375, 823.2273559570312, 1836.4586181640625, 77.21867370605469)","(-0.9263505339622498, -0.9264591336250305, 0.9204216599464417, 0.921004056930542)",55.9,1765211398.5215032
2624,"(3637.95849609375, 681.19775390625, 1815.3662109375, 94.84567260742188)","(-0.9292620420455933, -0.9296852350234985, 0.9231244325637817, 0.9235512018203735)",57.4,1765211398.9534743
2625,"(3693.024658203125, 660.8357543945312, 1812.2606201171875, 86.12910461425781)","(-0.931349515914917, -0.9315521121025085, 0.924959659576416, 0.9255908727645874)",57.4,1765211399.170623
2626,"(3576.89453125, 664.515869140625, 1752.66162109375, 84.78639221191406)","(-0.9332350492477417, -0.9335728883743286, 0.926153838634491, 0.9270193576812744)",57.4,1765211399.3859499
2627,"(3463.197998046875, 659.566650390625, 1722.416748046875, 87.83212280273438)","(-0.9351800680160522, -0.9348412156105042, 0.9279682636260986, 0.9286093711853027)",57.4,1765211399.6041784
2628,"(3579.4130859375, 665.6792602539062, 1717.12939453125, 86.62744140625)","(-0.936261773109436, -0.9353852272033691, 0.9300626516342163, 0.9304159879684448)",57.4,1765211399.8196456
2629,"(3718.212890625, 661.8595581054688, 1760.20947265625, 82.0318603515625)","(-0.9371858835220337, -0.9367529153823853, 0.9312094449996948, 0.9321064352989197)",57.4,1765211400.0375006
2630,"(3623.340087890625, 706.130615234375, 1727.2177734375, 89.02018737792969)","(-0.9391077756881714, -0.9386146664619446, 0.9326820373535156, 0.9332221150398254)",57.4,1765211400.2562163
2631,"(3766.525390625, 721.9354248046875, 1821.8388671875, 89.25698852539062)","(-0.9406742453575134, -0.9401391744613647, 0.9342516660690308, 0.9350293278694153)",57.4,1765211400.4726408
2632,"(3947.6728515625, 689.9053344726562, 1892.937744140625, 89.7439956665039)","(-0.9430719017982483, -0.9421882033348083, 0.935224175453186, 0.9361034631729126)",57.4,1765211400.6890612
2633,"(3838.21044921875, 711.828125, 1861.87451171875, 90.57505798339844)","(-0.9443750381469727, -0.9444756507873535, 0.9361761212348938, 0.9369431734085083)",57.4,1765211400.9045358
2634,"(3756.92041015625, 716.455810546875, 1835.7008056640625, 92.19296264648438)","(-0.9451094269752502, -0.9459626078605652, 0.9375063180923462, 0.9381898045539856)",57.4,1765211401.122853
2635,"(3828.62451171875, 674.29248046875, 1893.0194091796875, 87.78645324707031)","(-0.9461690783500671, -0.9471251368522644, 0.9385555982589722, 0.9393218755722046)",57.4,1765211401.3392136
2636,"(3613.841796875, 680.2589111328125, 1779.815673828125, 85.69535064697266)","(-0.9478453397750854, -0.948421061038971, 0.9400410056114197, 0.9408702254295349)",57.4,1765211401.5561435
2637,"(3508.000244140625, 720.3707275390625, 1731.1220703125, 90.0130615234375)","(-0.9468634724617004, -0.9481968879699707, 0.942081093788147, 0.9421737194061279)",57.4,1765211401.7748082
2638,"(3645.83837890625, 719.656005859375, 1830.5426025390625, 90.22284698486328)","(-0.9486923813819885, -0.9488160014152527, 0.9438720941543579, 0.9443152546882629)",57.4,1765211401.989923
2639,"(3801.260009765625, 730.5394287109375, 1863.304931640625, 89.88095092773438)","(-0.900165855884552, -0.9506292343139648, 0.9452389478683472, 0.9461154937744141)",57.4,1765211402.207755
2640,"(3765.177978515625, 757.2581787109375, 1757.4405517578125, 95.38432312011719)","(-0.9023519158363342, -0.9532071948051453, 0.9453744292259216, 0.9461355805397034)",57.4,1765211402.4244542
2641,"(3623.082275390625, 714.7152099609375, 1793.3565673828125, 89.02715301513672)","(-0.9040791392326355, -0.9044346213340759, 0.9470131397247314, 0.9473707675933838)",57.4,1765211402.6413932
2642,"(3955.786376953125, 693.5850830078125, 1893.622802734375, 85.89617919921875)","(-0.9061535000801086, -0.9056478142738342, 0.9490523934364319, 0.9003309607505798)",57.4,1765211402.8592007
2643,"(3708.636474609375, 690.7605590820312, 1815.9180908203125, 87.31101989746094)","(-0.9074584245681763, -0.9081577658653259, 0.9008799195289612, 0.9013622403144836)",57.4,1765211403.0746624
2644,"(3872.124267578125, 713.7220458984375, 1847.3736572265625, 86.8975601196289)","(-0.9101575016975403, -0.9093878269195557, 0.9030156135559082, 0.9042214751243591)",57.4,1765211403.2928994
2645,"(3607.37060546875, 705.023681640625, 1927.2052001953125, 85.82246398925781)","(-0.9104528427124023, -0.9115936160087585, 0.9418363571166992, 0.9049622416496277)",57.4,1765211403.5098455
2646,"(3779.452392578125, 709.7999267578125, 1851.26123046875, 88.0106201171875)","(-0.9130105376243591, -0.9127119779586792, 0.9068136811256409, 0.9074516892433167)",57.4,1765211403.7264445
2647,"(3671.36328125, 722.2042236328125, 1744.29736328125, 94.26676940917969)","(-0.9143945574760437, -0.9150960445404053, 0.9081900119781494, 0.9087562561035156)",57.4,1765211403.946289
2648,"(3766.116943359375, 708.6390380859375, 1810.6826171875, 88.62619018554688)","(-0.9170060753822327, -0.9165499806404114, 0.910057783126831, 0.911006510257721)",57.4,1765211404.160011
2649,"(3836.72509765625, 708.3117065429688, 1840.95361328125, 92.33438110351562)","(-0.9174771308898926, -0.9177377223968506, 0.9117579460144043, 0.912322998046875)",57.4,1765211404.377886
2650,"(3775.5693359375, 706.0256958007812, 1837.1363525390625, 92.0565414428711)","(-0.9199093580245972, -0.9201223254203796, 0.9132274985313416, 0.9717109203338623)",57.4,1765211404.593244
2651,"(3819.253662109375, 732.1177978515625, 1881.892333984375, 88.15032196044922)","(-0.9210337996482849, -0.9207636713981628, 0.9156238436698914, 0.9160153269767761)",57.4,1765211404.8115633
2652,"(3853.357666015625, 674.2420654296875, 1932.1573486328125, 85.67340087890625)","(-0.9724521040916443, -0.9236034750938416, 0.9163414835929871, 0.9171134829521179)",57.4,1765211405.0293064
2653,"(3774.49169921875, 708.2413330078125, 1849.917236328125, 89.2040786743164)","(-0.9251523613929749, -0.9246372580528259, 0.918715238571167, 0.9192854166030884)",57.4,1765211405.2448041
2654,"(3634.2734375, 743.6572265625, 1876.0535888671875, 90.75110626220703)","(-0.9266015887260437, -0.9694591164588928, 0.9195706248283386, 0.9203627109527588)",57.4,1765211405.4630897
2655,"(3653.0830078125, 710.9083251953125, 1816.4248046875, 90.72452545166016)","(-0.9273578524589539, -0.927992582321167, 0.9214410781860352, 0.9220127463340759)",57.4,1765211405.6798294
2656,"(3775.019287109375, 538.204345703125, 1719.033203125, 85.22553253173828)","(-0.9311977028846741, -0.9315646290779114, 0.9247563481330872, 0.9650857448577881)",59.2,1765211406.1151621
2657,"(3871.7470703125, 538.2853393554688, 1778.7978515625, 78.87467956542969)","(-0.9326761364936829, -0.933384358882904, 0.9259791374206543, 0.9267359375953674)",59.2,1765211406.3301091
2658,"(4171.87890625, 519.751220703125, 1900.0478515625, 81.69003295898438)","(-0.9668221473693848, -0.9340949058532715, 0.9281158447265625, 0.9283855557441711)",59.2,1765211406.5479865
2659,"(3849.28564453125, 534.22705078125, 1781.700439453125, 81.0198745727539)","(-0.9356124401092529, -0.9358990788459778, 0.9292516112327576, 0.9296600222587585)",59.2,1765211406.763504
2660,"(3898.53125, 540.5833129882812, 1808.878173828125, 81.76731872558594)","(-0.9367762207984924, -0.9372960329055786, 0.930709958076477, 0.9313152432441711)",59.2,1765211406.981721
2661,"(3846.17724609375, 517.381591796875, 1712.46826171875, 79.02293395996094)","(-0.9388673901557922, -0.9388745427131653, 0.9323656558990479, 0.9328976273536682)",59.2,1765211407.2020166
2662,"(3833.62939453125, 550.0372314453125, 1812.483154296875, 84.95013427734375)","(-0.93976891040802, -0.9400095343589783, 0.9342079162597656, 0.9345465898513794)",59.2,1765211407.4157624
2663,"(3774.7626953125, 548.8462524414062, 1730.679931640625, 84.2173843383789)","(-0.9416035413742065, -0.9418215155601501, 0.9349163174629211, 0.9582911133766174)",59.2,1765211407.6332195
2664,"(3933.115234375, 568.7142333984375, 1822.9139404296875, 79.58612060546875)","(-0.9424163699150085, -0.9432274699211121, 0.9365361332893372, 0.9368206262588501)",59.2,1765211407.8487022
2665,"(3871.74072265625, 562.810791015625, 1829.4058837890625, 78.58822631835938)","(-0.959091305732727, -0.9447351098060608, 0.9379980564117432, 0.9386487603187561)",59.2,1765211408.0665364
2666,"(3760.80517578125, 528.1694946289062, 1732.119873046875, 74.91641235351562)","(-0.9453940987586975, -0.9462230205535889, 0.9391772747039795, 0.9395884871482849)",59.2,1765211408.2821007
2667,"(3993.963134765625, 555.8572387695312, 1822.290283203125, 81.58651733398438)","(-0.9473304152488708, -0.9475671648979187, 0.9407016038894653, 0.9411834478378296)",59.2,1765211408.502297
2668,"(3886.0859375, 539.4139404296875, 1751.3345947265625, 80.17347717285156)","(-0.9489721655845642, -0.9492971301078796, 0.9417009949684143, 0.942448079586029)",59.2,1765211408.7185712
2669,"(3969.57421875, 556.5316162109375, 1817.5118408203125, 86.00321197509766)","(-0.9500277638435364, -0.9505716562271118, 0.942890465259552, 0.9433498978614807)",59.2,1765211408.935822
2670,"(3989.54736328125, 537.0244750976562, 1795.4462890625, 84.68350982666016)","(-0.900449275970459, -0.9004731178283691, 0.9449344873428345, 0.9507703185081482)",59.2,1765211409.1529737
2671,"(4067.73779296875, 556.8116455078125, 1785.55810546875, 83.86173248291016)","(-0.9020512700080872, -0.9018524885177612, 0.946382462978363, 0.9474023580551147)",59.2,1765211409.3672667
2672,"(4132.4580078125, 551.351806640625, 1851.47265625, 85.04619598388672)","(-0.9514836668968201, -0.9042677283287048, 0.9471877813339233, 0.9481143355369568)",59.2,1765211409.5852172
2673,"(3854.4716796875, 522.7874755859375, 1744.602783203125, 79.93993377685547)","(-0.9057734608650208, -0.906364381313324, 0.9483065009117126, 0.9488303661346436)",59.2,1765211409.8033388
2674,"(4012.412109375, 537.2763061523438, 1804.881591796875, 81.83738708496094)","(-0.9077823758125305, -0.9081853032112122, 0.9010632634162903, 0.9015462398529053)",59.2,1765211410.018954
2675,"(3817.8271484375, 536.4964599609375, 1769.244140625, 83.78410339355469)","(-0.9086270332336426, -0.9091829657554626, 0.9028188586235046, 0.9033266305923462)",59.2,1765211410.2371008
2676,"(3981.70947265625, 542.6932373046875, 1781.26953125, 80.21220397949219)","(-0.9112371802330017, -0.9114827513694763, 0.9047778844833374, 0.9056168794631958)",59.2,1765211410.4528413
2677,"(3855.1201171875, 542.2862548828125, 1805.1829833984375, 86.75949096679688)","(-0.912152111530304, -0.912615180015564, 0.9066460132598877, 0.9415509700775146)",59.2,1765211410.6704333
2678,"(83.8930892944336, 85.15440368652344, 84.05138397216797, 82.28426361083984)","(-0.9154928922653198, -0.9153776168823242, 0.9087536334991455, 0.908922553062439)",59.2,1765211410.975531
2679,"(1802.084716796875, 85.39151000976562, 84.73674011230469, 81.96070861816406)","(-0.9161521792411804, -0.9172346591949463, 0.9103541374206543, 0.9102318286895752)",59.2,1765211411.137831
2680,"(3877.95068359375, 548.48583984375, 1790.966552734375, 80.09915924072266)","(-0.918471097946167, -0.918534517288208, 0.911392092704773, 0.9120562076568604)",59.2,1765211411.3219767
2681,"(3856.1025390625, 557.3175048828125, 1822.214599609375, 83.59393310546875)","(-0.9197454452514648, -0.9195807576179504, 0.9136292338371277, 0.913977324962616)",59.2,1765211411.5395277
2682,"(3821.3720703125, 542.6932373046875, 1771.5201416015625, 84.00466918945312)","(-0.9213811159133911, -0.9216657876968384, 0.914922297000885, 0.9156424403190613)",59.2,1765211411.7557642
2683,"(3985.802001953125, 537.764404296875, 1800.92822265625, 80.60748291015625)","(-0.9232704639434814, -0.9238830804824829, 0.9162735342979431, 0.9175905585289001)",59.2,1765211411.9734921
2684,"(3941.5625, 536.1410522460938, 1780.110107421875, 85.34223937988281)","(-0.9246401190757751, -0.924989640712738, 0.9181421995162964, 0.9322593212127686)",59.2,1765211412.190182
2685,"(3678.56298828125, 529.4789428710938, 1736.831787109375, 81.94569396972656)","(-0.9265228509902954, -0.9266123175621033, 0.9197813868522644, 0.9206407070159912)",59.2,1765211412.4072871
2686,"(4081.76025390625, 547.5884399414062, 1823.0128173828125, 83.06224060058594)","(-0.9316521286964417, -0.9283393025398254, 0.9631264209747314, 0.9223791360855103)",59.2,1765211412.6223323
2687,"(3801.3056640625, 529.8253173828125, 1775.896484375, 80.26560974121094)","(-0.9294534921646118, -0.9298713207244873, 0.9230594038963318, 0.9236222505569458)",59.2,1765211412.8406026
2688,"(4135.63916015625, 420.8535461425781, 1787.2021484375, 74.53828430175781)","(-0.9330955147743225, -0.9333443641662598, 0.9259506464004517, 0.9268958568572998)",60.9,1765211413.2766697
2689,"(4025.693115234375, 408.21337890625, 1775.7598876953125, 79.56978607177734)","(-0.9341548085212708, -0.9344236254692078, 0.9277737736701965, 0.9277828335762024)",60.9,1765211413.4921188
2690,"(4152.57666015625, 413.7084655761719, 1787.232177734375, 79.94369506835938)","(-0.9362542033195496, -0.9364181160926819, 0.9295175671577454, 0.9223153591156006)",60.9,1765211413.7075987
2691,"(3936.533447265625, 420.0980224609375, 1759.39404296875, 84.03202056884766)","(-0.9371420741081238, -0.9374255537986755, 0.9303933382034302, 0.9307953119277954)",60.9,1765211413.9258897
2692,"(4269.79248046875, 399.149169921875, 1824.831787109375, 76.63243865966797)","(-0.9210954308509827, -0.9390676021575928, 0.9326550960540771, 0.9330797791481018)",60.9,1765211414.140917
2693,"(4016.88623046875, 409.96270751953125, 1788.59033203125, 78.5751953125)","(-0.9399802088737488, -0.9408717751502991, 0.9334504008293152, 0.9339169263839722)",60.9,1765211414.3591304
2694,"(3798.435546875, 416.19818115234375, 1679.443115234375, 78.112548828125)","(-0.9412501454353333, -0.9421478509902954, 0.9349570274353027, 0.9355831146240234)",60.9,1765211414.5774202
2695,"(4012.32958984375, 415.0674743652344, 1734.6983642578125, 78.57827758789062)","(-0.9430754780769348, -0.9433658719062805, 0.9366883039474487, 0.9376261830329895)",60.9,1765211414.794342
2696,"(3985.75732421875, 406.2500305175781, 1755.241943359375, 78.14363098144531)","(-0.9447423219680786, -0.9450221061706543, 0.9377558827400208, 0.9383020401000977)",60.9,1765211415.010698
2697,"(3994.5615234375, 430.87451171875, 1698.261962890625, 78.53675079345703)","(-0.9447944164276123, -0.9454708695411682, 0.9393308758735657, 0.9394527077674866)",60.9,1765211415.2263322
2698,"(4107.51025390625, 425.00341796875, 1746.8173828125, 77.89073181152344)","(-0.9477943778038025, -0.9478400349617004, 0.9406615495681763, 0.9414291977882385)",60.9,1765211415.4452152
2699,"(4154.69140625, 394.8855285644531, 1804.9375, 77.286865234375)","(-0.9482343196868896, -0.9484273791313171, 0.941887617111206, 0.9418055415153503)",60.9,1765211415.6622434
2700,"(3979.60107421875, 398.5291748046875, 1729.687255859375, 75.88085174560547)","(-0.9495069980621338, -0.9495022892951965, 0.9432942271232605, 0.9438698291778564)",60.9,1765211415.8777132
2701,"(4154.8125, 418.8636474609375, 1755.5257568359375, 79.04116821289062)","(-0.9002823233604431, -0.9005888104438782, 0.9448325634002686, 0.945242702960968)",60.9,1765211416.0960798
2702,"(4015.14208984375, 410.5480651855469, 1839.533447265625, 74.86441040039062)","(-0.9018818736076355, -0.9021811485290527, 0.9456512331962585, 0.9459656476974487)",60.9,1765211416.311914
2703,"(3932.30517578125, 397.38372802734375, 1721.9954833984375, 72.62669372558594)","(-0.9040273427963257, -0.9044899344444275, 0.9471295475959778, 0.9476506114006042)",60.9,1765211416.5293136
2704,"(3952.34619140625, 431.0527648925781, 1678.5670166015625, 77.65264892578125)","(-0.9055553674697876, -0.9060830473899841, 0.9485129117965698, 0.9487608075141907)",60.9,1765211416.7475958
2705,"(3976.265869140625, 411.125244140625, 1723.6907958984375, 77.74223327636719)","(-0.9073656797409058, -0.908002495765686, 0.9009650349617004, 0.9011904001235962)",60.9,1765211416.9638515
2706,"(4068.380859375, 399.07281494140625, 1715.6611328125, 75.18785095214844)","(-0.9093878865242004, -0.9096472859382629, 0.9029069542884827, 0.9032851457595825)",60.9,1765211417.1820922
2707,"(3866.9892578125, 358.08294677734375, 1653.00439453125, 77.39244079589844)","(-0.9114964604377747, -0.9120054244995117, 0.9043097496032715, 0.993579089641571)",60.9,1765211417.3963323
2708,"(3863.093017578125, 394.6351623535156, 1674.2646484375, 73.34536743164062)","(-0.9136605262756348, -0.9139218330383301, 0.9065312743186951, 0.9073538780212402)",60.9,1765211417.614556
2709,"(4136.513671875, 375.70599365234375, 1788.481201171875, 70.64479064941406)","(-0.9144117832183838, -0.9148761630058289, 0.9077014327049255, 0.9082011580467224)",60.9,1765211417.8323424
2710,"(4004.08251953125, 402.2701416015625, 1754.43212890625, 74.06320190429688)","(-0.9160751104354858, -0.9164712429046631, 0.9096100926399231, 0.9102233648300171)",60.9,1765211418.0478632
2711,"(3880.031982421875, 425.8903503417969, 1783.871826171875, 76.53407287597656)","(-0.9177876114845276, -0.9183256030082703, 0.9115807414054871, 0.912014365196228)",60.9,1765211418.266168
2712,"(3975.260009765625, 414.69378662109375, 1742.104736328125, 78.25593566894531)","(-0.9198916554450989, -0.9200834035873413, 0.9137130379676819, 0.9139106869697571)",60.9,1765211418.4816146
2713,"(4135.15576171875, 421.31195068359375, 1775.4820556640625, 77.13992309570312)","(-0.921937108039856, -0.9223406314849854, 0.9145442843437195, 0.9154874682426453)",60.9,1765211418.6994076
2714,"(3957.96533203125, 444.26678466796875, 1704.5235595703125, 81.73375701904297)","(-0.9225181341171265, -0.9910897612571716, 0.9161727428436279, 0.9167574048042297)",60.9,1765211418.91765
2715,"(4027.625, 411.75390625, 1755.099853515625, 78.44354248046875)","(-0.9245113134384155, -0.9248586297035217, 0.9183328151702881, 0.9189850687980652)",60.9,1765211419.1349514
2716,"(4369.126953125, 396.407958984375, 1848.12841796875, 78.50474548339844)","(-0.9263320565223694, -0.9270631670951843, 0.9196380376815796, 0.9204299449920654)",60.9,1765211419.3516634
2717,"(4009.078369140625, 406.9046936035156, 1763.1217041015625, 75.39691162109375)","(-0.9278602004051208, -0.927854597568512, 0.9215468168258667, 0.9223849177360535)",60.9,1765211419.56645
2718,"(4017.04052734375, 402.59149169921875, 1751.693359375, 74.31572723388672)","(-0.9298000931739807, -0.9297586679458618, 0.9231743812561035, 0.9236302375793457)",60.9,1765211419.7847154
2719,"(3935.80419921875, 391.2714538574219, 1575.98095703125, 72.3399658203125)","(-0.9311225414276123, -0.9315851926803589, 0.9247685670852661, 0.9251436591148376)",60.9,1765211420.0029287
2720,"(3878.85546875, 322.6819763183594, 1679.5640869140625, 69.63711547851562)","(-0.9346100091934204, -0.9944250583648682, 0.9275580644607544, 0.9279677867889404)",62.8,1765211420.4403992
2721,"(4336.35791015625, 311.7393798828125, 1710.6986083984375, 69.28357696533203)","(-0.9360923767089844, -0.9364709854125977, 0.9293261170387268, 0.9295533299446106)",63.0,1765211420.6517768
2722,"(4347.33056640625, 314.960205078125, 1746.408935546875, 71.02473449707031)","(-0.9375061988830566, -0.9379152655601501, 0.9305911064147949, 0.9314472079277039)",63.0,1765211420.8695486
2723,"(4156.68505859375, 294.4573974609375, 1656.90380859375, 65.90924072265625)","(-0.9389451742172241, -0.9390051364898682, 0.9318028688430786, 0.9325895309448242)",63.0,1765211421.0861604
2724,"(4241.0859375, 312.57470703125, 1744.8720703125, 68.19618225097656)","(-0.9394066333770752, -0.9397634267807007, 0.9335614442825317, 0.9341837167739868)",63.0,1765211421.3033266
2725,"(4160.09423828125, 302.7496337890625, 1666.017333984375, 67.43057250976562)","(-0.9425603151321411, -0.942474365234375, 0.9354823231697083, 0.9357109069824219)",63.0,1765211421.521553
2726,"(4215.994140625, 316.36627197265625, 1736.88427734375, 70.25648498535156)","(-0.9427722692489624, -0.9434009194374084, 0.9360083937644958, 0.9361351728439331)",63.0,1765211421.737579
2727,"(4138.955078125, 312.584228515625, 1718.02783203125, 68.41595458984375)","(-0.9448545575141907, -0.9972639679908752, 0.9377861618995667, 0.9383302927017212)",63.0,1765211421.9555264
2728,"(4043.4658203125, 300.90380859375, 1624.210693359375, 64.5124282836914)","(-0.9461768269538879, -0.9466530084609985, 0.9388838410377502, 0.9393526911735535)",63.0,1765211422.1703076
2729,"(4342.20703125, 315.91217041015625, 1712.4447021484375, 66.12574768066406)","(-0.9475223422050476, -0.9473680853843689, 0.9405725002288818, 0.940733790397644)",63.0,1765211422.3881207
2730,"(4031.76220703125, 294.311279296875, 1652.829833984375, 64.81039428710938)","(-0.9481860995292664, -0.9489087462425232, 0.9418255090713501, 0.9421799182891846)",63.0,1765211422.606408
2731,"(4229.1015625, 305.92254638671875, 1735.053466796875, 66.78614044189453)","(-0.9490293264389038, -0.9496113657951355, 0.943274736404419, 0.9435923099517822)",63.0,1765211422.8218617
2732,"(4048.261474609375, 300.7750549316406, 1662.42529296875, 66.01023864746094)","(-0.900122344493866, -0.9004063606262207, 0.9447669386863708, 0.9450981020927429)",63.0,1765211423.040096
2733,"(4266.59228515625, 314.6787414550781, 1707.881103515625, 63.04877471923828)","(-0.9018154740333557, -0.9022301435470581, 0.9458989500999451, 0.946276843547821)",63.0,1765211423.255179
2734,"(4262.65234375, 315.8973388671875, 1743.07763671875, 67.94493103027344)","(-0.9035437107086182, -0.998162567615509, 0.9468786716461182, 0.9475218653678894)",63.0,1765211423.4734504
2735,"(4191.3662109375, 306.1009521484375, 1683.401123046875, 65.42953491210938)","(-0.9057517647743225, -0.9059995412826538, 0.9487511515617371, 0.9490264654159546)",63.0,1765211423.6916401
2736,"(4145.5029296875, 309.94415283203125, 1736.199951171875, 69.44747161865234)","(-0.907572865486145, -0.9075826406478882, 0.9010182023048401, 0.9012868404388428)",63.0,1765211423.9067316
2737,"(4151.21484375, 308.3627014160156, 1700.9049072265625, 65.29380798339844)","(-0.9090734720230103, -0.9095951318740845, 0.9026605486869812, 0.9032431244850159)",63.0,1765211424.1249495
2738,"(4132.7333984375, 305.4421691894531, 1741.06201171875, 68.85494232177734)","(-0.9111142754554749, -0.9115079641342163, 0.9044687747955322, 0.9047999382019043)",63.0,1765211424.340465
2739,"(4234.61962890625, 317.40692138671875, 1690.5830078125, 64.90789794921875)","(-0.9127310514450073, -0.9133817553520203, 0.9062384963035583, 0.9068300127983093)",63.0,1765211424.5587645
2740,"(4049.028076171875, 300.522705078125, 1685.385986328125, 64.58275604248047)","(-0.9147205948829651, -0.9149836301803589, 0.9078015685081482, 0.908456027507782)",63.0,1765211424.7765667
2741,"(4230.87548828125, 324.5264892578125, 1719.08349609375, 65.77568054199219)","(-0.9158626198768616, -0.998595118522644, 0.9097785353660583, 0.9102476835250854)",63.0,1765211424.9920282
2742,"(4156.05859375, 310.7725830078125, 1697.001708984375, 67.29281616210938)","(-0.9180573225021362, -0.9184325933456421, 0.9113982319831848, 0.9120640158653259)",63.0,1765211425.2103386
2743,"(4174.99609375, 314.63214111328125, 1708.809814453125, 66.9127197265625)","(-0.9196022152900696, -0.9196519255638123, 0.9131256341934204, 0.9138124585151672)",63.0,1765211425.4259524
2744,"(4248.1171875, 308.1429138183594, 1687.04736328125, 64.1654052734375)","(-0.9211282134056091, -0.9216047525405884, 0.9150142669677734, 0.9151811003684998)",63.0,1765211425.6435697
2745,"(4186.10888671875, 314.5721740722656, 1666.206298828125, 66.31681823730469)","(-0.923106849193573, -0.923505425453186, 0.9163482785224915, 0.9170992970466614)",63.0,1765211425.8617766
2746,"(4054.58837890625, 307.06982421875, 1683.93505859375, 67.6241455078125)","(-0.9247655868530273, -0.9251487255096436, 0.9181633591651917, 0.9184262156486511)",63.0,1765211426.077263
2747,"(4238.4541015625, 304.06402587890625, 1674.599853515625, 63.225059509277344)","(-0.9263260364532471, -0.9267202019691467, 0.9198476672172546, 0.9203283786773682)",63.0,1765211426.2962675
2748,"(4220.216796875, 320.4505615234375, 1738.948974609375, 66.00946807861328)","(-0.9277532696723938, -0.9987054467201233, 0.9214613437652588, 0.9219005703926086)",63.0,1765211426.5110648
2749,"(3974.594970703125, 301.0367736816406, 1644.55859375, 65.47148132324219)","(-0.9299085140228271, -0.9304333925247192, 0.9228977560997009, 0.9232945442199707)",63.0,1765211426.7290816
2750,"(4289.94091796875, 300.47344970703125, 1690.9130859375, 62.45634460449219)","(-0.9309164881706238, -0.9312154650688171, 0.924347996711731, 0.9245960712432861)",63.0,1765211426.9454882
2751,"(4127.599609375, 304.6953125, 1683.007568359375, 66.25148010253906)","(-0.9325046539306641, -0.9328346252441406, 0.9261479377746582, 0.9263976216316223)",63.0,1765211427.1622906
2752,"(4292.755859375, 286.6856994628906, 1666.64501953125, 54.319305419921875)","(-0.9362488985061646, -0.9364672303199768, 0.9291999340057373, 0.9293708205223083)",64.5,1765211427.5958772
2753,"(4152.72900390625, 271.32147216796875, 1698.1893310546875, 55.09923553466797)","(-0.9373022317886353, -0.937563419342041, 0.9306735992431641, 0.9307193160057068)",64.6,1765211427.8148756
2754,"(4338.27685546875, 289.95538330078125, 1620.387939453125, 53.87287139892578)","(-0.9384990930557251, -0.9990269541740417, 0.9320154786109924, 0.9323674440383911)",64.6,1765211428.0291934
2755,"(4133.89892578125, 272.2316589355469, 1652.6689453125, 55.107147216796875)","(-0.9398100972175598, -0.940415620803833, 0.9337301850318909, 0.9339901804924011)",64.6,1765211428.247558
2756,"(4281.29443359375, 265.653564453125, 1687.69873046875, 52.09564208984375)","(-0.9412257075309753, -0.941656768321991, 0.934886634349823, 0.9357132315635681)",64.6,1765211428.4653203
2757,"(4081.739501953125, 263.5992736816406, 1636.279541015625, 54.3046875)","(-0.9435210227966309, -0.943697452545166, 0.9365244507789612, 0.9369505047798157)",64.6,1765211428.6807983
2758,"(1254.298583984375, 57.20987319946289, 56.50904083251953, 55.690555572509766)","(-0.9269998669624329, -0.9445955157279968, 0.9378323554992676, 0.9381211996078491)",64.6,1765211428.9246542
2759,"(4030.621826171875, 262.645263671875, 1704.1572265625, 52.078704833984375)","(-0.9463495016098022, -0.9466962218284607, 0.9393476843833923, 0.9398744702339172)",64.6,1765211429.1144898
2760,"(4352.25, 268.9759216308594, 1655.33935546875, 51.53392791748047)","(-0.9472991228103638, -0.9473515748977661, 0.9404724836349487, 0.9406615495681763)",64.6,1765211429.3323324
2761,"(4139.9658203125, 282.314453125, 1637.410888671875, 56.35426712036133)","(-0.9478720426559448, -0.9484164118766785, 0.9416375160217285, 0.9418622255325317)",64.6,1765211429.5513449
2762,"(4098.64404296875, 267.14654541015625, 1639.83447265625, 54.23051071166992)","(-0.9495325088500977, -0.949786365032196, 0.9431750774383545, 0.9438847899436951)",64.6,1765211429.765985
2763,"(4441.98876953125, 276.95989990234375, 1699.474853515625, 53.090919494628906)","(-0.900131344795227, -0.9006611704826355, 0.944588840007782, 0.9449523687362671)",64.6,1765211429.9838653
2764,"(4344.5625, 282.4501953125, 1717.02392578125, 58.85634231567383)","(-0.9016327857971191, -0.9024140238761902, 0.946500301361084, 0.9467912316322327)",64.6,1765211430.1993961
2765,"(4117.91796875, 278.3887939453125, 1687.5784912109375, 57.54707717895508)","(-0.903169572353363, -0.9039407968521118, 0.9470710158348083, 0.9468427300453186)",64.6,1765211430.4175491
2766,"(4371.091796875, 265.6815185546875, 1729.18408203125, 52.03947830200195)","(-0.9053375124931335, -0.9058737754821777, 0.9482393264770508, 0.9490408897399902)",64.6,1765211430.635467
2767,"(4105.88134765625, 268.43438720703125, 1667.323486328125, 53.70038604736328)","(-0.9075442552566528, -0.9080030918121338, 0.9010410308837891, 0.901553750038147)",64.6,1765211430.8513634
2768,"(4166.6787109375, 289.1365966796875, 1688.621337890625, 54.02754592895508)","(-0.90914386510849, -0.9096543788909912, 0.9025052189826965, 0.9030833840370178)",64.6,1765211431.070241
2769,"(4240.279296875, 278.8701171875, 1694.44384765625, 56.426029205322266)","(-0.9109202027320862, -0.9112249612808228, 0.9041895866394043, 0.9047338962554932)",64.6,1765211431.2845738
2770,"(4106.7451171875, 270.1881408691406, 1684.5111083984375, 54.84897994995117)","(-0.9127029180526733, -0.913073718547821, 0.9059398770332336, 0.9066368937492371)",64.6,1765211431.5026138
2771,"(4127.03271484375, 294.5673828125, 1600.84521484375, 56.50735855102539)","(-0.9144752025604248, -0.9146995544433594, 0.9077333807945251, 0.9080822467803955)",64.6,1765211431.7207475
2772,"(4112.46875, 273.3729248046875, 1667.2099609375, 57.3946418762207)","(-0.9162996411323547, -0.9165233969688416, 0.9096487760543823, 0.9098394513130188)",64.6,1765211431.9388509
2773,"(4549.263671875, 267.9100036621094, 1725.720458984375, 55.31945037841797)","(-0.9182446599006653, -0.9182627201080322, 0.9115281701087952, 0.911960244178772)",64.6,1765211432.154093
2774,"(4389.38037109375, 277.46563720703125, 1718.177001953125, 55.171546936035156)","(-0.9195159673690796, -0.919836699962616, 0.9134917259216309, 0.9140300154685974)",64.6,1765211432.3699517
2775,"(4193.671875, 272.1366271972656, 1712.3692626953125, 56.64408874511719)","(-0.9213860034942627, -0.9216509461402893, 0.9144808650016785, 0.9148486852645874)",64.6,1765211432.5893195
2776,"(4469.83642578125, 256.35015869140625, 1749.1732177734375, 51.076568603515625)","(-0.9359384775161743, -0.9233961701393127, 0.9163433313369751, 0.9169570207595825)",64.6,1765211432.8031366
2777,"(273.599365234375, 1680.60888671875, 54.3481330871582, 53.519004821777344)","(-0.9242026805877686, -0.9248232841491699, 0.918682873249054, 0.9185646176338196)",64.6,1765211433.0767527
2778,"(275.56439208984375, 58.450477600097656, 56.12208557128906, 55.910133361816406)","(-0.9261884093284607, -0.9266080856323242, 0.9201522469520569, 0.9205724000930786)",64.6,1765211433.2603555
2779,"(4203.7734375, 277.2679443359375, 1668.73583984375, 55.19562530517578)","(-0.9280773401260376, -0.9284704327583313, 0.9216931462287903, 0.9221785068511963)",64.6,1765211433.4573348
2780,"(4300.3271484375, 289.0787353515625, 1704.2403564453125, 55.68717956542969)","(-0.929863691329956, -0.9304153919219971, 0.9232208132743835, 0.9237063527107239)",64.6,1765211433.6725738
2781,"(4403.8408203125, 281.8690490722656, 1658.8306884765625, 58.53241729736328)","(-0.9319397211074829, -0.9326210021972656, 0.9247856736183167, 0.988355278968811)",64.6,1765211433.8880677
2782,"(4481.06396484375, 295.11474609375, 1761.01171875, 57.616455078125)","(-0.9337087273597717, -0.9338963627815247, 0.9269581437110901, 0.9271364212036133)",64.6,1765211434.1063163
2783,"(4450.18115234375, 271.65545654296875, 1805.6422119140625, 54.18901062011719)","(-0.9891703128814697, -0.9338282346725464, 0.9272781014442444, 0.9275590181350708)",64.6,1765211434.324158
2784,"(4342.9716796875, 262.9643249511719, 1631.970458984375, 54.74651336669922)","(-0.9372237920761108, -0.9373981952667236, 0.9309138059616089, 0.9314412474632263)",66.3,1765211434.759109
2785,"(4317.2373046875, 262.6169128417969, 1531.8443603515625, 51.05353927612305)","(-0.9390937089920044, -0.9392619729042053, 0.9322680830955505, 0.9332824945449829)",66.3,1765211434.9748735
2786,"(4280.6201171875, 264.2474365234375, 1608.13623046875, 54.087913513183594)","(-0.9404360055923462, -0.9408170580863953, 0.9341071248054504, 0.9346314668655396)",66.3,1765211435.1911085
2787,"(4039.957763671875, 246.94337463378906, 1513.281494140625, 56.41307830810547)","(-0.9413763284683228, -0.9418433308601379, 0.9349694848060608, 0.983879804611206)",66.3,1765211435.409393
2788,"(4196.74853515625, 247.72396850585938, 1586.1748046875, 53.25190353393555)","(-0.9433802366256714, -0.9435474276542664, 0.9368030428886414, 0.9369906783103943)",66.3,1765211435.6248972
2789,"(4322.4287109375, 251.3067626953125, 1608.682861328125, 53.52857971191406)","(-0.9875609278678894, -0.9453166127204895, 0.9381173253059387, 0.9387519359588623)",66.4,1765211435.8426766
2790,"(4252.3134765625, 257.9247741699219, 1604.1751708984375, 49.95811080932617)","(-0.9454832077026367, -0.9463188052177429, 0.9394046068191528, 0.9395318031311035)",66.4,1765211436.0582201
2791,"(4474.22119140625, 264.7418212890625, 1659.084716796875, 53.67769241333008)","(-0.9480379223823547, -0.9479272365570068, 0.940669596195221, 0.9411827921867371)",66.4,1765211436.2764688
2792,"(4253.62939453125, 251.14697265625, 1588.1669921875, 50.96034240722656)","(-0.9484398365020752, -0.9495998024940491, 0.9424050450325012, 0.942790687084198)",66.4,1765211436.4947193
2793,"(4145.0986328125, 250.54547119140625, 1627.2816162109375, 52.32514572143555)","(-0.950075626373291, -0.9501444101333618, 0.9430007338523865, 0.9432806372642517)",66.4,1765211436.7097242
2794,"(4137.287109375, 257.5446472167969, 1639.1322021484375, 52.99787902832031)","(-0.9511194229125977, -0.9004117846488953, 0.9444844722747803, 0.9792776703834534)",66.4,1765211436.9301684
2795,"(4461.142578125, 261.83062744140625, 1671.5501708984375, 55.306358337402344)","(-0.9016813039779663, -0.9025793075561523, 0.9461761713027954, 0.9467005729675293)",66.4,1765211437.1434839
2796,"(4511.37109375, 264.79010009765625, 1693.48974609375, 55.71842575073242)","(-0.9830133318901062, -0.9043079018592834, 0.9475916624069214, 0.9477874636650085)",66.4,1765211437.3619256
2797,"(4164.6318359375, 247.32534790039062, 1599.251708984375, 53.1153564453125)","(-0.9052071571350098, -0.9058215022087097, 0.9485402703285217, 0.9483311772346497)",66.4,1765211437.5795064
2798,"(4227.26953125, 250.13201904296875, 1627.326904296875, 53.167930603027344)","(-0.9074777960777283, -0.9079903960227966, 0.9008373618125916, 0.9014273285865784)",66.4,1765211437.795082
2799,"(3964.3740234375, 231.55088806152344, 1548.6226806640625, 51.80947494506836)","(-0.9095970988273621, -0.9098101258277893, 0.9028114676475525, 0.903512179851532)",66.4,1765211438.0144672
2800,"(4277.0888671875, 255.67166137695312, 1598.102783203125, 52.08448028564453)","(-0.9109134674072266, -0.9108721613883972, 0.9043151140213013, 0.9046941995620728)",66.4,1765211438.2283716
2801,"(4377.4189453125, 253.3480682373047, 1623.229248046875, 54.172847747802734)","(-0.9127532243728638, -0.9133119583129883, 0.9064240455627441, 0.9747117757797241)",66.4,1765211438.4474
2802,"(4191.0517578125, 248.9936981201172, 1559.26220703125, 51.16832733154297)","(-0.9143983125686646, -0.9148973226547241, 0.9082114696502686, 0.9084191918373108)",66.4,1765211438.6647925
2803,"(4315.3525390625, 246.89248657226562, 1619.2725830078125, 52.71958923339844)","(-0.9769444465637207, -0.9165567755699158, 0.909913957118988, 0.9104795455932617)",66.4,1765211438.8798952
2804,"(3991.170166015625, 232.70240783691406, 1526.25634765625, 50.09698486328125)","(-0.9185585975646973, -0.9187753796577454, 0.9116507172584534, 0.9122601747512817)",66.4,1765211439.0981393
2805,"(4093.87060546875, 233.84771728515625, 1561.847412109375, 51.60931396484375)","(-0.920586347579956, -0.9209271669387817, 0.9134922027587891, 0.9141901731491089)",66.4,1765211439.3136618
2806,"(3943.84228515625, 230.60084533691406, 1502.267822265625, 49.234405517578125)","(-0.9225885272026062, -0.922949492931366, 0.9156956672668457, 0.9161168336868286)",66.4,1765211439.5331833
2807,"(4142.58740234375, 233.6025848388672, 1543.2012939453125, 48.41983413696289)","(-0.9226354956626892, -0.9236022233963013, 0.9169468879699707, 0.917130708694458)",66.4,1765211439.7476976
2808,"(4312.19921875, 242.81842041015625, 1621.38623046875, 55.34459686279297)","(-0.9248534440994263, -0.9250461459159851, 0.9181511402130127, 0.9689080119132996)",66.4,1765211439.9652247
2809,"(4317.21044921875, 256.94268798828125, 1606.96875, 55.878910064697266)","(-0.9268864989280701, -0.9274418950080872, 0.9200459122657776, 0.9207253456115723)",66.4,1765211440.1834428
2810,"(4414.03076171875, 266.2535095214844, 1701.82958984375, 54.198604583740234)","(-0.9696103930473328, -0.9279502630233765, 0.9213661551475525, 0.9214097261428833)",66.4,1765211440.398463
2811,"(4098.091796875, 250.042236328125, 1611.24365234375, 54.79169464111328)","(-0.9296630024909973, -0.9299536943435669, 0.9230058193206787, 0.9233517646789551)",66.4,1765211440.616783
2812,"(4265.21435546875, 254.59823608398438, 1557.7763671875, 52.64141845703125)","(-0.9311494827270508, -0.9314093589782715, 0.9247890114784241, 0.9252699613571167)",66.4,1765211440.8322587
2813,"(4264.7158203125, 258.3997802734375, 1618.815185546875, 51.11982727050781)","(-0.9326094388961792, -0.9332166314125061, 0.9261213541030884, 0.9267218708992004)",66.4,1765211441.0504391
2814,"(4357.67578125, 251.38583374023438, 1631.140380859375, 51.11376953125)","(-0.9342321753501892, -0.9350162744522095, 0.9280269742012024, 0.928482174873352)",66.4,1765211441.2683027
2815,"(4237.05859375, 249.68453979492188, 1637.1162109375, 56.92160415649414)","(-0.9350780844688416, -0.9354976415634155, 0.9290471076965332, 0.9617992043495178)",66.4,1765211441.5780191
2816,"(4122.01708984375, 267.6107177734375, 1546.473876953125, 43.150482177734375)","(-0.9402081966400146, -0.9404258728027344, 0.9333332777023315, 0.9337235689163208)",68.1,1765211442.1359782
2817,"(3993.544921875, 274.17266845703125, 1477.0869140625, 42.69216537475586)","(-0.9419394135475159, -0.9419727921485901, 0.9349728226661682, 0.9353936910629272)",68.1,1765211442.353578
2818,"(4015.373046875, 268.5589294433594, 1498.012451171875, 41.66856384277344)","(-0.9438380002975464, -0.9433649778366089, 0.9366701245307922, 0.9372529983520508)",68.1,1765211442.5695024
2819,"(3984.771728515625, 260.3389587402344, 1492.33642578125, 40.601531982421875)","(-0.9453641772270203, -0.9445149898529053, 0.9381848573684692, 0.9387508034706116)",68.1,1765211442.7868917
2820,"(3936.6884765625, 255.17330932617188, 1465.33251953125, 42.63454818725586)","(-0.9472833275794983, -0.9469874501228333, 0.940036416053772, 0.9568061828613281)",68.1,1765211443.0023963
2821,"(3936.760986328125, 263.25079345703125, 1463.701171875, 41.97529602050781)","(-0.9483896493911743, -0.9485377073287964, 0.9413682222366333, 0.9414939880371094)",68.1,1765211443.2208922
2822,"(3923.39111328125, 269.3223876953125, 1530.299072265625, 40.858917236328125)","(-0.9498213529586792, -0.9493783116340637, 0.9427341818809509, 0.9432476162910461)",68.1,1765211443.441503
2823,"(4042.20751953125, 265.23382568359375, 1500.8795166015625, 41.34576416015625)","(-0.9509328603744507, -0.9512677788734436, 0.9440587162971497, 0.9443987607955933)",68.1,1765211443.6539814
2824,"(4173.181640625, 291.7253723144531, 1551.467529296875, 44.0957145690918)","(-0.9001629948616028, -0.9004388451576233, 0.9450949430465698, 0.9446542859077454)",68.1,1765211443.8721647
2825,"(4288.33642578125, 291.40667724609375, 1572.6754150390625, 44.10700607299805)","(-0.9017888307571411, -0.9025925993919373, 0.9462948441505432, 0.9463555812835693)",68.1,1765211444.0876596
2826,"(4379.16796875, 290.6343688964844, 1598.1796875, 43.786773681640625)","(-0.9034191370010376, -0.9041730165481567, 0.947070300579071, 0.9472654461860657)",68.1,1765211444.31077
2827,"(4096.5009765625, 296.0479431152344, 1506.68017578125, 44.137939453125)","(-0.90482097864151, -0.905583918094635, 0.9483436942100525, 0.9486296772956848)",68.1,1765211444.5237076
2828,"(4057.9521484375, 275.16552734375, 1507.5465087890625, 42.965797424316406)","(-0.9074400663375854, -0.9077433943748474, 0.9009142518043518, 0.9010812044143677)",68.1,1765211444.7403116
2829,"(4144.685546875, 255.76885986328125, 1512.234619140625, 41.27653121948242)","(-0.9096677899360657, -0.9095132350921631, 0.9029697775840759, 0.90325927734375)",68.1,1765211444.9578278
2830,"(3943.92431640625, 258.91552734375, 1468.174072265625, 40.787757873535156)","(-0.9116987586021423, -0.9117045998573303, 0.904980480670929, 0.9054703116416931)",68.1,1765211445.1726358
2831,"(4041.5517578125, 267.30511474609375, 1469.882080078125, 40.663978576660156)","(-0.9131473898887634, -0.913567841053009, 0.906659722328186, 0.9069520831108093)",68.1,1765211445.3907852
2832,"(4239.646484375, 257.8363037109375, 1547.3065185546875, 38.995094299316406)","(-0.9895721673965454, -0.9155009388923645, 0.9084096550941467, 0.9089469909667969)",68.1,1765211445.606062
2833,"(4318.54833984375, 281.60546875, 1511.43505859375, 40.22602844238281)","(-0.9161734580993652, -0.9160603880882263, 0.9093064069747925, 0.9099647998809814)",68.1,1765211445.8241415
2834,"(4193.263671875, 306.1412353515625, 1504.3753662109375, 44.08299255371094)","(-0.9182965755462646, -0.9188498258590698, 0.9117273092269897, 0.9116843938827515)",68.1,1765211446.0423787
2835,"(4316.8798828125, 297.21673583984375, 1544.9779052734375, 43.82587432861328)","(-0.9198968410491943, -0.9207479953765869, 0.9137158989906311, 0.9139671921730042)",68.1,1765211446.257719
2836,"(4294.046875, 293.6068420410156, 1558.7052001953125, 44.24176788330078)","(-0.9212304949760437, -0.9220017790794373, 0.9153249263763428, 0.9151796698570251)",68.1,1765211446.4756804
2837,"(4233.8984375, 302.9359436035156, 1466.939208984375, 46.221534729003906)","(-0.923103392124176, -1.0005954504013062, 0.9167157411575317, 0.916939914226532)",68.1,1765211446.6910236
2838,"(4386.9375, 298.5356750488281, 1549.0096435546875, 43.85574722290039)","(-0.9252077341079712, -0.9245951175689697, 0.9181722402572632, 0.9191604852676392)",68.1,1765211446.9092877
2839,"(4610.97216796875, 294.8123474121094, 1698.6990966796875, 43.00197982788086)","(-0.9256733655929565, -0.9250529408454895, 0.9195511341094971, 0.9201987981796265)",68.1,1765211447.127165
2840,"(4211.74658203125, 289.95697021484375, 1602.6353759765625, 44.36887741088867)","(-0.927552342414856, -0.9269984364509583, 0.9206383228302002, 0.921423614025116)",68.1,1765211447.3426414
2841,"(4210.32421875, 279.71453857421875, 1534.38232421875, 43.40087127685547)","(-0.9290671348571777, -0.9294880628585815, 0.9228498935699463, 0.9230070114135742)",68.1,1765211447.5609126
2842,"(4110.2353515625, 281.67694091796875, 1573.340087890625, 39.8823356628418)","(-0.9306511878967285, -0.9308782815933228, 0.9269952774047852, 0.9251761436462402)",68.1,1765211447.7774732
2843,"(4273.1484375, 293.66693115234375, 1504.0133056640625, 42.273353576660156)","(-0.9328595399856567, -0.9328277707099915, 0.9259655475616455, 0.9267895221710205)",68.1,1765211447.994201
2844,"(4110.98828125, 305.82379150390625, 1469.9786376953125, 44.736083984375)","(-0.9346239566802979, -0.9742242693901062, 0.9281208515167236, 0.928555965423584)",68.1,1765211448.2124119
2845,"(4391.6708984375, 291.76983642578125, 1555.4434814453125, 42.834815979003906)","(-0.9366269707679749, -0.9365604519844055, 0.9297856688499451, 0.9303725957870483)",68.1,1765211448.4316962
2846,"(4663.453125, 297.544677734375, 1609.602783203125, 43.60026550292969)","(-0.9374029636383057, -0.9364621043205261, 0.9308379292488098, 0.9315356016159058)",68.1,1765211448.6457746
2847,"(4281.5498046875, 281.3630676269531, 1610.4013671875, 41.47941589355469)","(-0.9377423524856567, -0.9375821948051453, 0.931175947189331, 0.9320142269134521)",68.1,1765211448.8612485
2848,"(2923.0322265625, 288.4940185546875, 944.7293701171875, 28.139371871948242)","(-0.9047797322273254, -0.905884861946106, 0.9480871558189392, 0.9486356377601624)",70.2,1765211465.3548734
2849,"(2862.30224609375, 274.6476745605469, 988.8199462890625, 35.85832595825195)","(-0.9067719578742981, -0.9077281355857849, 0.9006175398826599, 0.9005832672119141)",70.8,1765211465.5725408
2850,"(2566.41796875, 195.96107482910156, 880.05029296875, 12.798971176147461)","(-0.9086310863494873, -0.9094843864440918, 0.9024025201797485, 0.9018650054931641)",70.8,1765211465.7895188
2851,"(2086.73583984375, 118.50553894042969, 555.0271606445312, 38.35129165649414)","(-0.9104785323143005, -0.9116048216819763, 0.9042035341262817, 0.9039623737335205)",70.8,1765211466.0045674
2852,"(3831.973388671875, 486.13446044921875, 413.8656311035156, 4.602821350097656)","(-0.9122405052185059, -0.9128954410552979, 0.905825138092041, 0.991142988204956)",70.8,1765211466.2228477
2853,"(3184.556640625, 163.34988403320312, 400.8876953125, 22.11211395263672)","(-0.9143537878990173, -0.9152354598045349, 0.9075714349746704, 0.908087968826294)",70.8,1765211466.439276
2854,"(62.941104888916016, 54.814369201660156, 39.28594207763672, 23.043437957763672)","(-0.9162209630012512, -0.9173407554626465, 0.9103989005088806, 0.9105584621429443)",70.8,1765211466.7164679
2855,"(3475.1484375, 61.128395080566406, 32.8945426940918, 37.98418045043945)","(-0.9172229170799255, -0.9333698749542236, 0.9118014574050903, 0.9116249084472656)",70.8,1765211466.874953
2856,"(3269.75439453125, 80.13192749023438, 143.19285583496094, 48.12254333496094)","(-0.9186650514602661, -0.9208459854125977, 0.9129678010940552, 0.9135670065879822)",70.8,1765211467.0898554
2857,"(3576.5576171875, 106.72797393798828, 435.2776794433594, 26.931278228759766)","(-0.9208762049674988, -0.9220898747444153, 0.9147378206253052, 0.9150318503379822)",70.8,1765211467.3081806
2858,"(3410.17041015625, 188.3528289794922, 504.2501220703125, 35.20463943481445)","(-0.9228214621543884, -0.9236215949058533, 0.9167560935020447, 0.9166771769523621)",70.8,1765211467.5231783
2859,"(3695.5517578125, 93.0910873413086, 727.3253784179688, 34.947689056396484)","(-0.9243143200874329, -0.9250373244285583, 0.917718231678009, 0.9886733293533325)",70.8,1765211467.7414734
2860,"(3511.99169921875, 68.7890625, 811.1063842773438, 25.259963989257812)","(-0.925889253616333, -0.9264990091323853, 0.9195477962493896, 0.9199070334434509)",70.8,1765211467.9601715
2861,"(3954.60107421875, 220.45635986328125, 816.32080078125, 22.37158966064453)","(-0.9916523694992065, -0.9287605285644531, 0.9214510321617126, 0.9217920899391174)",70.8,1765211468.1747394
2862,"(3502.3017578125, 211.1802978515625, 975.3753662109375, 22.33584976196289)","(-0.928970456123352, -0.9291754961013794, 0.9226311445236206, 0.9229708909988403)",70.8,1765211468.3929942
2863,"(3826.33935546875, 247.03738403320312, 1146.900146484375, 17.598812103271484)","(-0.9309560656547546, -0.9315392971038818, 0.9242810606956482, 0.9249303936958313)",70.8,1765211468.6094983
2864,"(3625.576904296875, 122.60298919677734, 1036.549560546875, 48.47871780395508)","(-0.9325505495071411, -0.9326764345169067, 0.9258906245231628, 0.926063597202301)",70.8,1765211468.8298337
2865,"(3617.43603515625, 171.0127410888672, 1232.497802734375, 42.22193908691406)","(-0.9335232377052307, -0.9341820478439331, 0.9273911118507385, 0.9277011156082153)",70.8,1765211469.0454879
2866,"(3944.4462890625, 195.39552307128906, 1192.5462646484375, 31.89499282836914)","(-0.9351798892021179, -0.9355855584144592, 0.929172933101654, 0.9858645796775818)",70.8,1765211469.2611167
2867,"(3929.50830078125, 225.754150390625, 1173.5411376953125, 28.297290802001953)","(-0.9367198348045349, -0.9369787573814392, 0.9301982522010803, 0.9307481050491333)",70.8,1765211469.4782522
2868,"(4029.091552734375, 266.1671447753906, 1250.43505859375, 25.483200073242188)","(-0.9888075590133667, -0.9383586049079895, 0.9319693446159363, 0.9323720335960388)",70.8,1765211469.6932633
2869,"(3907.4482421875, 223.08010864257812, 1141.3773193359375, 28.895490646362305)","(-0.9395023584365845, -0.9395477175712585, 0.9333412647247314, 0.9336816668510437)",70.8,1765211469.9115975
2870,"(3988.072265625, 280.5916442871094, 1144.0665283203125, 29.4283390045166)","(-0.9414557814598083, -0.9420461058616638, 0.9349578619003296, 0.9354925155639648)",70.8,1765211470.129892
2871,"(4014.838623046875, 291.9591064453125, 1217.1810302734375, 27.479774475097656)","(-0.9422972798347473, -0.9421511888504028, 0.9362757802009583, 0.9368847012519836)",70.8,1765211470.3458135
2872,"(3875.80810546875, 258.310302734375, 1183.101318359375, 27.325286865234375)","(-0.9443023800849915, -0.944050133228302, 0.9375714659690857, 0.9378621578216553)",70.8,1765211470.5660856
2873,"(3867.53759765625, 250.46792602539062, 1158.82568359375, 27.40828514099121)","(-0.9456841349601746, -0.9453179240226746, 0.9391991496086121, 0.9825916886329651)",70.8,1765211470.7797425
2874,"(3952.6826171875, 265.79718017578125, 1166.7823486328125, 28.10430335998535)","(-0.9467918872833252, -0.9466503262519836, 0.9400831460952759, 0.9405156373977661)",70.8,1765211471.0006166
2875,"(4169.3662109375, 264.6015930175781, 1235.80126953125, 27.293376922607422)","(-0.9837964177131653, -0.9479132890701294, 0.941606879234314, 0.9423099756240845)",70.8,1765211471.2119608
2876,"(3845.478759765625, 261.95465087890625, 1172.60400390625, 27.51810073852539)","(-0.9502922892570496, -0.9499216675758362, 0.9429944157600403, 0.9432281255722046)",70.8,1765211471.4342308
2877,"(3698.78173828125, 260.23822021484375, 1106.7730712890625, 25.383548736572266)","(-0.9002671837806702, -0.9000827670097351, 0.9449961185455322, 0.9454166293144226)",70.8,1765211471.6483896
2878,"(3812.732177734375, 248.67626953125, 1137.6053466796875, 26.43233299255371)","(-0.9015411138534546, -0.9020739197731018, 0.9459306001663208, 0.9465754628181458)",70.8,1765211471.8638995
2879,"(3994.373779296875, 255.0971221923828, 1180.2982177734375, 24.810832977294922)","(-0.9034318327903748, -0.9036516547203064, 0.9469203948974609, 0.9475904107093811)",70.8,1765211472.0817795
2880,"(3475.89697265625, 224.16986083984375, 737.0491943359375, 24.439483642578125)","(-0.9049578309059143, -0.9055559635162354, 0.9480760097503662, 0.9488579630851746)",71.7,1765211479.2424576
2881,"(3524.88818359375, 227.1920166015625, 760.69384765625, 24.137218475341797)","(-0.9072631597518921, -0.9076211452484131, 0.9005147814750671, 0.901679277420044)",71.9,1765211479.4591799
2882,"(3291.265625, 217.63333129882812, 759.81103515625, 23.735942840576172)","(-0.9083994030952454, -0.9091349840164185, 0.9020993113517761, 0.9036962985992432)",71.9,1765211479.677378
2883,"(3432.820068359375, 221.99530029296875, 797.5673828125, 24.245512008666992)","(-0.9105334877967834, -0.9111524224281311, 0.9041993021965027, 0.9055387377738953)",71.9,1765211479.8948054
2884,"(3425.93994140625, 226.17086791992188, 795.8005981445312, 22.40705108642578)","(-0.9122955203056335, -0.912931501865387, 0.9414049983024597, 0.9071429967880249)",71.9,1765211480.1111453
2885,"(3541.71923828125, 224.28414916992188, 793.4482421875, 21.58888816833496)","(-0.9426514506340027, -0.9144883751869202, 0.9075403213500977, 0.9086947441101074)",71.9,1765211480.3289673
2886,"(3486.17529296875, 234.259521484375, 789.4232177734375, 23.218563079833984)","(-0.9158145785331726, -0.9619244933128357, 0.9096459150314331, 0.9104337692260742)",71.9,1765211480.5449376
2887,"(3394.95947265625, 218.8828887939453, 758.3714599609375, 22.051393508911133)","(-0.9177173972129822, -0.9180433750152588, 0.911436140537262, 0.9121224880218506)",71.9,1765211480.7626579
2888,"(3509.945556640625, 232.21099853515625, 819.6474609375, 22.84770965576172)","(-0.9190177917480469, -0.919618546962738, 0.9131572842597961, 0.9141464829444885)",71.9,1765211480.9801354
2889,"(3405.88037109375, 224.67315673828125, 794.6748046875, 21.0833797454834)","(-0.9214085936546326, -0.9216536283493042, 0.9146612286567688, 0.9159290194511414)",71.9,1765211481.1960146
2890,"(3504.02294921875, 230.30319213867188, 839.3607177734375, 21.59941864013672)","(-0.9223425388336182, -0.92277991771698, 0.9155417084693909, 0.9176980257034302)",71.9,1765211481.4114945
2891,"(3327.02734375, 233.49635314941406, 851.1798095703125, 18.09186363220215)","(-0.9242590069770813, -0.9246859550476074, 0.932550847530365, 0.9191217422485352)",71.9,1765211481.6298308
2892,"(3434.1806640625, 253.6026153564453, 786.7559814453125, 23.606243133544922)","(-0.9259072542190552, -0.9260862469673157, 0.9196789264678955, 0.9207037091255188)",71.9,1765211481.8475516
2893,"(3497.971923828125, 267.6435852050781, 839.9524536132812, 39.004066467285156)","(-0.9271497130393982, -0.9690695405006409, 0.9210752248764038, 0.922073245048523)",71.9,1765211482.0630429
2894,"(3329.470703125, 257.03076171875, 795.0276489257812, 38.899635314941406)","(-0.9288316369056702, -0.9295042753219604, 0.9227302074432373, 0.9237238764762878)",71.9,1765211482.281283
2895,"(3540.31982421875, 271.47412109375, 793.4715576171875, 39.47926330566406)","(-0.9306961297988892, -0.9310911297798157, 0.9240675568580627, 0.9253363013267517)",71.9,1765211482.4964094
2896,"(3503.40234375, 264.73883056640625, 813.0721435546875, 39.532386779785156)","(-0.9324231743812561, -0.9325478672981262, 0.9257766008377075, 0.9266904592514038)",71.9,1765211482.7146564
2897,"(3327.30810546875, 261.0937805175781, 823.00341796875, 40.88425064086914)","(-0.9335383176803589, -0.9340344071388245, 0.9271398782730103, 0.9285321831703186)",71.9,1765211482.9354396
2898,"(3423.087890625, 269.953125, 890.03564453125, 36.418731689453125)","(-0.9355744123458862, -0.9356086254119873, 0.9221249222755432, 0.9298509359359741)",71.9,1765211483.1482973
2899,"(3261.4521484375, 230.0102996826172, 806.2945556640625, 28.847003936767578)","(-0.9364866018295288, -0.9373385310173035, 0.9300910234451294, 0.9314138293266296)",71.9,1765211483.3660972
2900,"(3459.24072265625, 228.794677734375, 777.629638671875, 30.25028419494629)","(-0.9377632141113281, -0.9756906032562256, 0.9322066903114319, 0.9332634806632996)",71.9,1765211483.5827472
2901,"(3271.5634765625, 218.18341064453125, 751.8505859375, 29.235916137695312)","(-0.9395582675933838, -0.9399702548980713, 0.9331719875335693, 0.9345373511314392)",71.9,1765211483.799828
2902,"(3424.7001953125, 219.1637420654297, 752.1400146484375, 33.63011169433594)","(-0.9409371614456177, -0.9418301582336426, 0.9348085522651672, 0.9356094002723694)",71.9,1765211484.0148745
2903,"(3372.3798828125, 224.96116638183594, 750.7042236328125, 36.68290710449219)","(-0.9422320127487183, -0.9427887797355652, 0.9362386465072632, 0.9370262026786804)",71.9,1765211484.2331893
2904,"(3297.76318359375, 223.29080200195312, 742.7822875976562, 37.096435546875)","(-0.9437316656112671, -0.9441706538200378, 0.9377562403678894, 0.9385303258895874)",71.9,1765211484.4516973
2905,"(3430.270751953125, 219.31744384765625, 781.525146484375, 36.00653839111328)","(-0.9455903172492981, -0.9457266330718994, 0.910965085029602, 0.9398102760314941)",71.9,1765211484.6683593
2906,"(3450.05859375, 218.04275512695312, 789.41748046875, 32.64588165283203)","(-0.946593165397644, -0.946779727935791, 0.940458357334137, 0.9418697953224182)",71.9,1765211484.8847275
2907,"(3455.988037109375, 209.9698486328125, 727.4682006835938, 34.85112762451172)","(-0.9476132392883301, -0.9805875420570374, 0.9416556358337402, 0.9426843523979187)",71.9,1765211485.1002684
2908,"(3357.765380859375, 196.6949920654297, 747.9117431640625, 35.88277053833008)","(-0.9489945769309998, -0.9496097564697266, 0.9431182742118835, 0.944229245185852)",71.9,1765211485.319523
2909,"(3494.448974609375, 185.5340576171875, 719.4432373046875, 34.49835968017578)","(-0.9502795934677124, -0.9002820253372192, 0.9445539116859436, 0.9450955986976624)",71.9,1765211485.53628
2910,"(3460.406982421875, 186.8109130859375, 700.2448120117188, 34.92905044555664)","(-0.9016438126564026, -0.9019929766654968, 0.9455456137657166, 0.9463326930999756)",71.9,1765211485.7542715
2911,"(37.868595123291016, 37.60066604614258, 36.36148452758789, 35.944976806640625)","(-0.9047797322273254, -0.9048107266426086, 0.9478549361228943, 0.9481903314590454)",71.9,1765211486.046894
2912,"(3169.69921875, 193.1051788330078, 778.1090087890625, 24.883403778076172)","(-0.920594334602356, -0.9208968877792358, 0.9146743416786194, 0.9157726764678955)",73.7,1765211488.1402037
2913,"(3204.3828125, 188.09780883789062, 723.26318359375, 27.323322296142578)","(-0.922849178314209, -0.9227889776229858, 0.9163366556167603, 0.917242705821991)",73.7,1765211488.3560348
2914,"(3254.91455078125, 191.97637939453125, 758.967529296875, 25.831857681274414)","(-0.9238576292991638, -0.9240564107894897, 0.9175742864608765, 0.9192869067192078)",73.7,1765211488.5735924
2915,"(3063.850830078125, 192.11453247070312, 697.4021606445312, 28.63780975341797)","(-0.9255049228668213, -0.925858736038208, 0.9196287989616394, 0.9203627109527588)",73.7,1765211488.7921298
2916,"(3283.652587890625, 181.4433135986328, 709.901123046875, 25.712512969970703)","(-0.927649736404419, -0.9282088875770569, 0.921257734298706, 0.9221816658973694)",73.7,1765211489.00733
2917,"(3436.898681640625, 181.51560974121094, 777.45361328125, 25.788097381591797)","(-0.9282556176185608, -0.9286523461341858, 0.9230413436889648, 0.9244134426116943)",73.7,1765211489.225025
2918,"(3188.947021484375, 181.35182189941406, 739.6469116210938, 24.684192657470703)","(-0.9303661584854126, -0.930828869342804, 0.92424476146698, 0.9253812432289124)",73.7,1765211489.4423194
2919,"(3340.7060546875, 189.74810791015625, 748.9369506835938, 25.5515193939209)","(-0.9321243762969971, -0.9327446818351746, 0.9260053038597107, 0.9269065856933594)",73.7,1765211489.6588824
2920,"(3439.34423828125, 180.6759490966797, 796.8221435546875, 24.41082763671875)","(-0.9907061457633972, -0.9342426657676697, 0.9276779890060425, 0.9278504252433777)",73.7,1765211489.8742235
2921,"(3272.38623046875, 196.00567626953125, 784.5406494140625, 24.989532470703125)","(-0.9346744418144226, -0.9347721934318542, 0.9289868474006653, 0.930511474609375)",73.7,1765211490.092083
2922,"(3099.42578125, 199.48385620117188, 722.352294921875, 25.488746643066406)","(-0.9367083311080933, -0.9370966553688049, 0.9304667115211487, 0.9314461946487427)",73.7,1765211490.3105052
2923,"(3218.5458984375, 200.1065673828125, 761.2547607421875, 25.009231567382812)","(-0.9378539323806763, -0.9381715655326843, 0.932336151599884, 0.9329106211662292)",73.7,1765211490.5271697
2924,"(3183.30419921875, 198.57568359375, 774.020263671875, 23.633773803710938)","(-0.9392489790916443, -0.9397953152656555, 0.9337217211723328, 0.9343985319137573)",73.7,1765211490.7449183
2925,"(3305.673828125, 199.8055877685547, 742.821044921875, 26.188352584838867)","(-0.9409139156341553, -0.9414737820625305, 0.9349283576011658, 0.9902589917182922)",73.7,1765211490.9593854
2926,"(3244.18359375, 197.2281951904297, 783.2278442382812, 28.68761444091797)","(-0.9422411322593689, -0.9425345063209534, 0.9361044764518738, 0.9373442530632019)",73.7,1765211491.1773598
2927,"(3422.27001953125, 182.1951446533203, 770.181396484375, 28.7358341217041)","(-0.996052622795105, -0.9441055059432983, 0.937684178352356, 0.9387273192405701)",73.7,1765211491.3951745
2928,"(3276.2578125, 196.75167846679688, 754.1627807617188, 29.389087677001953)","(-0.9446657299995422, -0.9449470043182373, 0.9393261075019836, 0.9401690363883972)",73.7,1765211491.6106098
2929,"(3237.85205078125, 190.1761474609375, 733.428466796875, 29.486011505126953)","(-0.9460713267326355, -0.94683837890625, 0.9401727318763733, 0.9413658976554871)",73.7,1765211491.8288794
2930,"(3232.6865234375, 192.0980987548828, 665.4324951171875, 27.475967407226562)","(-0.9479876160621643, -0.9481544494628906, 0.9415721297264099, 0.9426260590553284)",73.7,1765211492.0444658
2931,"(3178.12060546875, 196.33673095703125, 725.439453125, 29.471895217895508)","(-0.9489959478378296, -0.949597954750061, 0.9428473711013794, 0.943989098072052)",73.7,1765211492.2626014
2932,"(3091.8330078125, 187.62303161621094, 665.8992919921875, 28.77116584777832)","(-0.9506940245628357, -0.900001585483551, 0.9443681240081787, 0.9920963644981384)",73.7,1765211492.4805279
2933,"(3294.79736328125, 200.64151000976562, 738.976806640625, 28.28824234008789)","(-0.9011666774749756, -0.9018518328666687, 0.9458948969841003, 0.9468143582344055)",73.7,1765211492.6971478
2934,"(3365.787841796875, 196.76263427734375, 728.6459350585938, 27.948610305786133)","(-0.9965581893920898, -0.9035199284553528, 0.9467238187789917, 0.9479432106018066)",73.7,1765211492.9137805
2935,"(3232.774169921875, 192.76150512695312, 707.7662353515625, 26.819942474365234)","(-0.9049327969551086, -0.9054840803146362, 0.9481740593910217, 0.9490332007408142)",73.7,1765211493.129339
2936,"(3312.6708984375, 192.35348510742188, 721.6143798828125, 28.62053108215332)","(-0.9072969555854797, -0.9074379205703735, 0.9007855653762817, 0.9014771580696106)",73.7,1765211493.3475327
2937,"(3203.256591796875, 187.41592407226562, 686.5707397460938, 26.796850204467773)","(-0.9093633890151978, -0.9097133278846741, 0.9029104113578796, 0.9035230278968811)",73.7,1765211493.5657482
2938,"(3367.42138671875, 205.4573516845703, 740.6769409179688, 29.323801040649414)","(-0.9099664688110352, -0.9109553098678589, 0.9046723246574402, 0.9057900905609131)",73.7,1765211493.780824
2939,"(3102.967529296875, 195.06321716308594, 746.2281494140625, 30.37346076965332)","(-0.9122180342674255, -0.9124858975410461, 0.905722439289093, 0.99379962682724)",73.7,1765211493.9990973
2940,"(3325.099609375, 190.67222595214844, 715.3862915039062, 28.360248565673828)","(-0.9138063788414001, -0.914826512336731, 0.90784752368927, 0.9086245894432068)",73.7,1765211494.2156496
2941,"(3334.43408203125, 198.2489471435547, 745.5582275390625, 29.021995544433594)","(-0.9977838397026062, -0.9159297943115234, 0.9093044400215149, 0.9106167554855347)",73.7,1765211494.4363313
2942,"(3079.9130859375, 182.2451629638672, 698.2353515625, 28.601947784423828)","(-0.9174091219902039, -0.9180237054824829, 0.9111754298210144, 0.9121515154838562)",73.7,1765211494.65064
2943,"(3269.34423828125, 185.112548828125, 694.0516357421875, 29.287044525146484)","(-0.9194446206092834, -0.9195513129234314, 0.9129914045333862, 0.9140291213989258)",73.7,1765211494.866082
2944,"(3111.52490234375, 202.54971313476562, 729.7920532226562, 22.115070343017578)","(-0.9975281953811646, -0.9381769895553589, 0.9315587282180786, 0.9323856234550476)",75.3,1765211497.4699016
2945,"(3078.935546875, 202.639404296875, 708.8170776367188, 21.34699821472168)","(-0.9394493103027344, -0.9402648210525513, 0.9337044954299927, 0.9342002868652344)",75.3,1765211497.6918151
2946,"(3097.791748046875, 201.15907287597656, 691.4478759765625, 22.19973373413086)","(-0.9403032064437866, -0.9406934976577759, 0.9341302514076233, 0.9360467791557312)",75.3,1765211497.903293
2947,"(2969.677001953125, 193.31674194335938, 670.018798828125, 22.56352996826172)","(-0.9422802329063416, -0.9425585269927979, 0.9362732172012329, 0.9367706179618835)",75.3,1765211498.1214843
2948,"(3230.876220703125, 197.06954956054688, 689.859619140625, 22.233341217041016)","(-0.9433326125144958, -0.9439533948898315, 0.9381816387176514, 0.9388211965560913)",75.3,1765211498.3393276
2949,"(3047.2041015625, 196.61270141601562, 708.4246215820312, 24.069580078125)","(-0.9444335699081421, -0.9442431926727295, 0.9390024542808533, 0.9945228099822998)",75.3,1765211498.556321
2950,"(2983.5078125, 198.4747314453125, 661.8130493164062, 23.500011444091797)","(-0.947195827960968, -0.9472413063049316, 0.9400891661643982, 0.9408127069473267)",75.3,1765211498.7730193
2951,"(3077.373046875, 202.2636260986328, 713.6708374023438, 23.148395538330078)","(-0.9966063499450684, -0.9478371143341064, 0.9412287473678589, 0.9427900910377502)",75.3,1765211498.988206
2952,"(3059.02392578125, 196.71163940429688, 704.95849609375, 23.762588500976562)","(-0.9493444561958313, -0.9503169059753418, 0.9433686137199402, 0.9438778758049011)",75.3,1765211499.206473
2953,"(2949.51708984375, 197.36497497558594, 686.242431640625, 24.119144439697266)","(-0.9508384466171265, -0.9510037302970886, 0.9442413449287415, 0.9450263381004333)",75.3,1765211499.4246595
2954,"(3002.44091796875, 202.03012084960938, 729.8325805664062, 24.350528717041016)","(-0.901088297367096, -0.9012932777404785, 0.9455625414848328, 0.9470239281654358)",75.3,1765211499.6400983
2955,"(3001.34814453125, 200.8212127685547, 732.0361328125, 23.12128448486328)","(-0.9031665325164795, -0.903479814529419, 0.9468509554862976, 0.9482284188270569)",75.3,1765211499.8621259
2956,"(3041.08984375, 201.99679565429688, 723.3327026367188, 24.488452911376953)","(-0.9049080014228821, -0.9053665399551392, 0.9485978484153748, 0.9923006892204285)",75.3,1765211500.074702
2957,"(3010.152099609375, 202.8704833984375, 694.375, 23.913633346557617)","(-0.9068763852119446, -0.907661497592926, 0.900897204875946, 0.9014915227890015)",75.3,1765211500.2916775
2958,"(3148.784912109375, 196.0882568359375, 725.3173828125, 23.80493927001953)","(-0.9092265367507935, -0.9094185829162598, 0.9027105569839478, 0.9033750295639038)",75.3,1765211500.509638
2959,"(2977.94677734375, 203.36740112304688, 706.987548828125, 22.68352508544922)","(-0.9103434085845947, -0.9107579588890076, 0.9039557576179504, 0.905375599861145)",75.3,1765211500.7249231
2960,"(2905.568359375, 207.97259521484375, 709.9573364257812, 23.72370147705078)","(-0.9121232628822327, -0.912002444267273, 0.9060407280921936, 0.9071588516235352)",75.3,1765211500.9442286
2961,"(3026.736328125, 197.9353790283203, 648.1163330078125, 24.000370025634766)","(-0.9140617251396179, -0.9142645001411438, 0.9081426858901978, 0.9089329838752747)",75.3,1765211501.1587589
2962,"(3044.67724609375, 194.60650634765625, 656.0629272460938, 22.953323364257812)","(-0.9160361289978027, -0.9163424372673035, 0.9095005393028259, 0.9102707505226135)",75.3,1765211501.376627
2963,"(2915.078369140625, 205.389404296875, 641.8787841796875, 24.920448303222656)","(-0.9174321293830872, -0.9179341197013855, 0.9110045433044434, 0.912273108959198)",75.3,1765211501.5947227
2964,"(2994.92138671875, 204.82611083984375, 664.8427734375, 23.277740478515625)","(-0.918738067150116, -0.9190686345100403, 0.9133281111717224, 0.9143514037132263)",75.3,1765211501.810238
2965,"(3115.830322265625, 194.44351196289062, 665.9203491210938, 21.48907470703125)","(-0.9210163950920105, -0.9213004112243652, 0.9149274230003357, 0.9155752062797546)",75.3,1765211502.0280576
2966,"(2998.64208984375, 195.78231811523438, 652.0430908203125, 21.407344818115234)","(-0.9228743314743042, -0.92303466796875, 0.9164930582046509, 0.9171180129051208)",75.3,1765211502.243557
2967,"(3039.87060546875, 200.67967224121094, 670.7017822265625, 22.44863510131836)","(-0.9239619970321655, -0.9242467284202576, 0.9174821376800537, 0.9191796779632568)",75.3,1765211502.4632146
2968,"(3232.13427734375, 198.69395446777344, 712.1714477539062, 21.97150421142578)","(-0.9256902933120728, -0.9259366989135742, 0.9201376438140869, 0.9208559393882751)",75.3,1765211502.678419
2969,"(3048.1376953125, 203.72048950195312, 689.5912475585938, 22.869033813476562)","(-0.9278147220611572, -0.9285575747489929, 0.920950710773468, 0.9216826558113098)",75.3,1765211502.8951182
2970,"(2930.775146484375, 209.6777801513672, 681.9114990234375, 23.89403533935547)","(-0.9295382499694824, -0.9295923113822937, 0.9223048090934753, 0.9237245917320251)",75.3,1765211503.1133652
2971,"(2997.09375, 205.81942749023438, 709.2564086914062, 21.537612915039062)","(-0.9301797151565552, -0.9305152297019958, 0.923816978931427, 0.925698459148407)",75.3,1765211503.3289256
2972,"(3001.779541015625, 210.70468139648438, 711.0219116210938, 21.08629608154297)","(-0.9314683675765991, -0.931672990322113, 0.9258140325546265, 0.9275842308998108)",75.3,1765211503.5467227
2973,"(3006.2529296875, 213.43505859375, 645.78662109375, 21.468435287475586)","(-0.9336662888526917, -0.9665944576263428, 0.9278919100761414, 0.9285624623298645)",75.3,1765211503.7625186
2974,"(2998.52490234375, 195.88299560546875, 675.632080078125, 20.83868980407715)","(-0.9356635212898254, -0.9355737566947937, 0.9286396503448486, 0.9295016527175903)",75.3,1765211503.980483
2975,"(3159.64404296875, 193.52227783203125, 721.4409790039062, 19.739784240722656)","(-0.9369369745254517, -0.9370050430297852, 0.9298745393753052, 0.9317444562911987)",75.3,1765211504.1982133
2976,"(2684.625732421875, 203.18353271484375, 674.322509765625, 9.188523292541504)","(-0.9109862446784973, -0.9109933376312256, 0.9041855335235596, 0.9053156971931458)",77.1,1765211514.616705
2977,"(9.498977661132812, 9.547977447509766, 9.512491226196289, 9.196526527404785)","(-0.9598716497421265, -0.9601035118103027, 0.9535143375396729, 0.9539682865142822)",77.1,1765211514.9179602
2978,"(132.8886260986328, 9.904325485229492, 9.178791046142578, 9.225236892700195)","(-0.9399838447570801, -0.9617716073989868, 0.9552246928215027, 0.9556321501731873)",77.1,1765211515.0903735
2979,"(2809.759521484375, 214.13230895996094, 738.0408935546875, 10.535696029663086)","(-0.9160153269767761, -0.9161804914474487, 0.9549176692962646, 0.9564077854156494)",77.1,1765211515.264934
2980,"(2963.03466796875, 211.95880126953125, 753.9876708984375, 10.644753456115723)","(-0.9171375632286072, -0.9174116849899292, 0.9121395945549011, 0.912856936454773)",77.1,1765211515.4801414
2981,"(2831.94677734375, 205.69566345214844, 709.65673828125, 10.340471267700195)","(-0.9200847148895264, -0.9202529191970825, 0.9131592512130737, 0.9140437245368958)",77.1,1765211515.698185
2982,"(2710.7109375, 216.24786376953125, 718.794189453125, 11.273009300231934)","(-0.9204348921775818, -0.9202415347099304, 0.9146292209625244, 0.9165531992912292)",77.1,1765211515.9164453
2983,"(2734.761474609375, 197.77362060546875, 685.1339111328125, 10.305926322937012)","(-0.923176109790802, -0.9232767224311829, 0.9161077737808228, 0.9169344305992126)",77.1,1765211516.131979
2984,"(2805.760498046875, 196.40255737304688, 697.1766357421875, 9.288573265075684)","(-0.9245239496231079, -0.924725353717804, 0.9179103970527649, 0.9191805124282837)",77.1,1765211516.3497488
2985,"(2755.9443359375, 206.40264892578125, 669.5939331054688, 9.792221069335938)","(-0.9252564311027527, -0.9256731867790222, 0.919485867023468, 0.9214155673980713)",77.1,1765211516.5652955
2986,"(2772.578125, 201.54132080078125, 678.5267333984375, 9.25090217590332)","(-0.928097128868103, -0.9282359480857849, 0.9215086102485657, 0.9223904609680176)",77.1,1765211516.7834973
2987,"(2878.2880859375, 194.04608154296875, 721.68115234375, 8.769241333007812)","(-0.9296960830688477, -0.929943859577179, 0.922850489616394, 0.9239915609359741)",77.1,1765211517.0013008
2988,"(2828.4140625, 203.3157958984375, 712.91162109375, 8.898275375366211)","(-0.9312005043029785, -0.9314606785774231, 0.9244132041931152, 0.9256791472434998)",77.1,1765211517.2167974
2989,"(2857.241943359375, 206.40574645996094, 729.2818603515625, 9.851698875427246)","(-0.9318586587905884, -0.9322878122329712, 0.9255081415176392, 0.9274497628211975)",77.1,1765211517.436519
2990,"(2769.944580078125, 208.00682067871094, 763.0556030273438, 9.208242416381836)","(-0.932960569858551, -0.9333655834197998, 0.9876275062561035, 0.9292649030685425)",77.1,1765211517.6506107
2991,"(2773.1513671875, 211.6497802734375, 732.140625, 9.409890174865723)","(-0.9351168870925903, -0.9349617958068848, 0.9295312762260437, 0.9303343892097473)",77.1,1765211517.8683794
2992,"(2597.52978515625, 220.41549682617188, 651.5762939453125, 11.8969087600708)","(-0.9370071887969971, -0.9373242855072021, 0.9307864308357239, 0.931994616985321)",77.1,1765211518.0866566
2993,"(2690.21337890625, 207.9831085205078, 660.40576171875, 10.317437171936035)","(-0.9385392665863037, -0.9386144876480103, 0.9322157502174377, 0.9330239295959473)",77.1,1765211518.3020794
2994,"(2866.9248046875, 209.7256317138672, 660.1346435546875, 10.718847274780273)","(-0.9399564862251282, -0.9402435421943665, 0.9331864714622498, 0.9347824454307556)",77.1,1765211518.5209622
2995,"(2779.40869140625, 202.149658203125, 671.3857421875, 11.911449432373047)","(-0.941788911819458, -0.9416824579238892, 0.9347180724143982, 0.9939237236976624)",77.1,1765211518.735334
2996,"(2794.505859375, 198.847412109375, 676.304443359375, 11.840803146362305)","(-0.9430531859397888, -0.9432030320167542, 0.9360445141792297, 0.9372721314430237)",77.1,1765211518.9541178
2997,"(2906.0029296875, 188.86314392089844, 707.80224609375, 11.20885181427002)","(-0.9785861968994141, -0.9441913366317749, 0.9374039173126221, 0.9390081763267517)",77.1,1765211519.1718068
2998,"(2715.454833984375, 185.78848266601562, 629.7893676757812, 12.76429271697998)","(-0.9449425339698792, -0.9451665282249451, 0.9390621185302734, 0.9410102367401123)",77.1,1765211519.3868895
2999,"(2515.67041015625, 156.25274658203125, 494.0733642578125, 14.915111541748047)","(-0.946576714515686, -0.9463576674461365, 0.940910279750824, 0.9418483376502991)",77.1,1765211519.6051178
3000,"(2625.14990234375, 148.0833740234375, 450.8498840332031, 15.1159086227417)","(-0.9483636617660522, -0.9486357569694519, 0.941949188709259, 0.9427969455718994)",77.1,1765211519.8206232
3001,"(2669.04736328125, 167.95339965820312, 514.4173583984375, 15.035982131958008)","(-0.9502822160720825, -0.9500617384910583, 0.9427552223205566, 0.9443556070327759)",77.1,1765211520.0385423
3002,"(2557.6025390625, 175.02902221679688, 512.3158569335938, 16.34423828125)","(-0.9509342312812805, -0.9055361747741699, 0.9438270926475525, 0.9780563712120056)",77.1,1765211520.2571297
3003,"(2662.04248046875, 171.66912841796875, 546.3994750976562, 15.373366355895996)","(-0.901368260383606, -0.901752769947052, 0.9457495808601379, 0.9471049904823303)",77.1,1765211520.472224
3004,"(2793.099853515625, 164.91444396972656, 574.6727905273438, 14.715458869934082)","(-0.9837744832038879, -0.9037916660308838, 0.9471886157989502, 0.9480668306350708)",77.1,1765211520.6900122
3005,"(2676.98046875, 167.56982421875, 554.5233154296875, 13.666542053222656)","(-0.9053738713264465, -0.9054051637649536, 0.9482771158218384, 0.9006586670875549)",77.1,1765211520.9055395
3006,"(2705.40283203125, 175.97439575195312, 583.4854736328125, 14.193130493164062)","(-0.9071321487426758, -0.9073144793510437, 0.9007184505462646, 0.9021600484848022)",77.1,1765211521.1238246
3007,"(2543.174072265625, 168.36685180664062, 547.0186767578125, 13.438240051269531)","(-0.9091337323188782, -0.9092079401016235, 0.9027671813964844, 0.9037272930145264)",77.1,1765211521.3428934
3008,"(2376.15869140625, 215.9610595703125, 646.4498901367188, 3.106328010559082)","(-0.9124011397361755, -0.9122530221939087, 0.9068101644515991, 0.9080519080162048)",79.0,1765211528.720361
3009,"(2450.3994140625, 209.0078887939453, 657.62890625, 3.0910232067108154)","(-0.9145039916038513, -0.9146855473518372, 0.9082179069519043, 0.9094292521476746)",79.0,1765211528.9355435
3010,"(2511.22509765625, 211.66445922851562, 670.7244873046875, 2.994669198989868)","(-0.9164312481880188, -0.9165471196174622, 0.9099547266960144, 0.9112651944160461)",79.0,1765211529.1534364
3011,"(2470.5107421875, 223.2255859375, 641.4515380859375, 3.628411054611206)","(-0.9179642200469971, -0.9181874990463257, 0.9118517637252808, 0.9126062989234924)",79.0,1765211529.3682194
3012,"(2377.148193359375, 220.0252227783203, 662.6689453125, 3.8119406700134277)","(-0.9196072220802307, -0.9197869896888733, 0.9135656356811523, 0.9146000742912292)",79.0,1765211529.5865095
3013,"(2510.805908203125, 210.528076171875, 689.0477294921875, 3.637749671936035)","(-0.9210025668144226, -0.9212212562561035, 0.9151713848114014, 0.916183352470398)",79.0,1765211529.8043082
3014,"(2450.9580078125, 217.1775665283203, 684.172119140625, 3.6508476734161377)","(-0.9226626753807068, -0.923028290271759, 0.9165661931037903, 0.918296754360199)",79.0,1765211530.0197625
3015,"(2476.506103515625, 217.0903778076172, 675.5582275390625, 3.6951584815979004)","(-0.9244804382324219, -0.924873411655426, 0.9181786179542542, 0.9196597337722778)",79.0,1765211530.2379766
3016,"(2408.2998046875, 216.26092529296875, 701.9320678710938, 4.065245628356934)","(-0.9258891344070435, -0.9259079694747925, 0.9198430180549622, 0.921642005443573)",79.0,1765211530.4538498
3017,"(2444.45556640625, 205.5880126953125, 665.391357421875, 3.7824952602386475)","(-0.927739679813385, -0.9279406070709229, 0.9214332103729248, 0.923347532749176)",79.0,1765211530.6712997
3018,"(2346.083740234375, 217.8975830078125, 637.8741455078125, 4.135470390319824)","(-0.9294480681419373, -0.929432213306427, 0.9231686592102051, 0.924655556678772)",79.0,1765211530.889543
3019,"(2369.03466796875, 204.6485595703125, 625.7424926757812, 4.311675548553467)","(-0.930881142616272, -0.9307264685630798, 0.924561619758606, 0.9259362816810608)",79.0,1765211531.105573
3020,"(2503.056396484375, 194.39443969726562, 613.76220703125, 4.5711822509765625)","(-0.9327770471572876, -0.9327037930488586, 0.9262018203735352, 0.9277777671813965)",79.0,1765211531.3230274
3021,"(2438.34033203125, 181.37257385253906, 612.2550048828125, 4.241116046905518)","(-0.9340085983276367, -0.9341579079627991, 0.9274745583534241, 0.92950439453125)",79.0,1765211531.5397758
3022,"(2409.32373046875, 165.30087280273438, 562.214599609375, 3.923578977584839)","(-0.9352217316627502, -0.935695230960846, 0.9293208122253418, 0.931079089641571)",79.0,1765211531.7585585
3023,"(2535.990478515625, 147.23623657226562, 554.19091796875, 3.9427223205566406)","(-0.9368367791175842, -0.9370080828666687, 0.9310165047645569, 0.9322803020477295)",79.0,1765211531.9750178
3024,"(2442.85791015625, 163.64288330078125, 557.3070678710938, 4.21209716796875)","(-0.9391056299209595, -0.9386374354362488, 0.9323732256889343, 0.9334399700164795)",79.0,1765211532.1904638
3025,"(2318.709716796875, 189.69284057617188, 598.986572265625, 4.132144927978516)","(-0.9395629167556763, -0.9393611550331116, 0.9340094923973083, 0.9351306557655334)",79.0,1765211532.408143
3026,"(2381.408447265625, 179.393798828125, 563.715576171875, 4.472393035888672)","(-0.9416472315788269, -0.9414160251617432, 0.9352108836174011, 0.9361330270767212)",79.0,1765211532.623624
3027,"(2407.4814453125, 187.35379028320312, 610.2890014648438, 4.130055904388428)","(-0.9423227906227112, -0.9426966309547424, 0.9362761378288269, 0.9382886290550232)",79.0,1765211532.8419526
3028,"(2295.9033203125, 196.39373779296875, 569.7867431640625, 4.716216564178467)","(-0.9442676305770874, -0.9443608522415161, 0.9379669427871704, 0.938920259475708)",79.0,1765211533.0596766
3029,"(2406.19580078125, 181.9368896484375, 597.5679931640625, 4.176629066467285)","(-0.9455217719078064, -0.9456880688667297, 0.9393369555473328, 0.9402252435684204)",79.0,1765211533.2751918
3030,"(2486.568603515625, 171.06007385253906, 594.0364379882812, 3.94150447845459)","(-0.9474488496780396, -0.9472312927246094, 0.9409348964691162, 0.9412887096405029)",79.0,1765211533.493011
3031,"(2395.721923828125, 172.74266052246094, 602.45556640625, 3.884300708770752)","(-0.9489973783493042, -0.9485102295875549, 0.9420401453971863, 0.9427626132965088)",79.0,1765211533.7088473
3032,"(2480.1552734375, 162.8978271484375, 578.5960693359375, 3.70731520652771)","(-0.9499228000640869, -0.9499090313911438, 0.9433602690696716, 0.9450821280479431)",79.0,1765211533.927665
3033,"(2331.01025390625, 150.44024658203125, 592.1348266601562, 3.5700879096984863)","(-0.900344967842102, -0.9001708030700684, 0.9908832907676697, 0.9461961388587952)",79.0,1765211534.1449406
3034,"(2392.5966796875, 152.53309631347656, 556.558837890625, 3.9488399028778076)","(-0.901783287525177, -0.9017326831817627, 0.9463533759117126, 0.9471231698989868)",79.0,1765211534.3600686
3035,"(2357.5400390625, 148.62091064453125, 512.0506591796875, 3.2866761684417725)","(-0.9037134051322937, -0.9037575721740723, 0.9471948146820068, 0.9489884972572327)",79.0,1765211534.5782726
3036,"(2453.5068359375, 147.12823486328125, 546.3028564453125, 3.905641794204712)","(-0.9056622982025146, -0.9057962894439697, 0.9484914541244507, 0.9487568736076355)",79.0,1765211534.7937963
3037,"(2420.087890625, 150.35287475585938, 557.7109375, 4.001204967498779)","(-0.9076200127601624, -0.907616376876831, 0.901013195514679, 0.9022549390792847)",79.0,1765211535.0126312
3038,"(2418.857177734375, 145.02053833007812, 540.1309814453125, 3.7460129261016846)","(-0.9091151356697083, -0.9091594219207764, 0.9033539891242981, 0.9042103290557861)",79.0,1765211535.2271385
3039,"(2515.60302734375, 157.3472900390625, 579.3056030273438, 3.7078325748443604)","(-0.9110651612281799, -0.9110368490219116, 0.904657781124115, 0.9058612585067749)",79.0,1765211535.4459846
3040,"(2133.148193359375, 227.87362670898438, 654.4491577148438, 0.034816354513168335)","(-0.9452067613601685, -0.9450934529304504, 0.9810616970062256, 0.9289570450782776)",80.9,1765211540.2193935
3041,"(2163.534423828125, 215.23580932617188, 607.9658203125, 0.014433685690164566)","(-0.9470160007476807, -0.9469796419143677, 0.9408386945724487, 0.9162286520004272)",80.9,1765211540.440387
3042,"(2227.4873046875, 223.65274047851562, 634.1419677734375, 0.00853961892426014)","(-0.9487878680229187, -0.948527455329895, 0.942182183265686, 0.9232478737831116)",80.9,1765211540.6537802
3043,"(2150.975341796875, 215.9531707763672, 614.6731567382812, 0.017310798168182373)","(-0.9497795701026917, -0.9492974877357483, 0.943727433681488, 0.9280063509941101)",80.9,1765211540.8709826
3044,"(657.626220703125, 0.051587291061878204, 0.018836859613656998, 0.024350957944989204)","(-0.900312066078186, -0.9130499362945557, 0.9131960868835449, 0.9232605695724487)",80.9,1765211541.137249
3045,"(2230.016357421875, 229.3856201171875, 0.03202487528324127, 0.04738388583064079)","(-0.9021649956703186, -0.9024298191070557, 0.9131988286972046, 0.9116950035095215)",80.9,1765211541.3042634
3046,"(2159.797607421875, 227.61215209960938, 626.1994018554688, 0.06390689313411713)","(-0.9046168923377991, -0.9042563438415527, 0.9469113945960999, 0.9147802591323853)",80.9,1765211541.5227158
3047,"(2123.36962890625, 227.59585571289062, 645.404052734375, 0.9426729679107666)","(-0.9052563905715942, -0.9056680202484131, 0.9756537675857544, 0.9033114314079285)",80.9,1765211541.7389388
3048,"(2144.25341796875, 224.46432495117188, 634.0889282226562, 0.5976063013076782)","(-0.907446563243866, -0.9071105718612671, 0.9015504121780396, 0.9063176512718201)",80.9,1765211541.9565861
3049,"(2135.082275390625, 233.8884735107422, 601.3856811523438, 0.5468156337738037)","(-0.9093863368034363, -0.9094487428665161, 0.9030601382255554, 0.9071439504623413)",80.9,1765211542.1712635
3050,"(2059.1845703125, 215.31051635742188, 588.2896118164062, 0.8142607808113098)","(-0.9110757112503052, -0.9111908674240112, 0.9045954346656799, 0.9087423086166382)",80.9,1765211542.389455
3051,"(2081.1025390625, 186.30923461914062, 578.8352661132812, 1.0262454748153687)","(-0.9125351309776306, -0.9128850102424622, 0.9067946672439575, 0.9098005890846252)",80.9,1765211542.6072764
3052,"(2130.977294921875, 171.18173217773438, 557.4503173828125, 1.127349853515625)","(-0.914751410484314, -0.9145235419273376, 0.9084462523460388, 0.9107073545455933)",80.9,1765211542.8227935
3053,"(2087.773193359375, 169.62066650390625, 549.4400634765625, 1.278421401977539)","(-0.9163169860839844, -0.9162327647209167, 0.9102703332901001, 0.912399172782898)",80.9,1765211543.041014
3054,"(2108.490234375, 164.42724609375, 563.8853149414062, 1.1862258911132812)","(-0.9181044101715088, -0.9184126257896423, 0.9708322882652283, 0.9144930243492126)",80.9,1765211543.2564871
3055,"(2122.61962890625, 171.51486206054688, 553.88916015625, 1.244818925857544)","(-0.9196825623512268, -0.9197607040405273, 0.9137510061264038, 0.9158296585083008)",80.9,1765211543.4743588
3056,"(2102.27734375, 190.7758026123047, 558.1263427734375, 0.6789483428001404)","(-0.9212538003921509, -0.9211335182189941, 0.9153785109519958, 0.9190245866775513)",80.9,1765211543.6925542
3057,"(2086.51416015625, 232.16064453125, 638.4850463867188, 0.9831362366676331)","(-0.9233077764511108, -0.9233207702636719, 0.9167243242263794, 0.9143099188804626)",80.9,1765211543.9082017
3058,"(2168.847900390625, 205.36727905273438, 618.1641845703125, 1.4172028303146362)","(-0.9248676896095276, -0.9251826405525208, 0.9184159636497498, 0.9161971807479858)",80.9,1765211544.125921
3059,"(2147.59619140625, 201.38510131835938, 542.2548828125, 1.815798044204712)","(-0.9264817833900452, -0.9271469712257385, 0.9197668433189392, 0.9199897050857544)",80.9,1765211544.3435583
3060,"(2149.908447265625, 228.5570068359375, 481.738037109375, 1.7428255081176758)","(-0.9282674193382263, -0.9282873272895813, 0.9214444160461426, 0.923564612865448)",80.9,1765211544.5596142
3061,"(2227.386474609375, 208.46762084960938, 530.7703857421875, 1.0984752178192139)","(-0.9295140504837036, -0.9295850992202759, 0.9229806065559387, 0.9260832667350769)",80.9,1765211544.7774374
3062,"(2138.1708984375, 211.6610565185547, 516.7225341796875, 0.3726441264152527)","(-0.9309980869293213, -0.9305415749549866, 0.9252284169197083, 0.9278766512870789)",80.9,1765211544.992957
3063,"(2067.4140625, 231.99794006347656, 500.190673828125, 0.02603410743176937)","(-0.9329220652580261, -0.9327218532562256, 0.9264958500862122, 0.9145730137825012)",80.9,1765211545.211191
3064,"(2069.218994140625, 212.19918823242188, 485.61883544921875, 0.031229885295033455)","(-0.9345192313194275, -0.9346145987510681, 0.9277750253677368, 0.9343574047088623)",80.9,1765211545.429621
3065,"(2113.220703125, 212.06143188476562, 509.15771484375, 5.962067604064941)","(-0.9362781047821045, -0.9361447095870972, 0.9291103482246399, 0.9312075972557068)",80.9,1765211545.644546
3066,"(2082.223388671875, 239.58355712890625, 514.3446655273438, 9.423659324645996)","(-0.9377699494361877, -0.9378942847251892, 0.9305229783058167, 0.932765543460846)",80.9,1765211545.8626876
3067,"(2085.967041015625, 230.9888916015625, 508.7547302246094, 8.169783592224121)","(-0.9387325048446655, -0.9389709234237671, 0.9320175647735596, 0.9337370991706848)",80.9,1765211546.0782847
3068,"(2152.82958984375, 213.76577758789062, 538.2634887695312, 1.5300934314727783)","(-0.9403038024902344, -0.9401102662086487, 0.9337875843048096, 0.9357029795646667)",80.9,1765211546.296045
3069,"(2162.52783203125, 226.5667266845703, 485.13604736328125, 0.1875072717666626)","(-0.9421720504760742, -0.9422714710235596, 0.9352439641952515, 0.9394640326499939)",80.9,1765211546.511858
3070,"(2176.302734375, 220.82862854003906, 508.68505859375, 0.6210601329803467)","(-0.9424557685852051, -0.9425479769706726, 0.9371797442436218, 0.9377008080482483)",80.9,1765211546.7297966
3071,"(2077.008544921875, 218.50448608398438, 473.2044677734375, 1.5196568965911865)","(-0.997761070728302, -0.9444597959518433, 0.938195526599884, 0.9399622678756714)",80.9,1765211546.946922
3072,"(1723.240966796875, 391.77142333984375, 600.0159912109375, 23.556941986083984)","(-0.9276257753372192, -0.9279065728187561, 0.9221125245094299, 0.9226794838905334)",82.7,1765211558.4489987
3073,"(1639.025146484375, 400.6969299316406, 553.3431396484375, 25.176822662353516)","(-0.9296419024467468, -0.9297879934310913, 0.9234211444854736, 0.9241564273834229)",82.8,1765211558.66578
3074,"(1623.533447265625, 386.694580078125, 572.9736328125, 25.34535026550293)","(-0.9315718412399292, -0.9312180280685425, 0.925349771976471, 0.925841212272644)",82.8,1765211558.882351
3075,"(1671.8709716796875, 382.8999328613281, 605.8773193359375, 25.638748168945312)","(-0.9325635433197021, -0.932224690914154, 0.9270487427711487, 0.9276150465011597)",82.8,1765211559.099082
3076,"(1709.2445068359375, 379.89447021484375, 534.9305419921875, 16.16427993774414)","(-0.9342929124832153, -0.9342060685157776, 0.9282553195953369, 0.9287798404693604)",82.8,1765211559.3181522
3077,"(1811.820556640625, 406.45513916015625, 543.7344360351562, 5.8638105392456055)","(-0.9357820749282837, -0.9359739422798157, 0.9298156499862671, 0.931204617023468)",82.8,1765211559.5328588
3078,"(1933.60791015625, 351.09210205078125, 623.9757080078125, 0.9231895208358765)","(-0.9886509776115417, -0.9371131062507629, 0.9311738014221191, 0.9307708740234375)",82.8,1765211559.7494152
3079,"(1839.4921875, 368.82568359375, 588.7723388671875, 1.083012342453003)","(-0.9389564990997314, -0.9386956691741943, 0.9326642155647278, 0.9338077902793884)",82.8,1765211559.9661648
3080,"(1770.2353515625, 397.17266845703125, 557.1307983398438, 1.2418169975280762)","(-0.9402236342430115, -0.9404469132423401, 0.9342278242111206, 0.9353576898574829)",82.8,1765211560.184366
3081,"(1786.930419921875, 383.4480895996094, 588.5245361328125, 1.1806466579437256)","(-0.9416115283966064, -0.9409855008125305, 0.9358600974082947, 0.9381248950958252)",82.8,1765211560.399891
3082,"(1798.359375, 374.0553894042969, 584.2366943359375, 1.339257001876831)","(-0.9429574012756348, -0.9425047039985657, 0.9371185302734375, 0.9397545456886292)",82.8,1765211560.617784
3083,"(1783.014892578125, 373.0390625, 545.4432373046875, 1.457195520401001)","(-0.9443849921226501, -0.9974265098571777, 0.9384775757789612, 0.9408218860626221)",82.8,1765211560.8332057
3084,"(1803.2607421875, 350.5413818359375, 556.3914794921875, 1.4099260568618774)","(-0.9455678462982178, -0.9456632733345032, 0.9399726986885071, 0.9425960183143616)",82.8,1765211561.051399
3085,"(1884.55078125, 326.53131103515625, 578.08544921875, 1.5021381378173828)","(-0.9472913146018982, -0.9471045732498169, 0.9408460855484009, 0.943496584892273)",82.8,1765211561.2692423
3086,"(1797.697021484375, 342.54241943359375, 567.0538330078125, 1.778792381286621)","(-0.9482151865959167, -0.9480360746383667, 0.942672848701477, 0.9445648193359375)",82.8,1765211561.4860232
3087,"(1833.6273193359375, 345.05340576171875, 560.2092895507812, 1.5654163360595703)","(-0.949996829032898, -0.9499493837356567, 0.9437994360923767, 0.9455012083053589)",82.8,1765211561.702956
3088,"(1757.9583740234375, 362.9839782714844, 600.4302978515625, 1.3274829387664795)","(-0.9002076387405396, -0.9001765251159668, 0.9787416458129883, 0.9470276832580566)",82.8,1765211561.9184153
3089,"(1791.308837890625, 361.0726623535156, 561.4158935546875, 1.3520355224609375)","(-0.9022339582443237, -0.9022139310836792, 0.9461762309074402, 0.9480524659156799)",82.8,1765211562.1372411
3090,"(1732.7562255859375, 393.988037109375, 555.066650390625, 1.3259185552597046)","(-0.903866171836853, -0.9040967226028442, 0.9478690028190613, 0.9007601737976074)",82.8,1765211562.3545442
3091,"(1793.6776123046875, 383.5146179199219, 573.8473510742188, 1.223747968673706)","(-0.9058540463447571, -0.9056488871574402, 0.9488591551780701, 0.9029293656349182)",82.8,1765211562.5709825
3092,"(1883.074951171875, 381.32171630859375, 569.556640625, 1.1747150421142578)","(-0.9080120325088501, -0.907466471195221, 0.9014995694160461, 0.9048759341239929)",82.8,1765211562.7878814
3093,"(1811.222900390625, 381.6037902832031, 585.0230712890625, 1.2268428802490234)","(-0.9095035791397095, -0.9092250466346741, 0.903685450553894, 0.9065966010093689)",82.8,1765211563.0051107
3094,"(1848.135498046875, 376.10968017578125, 576.7424926757812, 1.175668478012085)","(-0.9112855195999146, -0.9111820459365845, 0.9052835702896118, 0.9081119894981384)",82.8,1765211563.2215073
3095,"(1735.2694091796875, 370.4089050292969, 615.4593505859375, 1.1030244827270508)","(-0.9128100872039795, -0.9127280116081238, 0.9932904839515686, 0.9092156887054443)",82.8,1765211563.4403214
3096,"(1807.2335205078125, 371.3974914550781, 577.7280883789062, 1.2792751789093018)","(-0.9149096012115479, -0.9148600697517395, 0.9088016748428345, 0.9111406803131104)",82.8,1765211563.6548955
3097,"(1730.81494140625, 394.4261474609375, 597.89697265625, 1.4065412282943726)","(-0.9162845015525818, -0.916253387928009, 0.9105528593063354, 0.9129273295402527)",82.8,1765211563.8731117
3098,"(1807.311279296875, 354.1914978027344, 560.995361328125, 1.4193514585494995)","(-0.9182520508766174, -0.9184762239456177, 0.9120592474937439, 0.9148871898651123)",82.8,1765211564.088525
3099,"(1790.3558349609375, 344.8636779785156, 559.4580078125, 1.3963960409164429)","(-0.9200767278671265, -0.9197787642478943, 0.9139897227287292, 0.9175881743431091)",82.8,1765211564.3078527
3100,"(1.6024880409240723, 1.6418440341949463, 1.477672815322876, 1.4680206775665283)","(-0.9234918355941772, -0.9249595403671265, 0.9181069731712341, 0.9180296659469604)",82.8,1765211564.6058273
3101,"(563.1018676757812, 1.542393445968628, 1.5736780166625977, 1.5082834959030151)","(-0.9232409000396729, -0.9263591170310974, 0.9195665121078491, 0.9194941520690918)",82.8,1765211564.768345
3102,"(1631.6416015625, 337.1746826171875, 594.896728515625, 1.3716939687728882)","(-0.9251016974449158, -0.9252218008041382, 0.9929824471473694, 0.9208420515060425)",82.8,1765211564.958561
3103,"(1785.02880859375, 361.72344970703125, 569.2161865234375, 1.363739013671875)","(-0.9263356924057007, -0.9266104698181152, 0.920559287071228, 0.9231938719749451)",82.8,1765211565.1735208
3104,"(1513.153076171875, 383.60369873046875, 698.2836303710938, 40.76289367675781)","(-0.9257600903511047, -0.9257537126541138, 0.9186209440231323, 0.9190390110015869)",84.7,1765211571.9021325
3105,"(1352.280029296875, 409.55712890625, 666.85205078125, 44.53662872314453)","(-0.9276164174079895, -0.9276288151741028, 0.920017659664154, 0.9208884835243225)",85.4,1765211572.1175833
3106,"(1390.0277099609375, 418.828125, 618.4556884765625, 43.59979248046875)","(-0.928767740726471, -0.9292477369308472, 0.9217212200164795, 0.9231239557266235)",85.4,1765211572.3384273
3107,"(1500.474609375, 409.27099609375, 659.8665771484375, 39.809288024902344)","(-0.9301123023033142, -0.9301594495773315, 0.9237415790557861, 0.9243009686470032)",85.4,1765211572.5511122
3108,"(1460.1929931640625, 457.07904052734375, 649.5465087890625, 38.05810546875)","(-0.9321299195289612, -0.9322881102561951, 0.9250958561897278, 0.9264293313026428)",85.4,1765211572.7693825
3109,"(1413.81884765625, 487.03271484375, 651.8323974609375, 41.80931091308594)","(-0.9339938163757324, -0.9346854090690613, 0.9261110424995422, 0.9280120134353638)",85.4,1765211572.9874654
3110,"(1346.3511962890625, 508.50579833984375, 678.1683349609375, 46.39527893066406)","(-0.9361167550086975, -0.935917317867279, 0.9273838400840759, 0.9286471605300903)",85.4,1765211573.2028816
3111,"(1300.8599853515625, 489.4219970703125, 677.0601806640625, 48.036407470703125)","(-0.9359818696975708, -0.9354702830314636, 0.930077850818634, 0.929227888584137)",85.6,1765211573.4246838
3112,"(1290.38720703125, 499.6060791015625, 605.2183837890625, 47.2692985534668)","(-0.9386909008026123, -0.9383547902107239, 0.930992841720581, 0.9310863018035889)",85.6,1765211573.6361783
3113,"(1312.475341796875, 490.1141357421875, 626.2567749023438, 45.311927795410156)","(-0.938935399055481, -0.9391140937805176, 0.9328425526618958, 0.933822751045227)",85.6,1765211573.8544931
3114,"(1567.183349609375, 498.608154296875, 704.3277587890625, 26.204029083251953)","(-0.9397186040878296, -0.9401495456695557, 0.9346824288368225, 0.9344161748886108)",85.6,1765211574.0722337
3115,"(1562.255859375, 549.3676147460938, 723.3408203125, 24.99112319946289)","(-0.9409324526786804, -0.9411521553993225, 0.9364232420921326, 0.9355573058128357)",85.6,1765211574.2877688
3116,"(1554.9266357421875, 561.4151611328125, 727.6334228515625, 19.944520950317383)","(-0.9433855414390564, -0.9433451890945435, 0.9371969699859619, 0.9371058344841003)",85.6,1765211574.5088084
3117,"(1497.917236328125, 527.1568603515625, 723.6689453125, 22.224313735961914)","(-0.9455195069313049, -0.9455622434616089, 0.937995970249176, 0.9389395713806152)",85.6,1765211574.7215178
3118,"(1531.583251953125, 574.2059326171875, 723.1126708984375, 20.6285400390625)","(-0.9463496208190918, -0.9465635418891907, 0.9392306208610535, 0.9406334757804871)",85.6,1765211574.9429772
3119,"(1580.888427734375, 534.10205078125, 701.0623168945312, 31.132356643676758)","(-0.9471089839935303, -0.9464572072029114, 0.9417936205863953, 0.9409112930297852)",85.6,1765211575.1575136
3120,"(1777.423583984375, 315.8228759765625, 751.2742919921875, 26.713829040527344)","(-0.9489957690238953, -0.9488568902015686, 0.9423651099205017, 0.9428274035453796)",85.6,1765211575.3730967
3121,"(1876.990234375, 245.4312286376953, 808.56103515625, 33.66161346435547)","(-0.9500163197517395, -0.9496917724609375, 0.9440322518348694, 0.9439463019371033)",85.6,1765211575.5909
3122,"(1898.28271484375, 470.0970764160156, 941.4622802734375, 31.45261001586914)","(-0.9006208777427673, -0.9008186459541321, 0.945273220539093, 0.950955867767334)",85.6,1765211575.8063946
3123,"(1933.35498046875, 649.904296875, 1017.9888305664062, 26.18642807006836)","(-0.9027965664863586, -0.9029251337051392, 0.9466139078140259, 0.9463724493980408)",85.6,1765211576.0246453
3124,"(1986.7376708984375, 707.3369750976562, 1119.5255126953125, 24.622941970825195)","(-0.9046065807342529, -0.9042033553123474, 0.9479670524597168, 0.9483036398887634)",85.6,1765211576.242402
3125,"(1909.01025390625, 754.7261962890625, 1055.2294921875, 19.354671478271484)","(-0.9060857892036438, -0.9062850475311279, 0.9002087712287903, 0.9486198425292969)",85.6,1765211576.4595156
3126,"(1825.135498046875, 740.6343994140625, 1048.937255859375, 20.366989135742188)","(-0.9080032110214233, -0.9081284999847412, 0.9020839333534241, 0.9011614322662354)",85.6,1765211576.6761553
3127,"(1793.023193359375, 351.2062683105469, 873.426025390625, 34.372230529785156)","(-0.9094632863998413, -0.9096732139587402, 0.9039427638053894, 0.9034325480461121)",85.6,1765211576.8915336
3128,"(1697.74755859375, 370.10546875, 741.9866333007812, 26.191007614135742)","(-0.9114728569984436, -0.9118998050689697, 0.9057854413986206, 0.905182957649231)",85.6,1765211577.1094115
3129,"(1548.25439453125, 531.7470703125, 638.6156005859375, 18.866710662841797)","(-0.9136346578598022, -0.9778677821159363, 0.9070063233375549, 0.907400906085968)",85.6,1765211577.3276489
3130,"(1488.6571044921875, 436.9084167480469, 652.5547485351562, 39.873497009277344)","(-0.9155137538909912, -0.915717363357544, 0.9086796045303345, 0.9093233346939087)",85.6,1765211577.5431182
3131,"(1538.642578125, 434.3338928222656, 657.65283203125, 36.21507263183594)","(-0.916837215423584, -0.917146623134613, 0.9106308221817017, 0.910877525806427)",85.6,1765211577.760987
3132,"(1458.0025634765625, 462.7507629394531, 631.457763671875, 34.36208724975586)","(-0.919157087802887, -0.9192912578582764, 0.9122599959373474, 0.9127845168113708)",85.6,1765211577.9775665
3133,"(1551.598388671875, 494.493896484375, 662.1517944335938, 27.230712890625)","(-0.9201608896255493, -0.9206671118736267, 0.9138998985290527, 0.9144589304924011)",85.6,1765211578.1947286
3134,"(1446.5257568359375, 495.1370849609375, 655.9598999023438, 32.97298812866211)","(-0.9218683242797852, -0.9222930073738098, 0.9158647060394287, 0.9161973595619202)",85.6,1765211578.4129155
3135,"(1605.35546875, 479.06591796875, 719.5951538085938, 42.842079162597656)","(-0.9241030812263489, -0.9245197772979736, 0.9170082211494446, 0.9180675745010376)",85.6,1765211578.6280215
3136,"(1304.14599609375, 448.4220275878906, 679.3922729492188, 49.53034973144531)","(-0.9353720545768738, -0.9354467391967773, 0.9282736778259277, 0.929017186164856)",86.6,1765211580.1482248
3137,"(1297.8975830078125, 477.16290283203125, 678.2802734375, 55.53473663330078)","(-0.9370659589767456, -0.9664942622184753, 0.9294163584709167, 0.9309139847755432)",86.8,1765211580.3649626
3138,"(1302.7236328125, 468.4664611816406, 654.9102783203125, 52.15697479248047)","(-0.9389727115631104, -0.9393554925918579, 0.930763304233551, 0.9325618743896484)",86.8,1765211580.5812676
3139,"(1274.597412109375, 469.0813903808594, 678.8883666992188, 51.182525634765625)","(-0.9382075071334839, -0.9381759166717529, 0.9336052536964417, 0.9333372116088867)",86.8,1765211580.7983062
3140,"(1189.8876953125, 432.4145202636719, 617.6954345703125, 47.01477813720703)","(-0.9407443404197693, -0.9411323666572571, 0.9341180324554443, 0.9345735907554626)",86.8,1765211581.0163975
3141,"(1270.732177734375, 451.472900390625, 661.2892456054688, 47.95115661621094)","(-0.9424512386322021, -0.9429883360862732, 0.9352492094039917, 0.9365444779396057)",86.8,1765211581.2332895
3142,"(1242.27587890625, 470.8275451660156, 655.385009765625, 49.12696075439453)","(-0.9438176155090332, -0.9444726705551147, 0.9369776844978333, 0.9381657838821411)",86.8,1765211581.4510016
3143,"(1213.856689453125, 492.8817443847656, 654.6264038085938, 48.31145477294922)","(-0.9441795349121094, -0.9444729685783386, 0.9393275380134583, 0.9387677311897278)",86.8,1765211581.6651607
3144,"(1201.6768798828125, 483.0789794921875, 630.5787353515625, 49.8306884765625)","(-0.9463937282562256, -0.9573767185211182, 0.9401217699050903, 0.940264105796814)",86.8,1765211581.8835
3145,"(1159.11181640625, 452.10858154296875, 604.6065063476562, 48.010353088378906)","(-0.9481512308120728, -0.9481048583984375, 0.9409950375556946, 0.941704511642456)",86.8,1765211582.1017213
3146,"(1203.515869140625, 474.9872741699219, 625.1982421875, 49.551788330078125)","(-0.9497670531272888, -0.9497831463813782, 0.9423069953918457, 0.943303644657135)",86.8,1765211582.3168113
3147,"(1138.59814453125, 457.55352783203125, 614.01025390625, 46.26081848144531)","(-0.9513330459594727, -0.9511243104934692, 0.9432414174079895, 0.9444285035133362)",86.8,1765211582.536406
3148,"(1191.0980224609375, 467.1263427734375, 623.7562255859375, 46.99968338012695)","(-0.9013187289237976, -0.901546835899353, 0.944787323474884, 0.9463456869125366)",86.8,1765211582.7505212
3149,"(1170.168212890625, 456.5665283203125, 614.8776245117188, 46.53000259399414)","(-0.9032446146011353, -0.9038056135177612, 0.9460650086402893, 0.9476317167282104)",86.8,1765211582.9688501
3150,"(1171.491943359375, 442.9139099121094, 627.194580078125, 45.118568420410156)","(-0.905188262462616, -0.9052925109863281, 0.9473056793212891, 0.9486874341964722)",86.8,1765211583.1865582
3151,"(1189.5439453125, 465.01007080078125, 622.77294921875, 46.751075744628906)","(-0.9069271087646484, -0.9501738548278809, 0.948195219039917, 0.9502909183502197)",86.8,1765211583.4021628
3152,"(1143.949951171875, 438.86834716796875, 610.0167846679688, 46.15059280395508)","(-0.9091953635215759, -0.9090331792831421, 0.9013959169387817, 0.9024815559387207)",86.8,1765211583.6203017
3153,"(1220.843994140625, 456.07379150390625, 632.71728515625, 45.87287139892578)","(-0.9563103318214417, -0.9094756245613098, 0.9044879674911499, 0.9035986065864563)",86.8,1765211583.835625
3154,"(1248.4373779296875, 439.7648010253906, 641.7724609375, 46.15393829345703)","(-0.9118794202804565, -0.9121091961860657, 0.9055373668670654, 0.9056671857833862)",86.8,1765211584.0536509
3155,"(1219.81689453125, 458.21844482421875, 639.114013671875, 48.76231384277344)","(-0.9138955473899841, -0.9141899943351746, 0.9069328308105469, 0.9080502390861511)",86.8,1765211584.2718308
3156,"(686.1333618164062, 690.259521484375, 52.71891784667969, 51.527008056640625)","(-0.9145918488502502, -0.9156185984611511, 0.9097652435302734, 0.9099627137184143)",86.8,1765211584.5493755
3157,"(1154.262451171875, 681.5288696289062, 52.72693634033203, 51.036048889160156)","(-0.9276224374771118, -0.9172185063362122, 0.9115281701087952, 0.9113032221794128)",86.8,1765211584.7110355
3158,"(1275.3074951171875, 486.2729187011719, 662.136962890625, 52.95025634765625)","(-0.9193967580795288, -0.9410501718521118, 0.9119325876235962, 0.9586536288261414)",86.8,1765211584.920743
3159,"(1245.162841796875, 464.342529296875, 648.6657104492188, 50.66740036010742)","(-0.9214887022972107, -0.9211315512657166, 0.913590669631958, 0.9148227572441101)",86.8,1765211585.1389668
3160,"(1256.088134765625, 450.2635192871094, 662.019775390625, 48.47404861450195)","(-0.9654867053031921, -0.9223800897598267, 0.9157744646072388, 0.9164085984230042)",86.8,1765211585.3541296
3161,"(1197.36376953125, 443.3931884765625, 626.1201171875, 45.749778747558594)","(-0.9244183897972107, -0.9241684675216675, 0.9175221920013428, 0.9175661206245422)",86.8,1765211585.5723495
3162,"(1140.3577880859375, 434.8419494628906, 592.9707641601562, 44.374305725097656)","(-0.9265112280845642, -0.9261234402656555, 0.9186877012252808, 0.9195934534072876)",86.8,1765211585.7905257
3163,"(1148.612548828125, 436.09600830078125, 602.755126953125, 44.19343566894531)","(-0.927704930305481, -0.9280630946159363, 0.9201787114143372, 0.9214531779289246)",86.8,1765211586.006037
3164,"(1175.236328125, 437.3869934082031, 618.2490844726562, 44.55885314941406)","(-0.9296543002128601, -0.9298428297042847, 0.9218685030937195, 0.9233652353286743)",86.8,1765211586.2250466
3165,"(1198.210693359375, 474.18359375, 598.3110961914062, 49.26637268066406)","(-0.9293510913848877, -0.9286755919456482, 0.9242784976959229, 0.9237402081489563)",86.8,1765211586.4409149
3166,"(1211.890869140625, 465.3028869628906, 630.2526245117188, 47.82624816894531)","(-0.9320055842399597, -0.9322383999824524, 0.9255186915397644, 0.9259258508682251)",86.8,1765211586.6574156
3167,"(1267.57861328125, 468.3599853515625, 663.9932861328125, 48.6347770690918)","(-0.934323787689209, -0.9341874718666077, 0.9265535473823547, 0.928082287311554)",86.8,1765211586.875285
3168,"(1061.68115234375, 486.2156982421875, 602.84619140625, 54.25836181640625)","(-0.9396072626113892, -0.9392929673194885, 0.9332889914512634, 0.932845950126648)",88.2,1765211587.74575
3169,"(1033.594970703125, 522.30517578125, 593.800537109375, 61.65922546386719)","(-0.94172203540802, -0.9189232587814331, 0.9338343739509583, 0.9353474378585815)",88.2,1765211587.9610877
3170,"(1050.4970703125, 508.32232666015625, 610.3685302734375, 60.370933532714844)","(-0.9434289932250977, -0.9432158470153809, 0.9353523254394531, 0.9366135001182556)",88.2,1765211588.1759949
3171,"(1098.879638671875, 509.9921569824219, 632.3558349609375, 58.499786376953125)","(-0.9438551664352417, -0.9445092082023621, 0.9368590116500854, 0.9383599758148193)",88.2,1765211588.3939729
3172,"(1043.3984375, 500.83270263671875, 617.3285522460938, 57.89503479003906)","(-0.9443488121032715, -0.9447474479675293, 0.9393183588981628, 0.9390577673912048)",88.2,1765211588.6093414
3173,"(1017.5060424804688, 491.229736328125, 597.0885009765625, 56.25586700439453)","(-0.9465320110321045, -0.9465593695640564, 0.9400312900543213, 0.940488338470459)",88.2,1765211588.8294103
3174,"(1086.6883544921875, 481.3773193359375, 622.9827880859375, 51.90019607543945)","(-0.9476529955863953, -0.9478421807289124, 0.941390872001648, 0.9418102502822876)",88.2,1765211589.0454092
3175,"(1091.8228759765625, 507.78216552734375, 625.6622314453125, 55.53761291503906)","(-0.9499421119689941, -0.9497327208518982, 0.9425187706947327, 0.9433572292327881)",88.2,1765211589.2613225
3176,"(1032.1810302734375, 541.1998901367188, 626.0386962890625, 57.1676025390625)","(-0.951143205165863, -0.9512566328048706, 0.9435166120529175, 0.9447121024131775)",88.2,1765211589.4791458
3177,"(1045.3681640625, 519.2903442382812, 606.7077026367188, 52.48008346557617)","(-0.9017929434776306, -0.9017103910446167, 0.9448004961013794, 0.9463144540786743)",88.2,1765211589.6957786
3178,"(1027.3636474609375, 520.4725341796875, 610.4746704101562, 54.96452331542969)","(-0.903156578540802, -0.9027303457260132, 0.9468870162963867, 0.9463341236114502)",88.2,1765211589.9129696
3179,"(997.7305908203125, 535.7378540039062, 570.0706787109375, 56.569114685058594)","(-0.9045414328575134, -0.9046120047569275, 0.9479753971099854, 0.9479078650474548)",88.2,1765211590.130719
3180,"(1065.93115234375, 519.807861328125, 601.743896484375, 56.77356719970703)","(-0.9067972302436829, -0.90680992603302, 0.9005036354064941, 0.9006257057189941)",88.2,1765211590.3559375
3181,"(1128.8050537109375, 501.4178466796875, 645.7865600585938, 58.955039978027344)","(-0.9087423086166382, -0.9089545607566833, 0.9019533395767212, 0.9025366306304932)",88.2,1765211590.5644798
3182,"(1049.613037109375, 517.5787353515625, 613.88671875, 54.85352325439453)","(-0.910387396812439, -0.9101544618606567, 0.9038386940956116, 0.9037807583808899)",88.2,1765211590.7798731
3183,"(1039.0870361328125, 508.5142517089844, 601.24853515625, 52.955291748046875)","(-0.9121610522270203, -0.912049412727356, 0.9057532548904419, 0.9058362245559692)",88.2,1765211590.998171
3184,"(1003.857421875, 486.67901611328125, 630.8815307617188, 49.66371154785156)","(-0.9137449264526367, -0.9135909676551819, 0.9816019535064697, 0.9076485633850098)",88.2,1765211591.2159495
3185,"(1053.3271484375, 517.0585327148438, 616.4140625, 52.44480514526367)","(-0.916009247303009, -0.9157429337501526, 0.9090940356254578, 0.9095706343650818)",88.2,1765211591.433814
3186,"(981.835205078125, 532.5042724609375, 578.2387084960938, 55.298057556152344)","(-0.9173157811164856, -0.9172502160072327, 0.9109184741973877, 0.910962700843811)",88.2,1765211591.64926
3187,"(1049.7476806640625, 497.77825927734375, 592.6117553710938, 51.41206359863281)","(-0.9187198877334595, -0.9190607070922852, 0.9126381278038025, 0.9126377105712891)",88.2,1765211591.8647645
3188,"(1081.712890625, 511.33477783203125, 611.37353515625, 52.365135192871094)","(-0.9210248589515686, -0.9210285544395447, 0.9143019318580627, 0.9145215153694153)",88.2,1765211592.0826519
3189,"(1099.17529296875, 488.40924072265625, 592.2158203125, 49.703643798828125)","(-0.9226747751235962, -0.9228850603103638, 0.9157294631004333, 0.9166566133499146)",88.2,1765211592.2981231
3190,"(1054.5701904296875, 505.11273193359375, 617.232666015625, 54.0501708984375)","(-0.9238542318344116, -0.9238837361335754, 0.9179770350456238, 0.9845671653747559)",88.2,1765211592.5163715
3191,"(967.4842529296875, 479.0772705078125, 623.676513671875, 49.993255615234375)","(-0.9260249733924866, -0.925700306892395, 0.984632134437561, 0.9197496771812439)",88.2,1765211592.7351925
3192,"(1005.8511962890625, 512.922607421875, 588.939697265625, 52.63432693481445)","(-0.9273543953895569, -0.9275553226470947, 0.9206493496894836, 0.9212780594825745)",88.2,1765211592.950173
3193,"(1067.173828125, 523.673583984375, 602.9534301757812, 54.43856430053711)","(-0.9290708303451538, -0.9289090037345886, 0.922486424446106, 0.9226202368736267)",88.2,1765211593.1693845
3194,"(1042.3658447265625, 521.2481079101562, 574.835205078125, 53.70478057861328)","(-0.9304727911949158, -0.9306596517562866, 0.9241370558738708, 0.9246771931648254)",88.2,1765211593.383522
3195,"(1060.3043212890625, 533.3195190429688, 611.3624267578125, 55.901710510253906)","(-0.9323822259902954, -0.9323385953903198, 0.9251387119293213, 0.9262062311172485)",88.2,1765211593.601166
3196,"(984.617919921875, 500.56097412109375, 578.4693603515625, 50.64472961425781)","(-0.9334547519683838, -0.9334703087806702, 0.9273976683616638, 0.9270532131195068)",88.2,1765211593.8198512
3197,"(1056.5928955078125, 517.7196044921875, 604.430419921875, 52.123477935791016)","(-0.9347546696662903, -0.9353073835372925, 0.9286919236183167, 0.9288859963417053)",88.2,1765211594.0349336
3198,"(1039.43017578125, 529.1458740234375, 624.4998779296875, 53.340484619140625)","(-0.9371159672737122, -0.9370189905166626, 0.9875764846801758, 0.9308263063430786)",88.2,1765211594.2531536
3199,"(1069.318359375, 531.301025390625, 624.788330078125, 51.037208557128906)","(-0.9390151500701904, -0.9389723539352417, 0.9312304258346558, 0.9323476552963257)",88.2,1765211594.468307
